id,url_id,user_id,event_type,timestamp,details
1,1,1,created,2025-01-01 04:56:22,"{""short_code"":""FzySkw"",""original_url"":""https://hackstack.io/ivory/uplink/1""}"
2,2,217,created,2026-01-08 15:07:03,"{""short_code"":""sR2EFO"",""original_url"":""https://hackstack.io/amber/meadow/2""}"
3,3,287,created,2025-10-22 14:58:58,"{""short_code"":""1L7oJT"",""original_url"":""https://hackstack.io/dawn/window/3""}"
4,4,357,created,2025-12-09 14:21:57,"{""short_code"":""ZecICd"",""original_url"":""https://example.com/harbor/garden/4""}"
5,5,155,created,2025-03-18 23:24:01,"{""short_code"":""ulwBUV"",""original_url"":""https://example.com/calm/valley/5""}"
6,6,371,created,2025-08-04 22:50:10,"{""short_code"":""fifTgT"",""original_url"":""https://acme.dev/keen/engine/6""}"
7,7,352,created,2025-04-08 21:12:07,"{""short_code"":""saFyKt"",""original_url"":""https://example.com/warm/river/7""}"
8,8,178,created,2025-07-02 22:41:35,"{""short_code"":""qexd9e"",""original_url"":""https://acme.dev/ember/anchor/8""}"
9,9,214,created,2025-10-17 20:37:23,"{""short_code"":""WMcsvZ"",""original_url"":""https://seeded.app/warm/uplink/9""}"
10,10,253,created,2025-03-09 22:33:37,"{""short_code"":""MKu6nH"",""original_url"":""https://relay.cloud/harbor/journey/10""}"
11,11,155,created,2025-09-13 22:53:04,"{""short_code"":""rqWMKj"",""original_url"":""https://relay.cloud/cobalt/valley/11""}"
12,12,239,created,2025-01-16 19:31:54,"{""short_code"":""NKo9ee"",""original_url"":""https://seeded.app/ember/river/12""}"
13,13,70,created,2025-07-24 21:47:22,"{""short_code"":""04PeSP"",""original_url"":""https://relay.cloud/brisk/garden/13""}"
14,14,138,created,2025-01-08 07:01:58,"{""short_code"":""ZwPvqC"",""original_url"":""https://opswise.net/cobalt/trail/14""}"
15,15,378,created,2026-01-31 08:08:22,"{""short_code"":""K0H9d2"",""original_url"":""https://example.com/urban/island/15""}"
16,16,148,created,2025-11-28 02:21:10,"{""short_code"":""rDUZ7K"",""original_url"":""https://relay.cloud/forest/pioneer/16""}"
17,17,66,created,2025-04-02 10:21:06,"{""short_code"":""RAXWtJ"",""original_url"":""https://seeded.app/keen/trail/17""}"
18,18,245,created,2025-11-10 06:28:32,"{""short_code"":""mFZJzN"",""original_url"":""https://relay.cloud/dawn/anchor/18""}"
19,19,328,created,2026-02-04 22:53:40,"{""short_code"":""GSnnud"",""original_url"":""https://opswise.net/navy/harvest/19""}"
20,20,24,created,2025-06-29 04:17:41,"{""short_code"":""oGHVFC"",""original_url"":""https://seeded.app/rapid/river/20""}"
21,21,84,created,2025-09-10 02:31:08,"{""short_code"":""Sizevt"",""original_url"":""https://relay.cloud/dawn/orbit/21""}"
22,22,164,created,2025-01-19 13:43:00,"{""short_code"":""DYzoC4"",""original_url"":""https://example.com/jade/journey/22""}"
23,23,253,created,2025-02-07 07:51:59,"{""short_code"":""vMy1xa"",""original_url"":""https://hackstack.io/forest/signal/23""}"
24,24,334,created,2025-02-25 16:11:49,"{""short_code"":""LvgR4F"",""original_url"":""https://seeded.app/ivory/island/24""}"
25,25,151,created,2025-09-13 02:51:37,"{""short_code"":""VbGbed"",""original_url"":""https://opswise.net/clear/river/25""}"
26,26,149,created,2026-01-10 13:31:14,"{""short_code"":""7BaOsU"",""original_url"":""https://seeded.app/rapid/journey/26""}"
27,27,234,created,2025-05-01 12:40:24,"{""short_code"":""IiMrOw"",""original_url"":""https://opswise.net/proud/uplink/27""}"
28,28,25,created,2025-06-14 13:30:27,"{""short_code"":""kIzZAc"",""original_url"":""https://acme.dev/jade/uplink/28""}"
29,29,33,created,2025-01-20 08:40:37,"{""short_code"":""PIhgls"",""original_url"":""https://relay.cloud/clear/journey/29""}"
30,30,48,created,2026-02-06 22:16:34,"{""short_code"":""FhQZaY"",""original_url"":""https://relay.cloud/proud/orbit/30""}"
31,31,203,created,2025-10-06 04:09:07,"{""short_code"":""b8R05K"",""original_url"":""https://opswise.net/rapid/harvest/31""}"
32,32,269,created,2026-01-15 07:14:45,"{""short_code"":""DNzlkx"",""original_url"":""https://hackstack.io/rapid/network/32""}"
33,33,153,created,2025-08-31 08:25:33,"{""short_code"":""EhBkyt"",""original_url"":""https://relay.cloud/jade/uplink/33""}"
34,34,192,created,2025-04-04 14:14:50,"{""short_code"":""uO93kN"",""original_url"":""https://hackstack.io/vivid/window/34""}"
35,35,99,created,2025-05-09 19:20:19,"{""short_code"":""7EHP02"",""original_url"":""https://hackstack.io/calm/beacon/35""}"
36,36,352,created,2025-05-06 17:17:56,"{""short_code"":""IfFfmW"",""original_url"":""https://example.com/brisk/beacon/36""}"
37,37,344,created,2025-05-16 07:12:00,"{""short_code"":""GJYgQq"",""original_url"":""https://relay.cloud/vivid/engine/37""}"
38,38,113,created,2025-07-30 10:11:37,"{""short_code"":""OvLvGV"",""original_url"":""https://opswise.net/jade/canyon/38""}"
39,39,379,created,2025-01-30 14:28:51,"{""short_code"":""GunMLI"",""original_url"":""https://opswise.net/brisk/quartz/39""}"
40,40,286,created,2025-02-11 02:03:38,"{""short_code"":""dW97O5"",""original_url"":""https://example.com/jade/kernel/40""}"
41,41,156,created,2025-12-08 22:26:02,"{""short_code"":""xkpJFr"",""original_url"":""https://acme.dev/rapid/garden/41""}"
42,42,176,created,2025-05-16 16:49:58,"{""short_code"":""POcIcm"",""original_url"":""https://hackstack.io/amber/zenith/42""}"
43,43,336,created,2025-06-27 16:01:42,"{""short_code"":""06Z9Y3"",""original_url"":""https://acme.dev/opal/pioneer/43""}"
44,44,47,created,2025-03-17 10:07:06,"{""short_code"":""gembTu"",""original_url"":""https://opswise.net/amber/network/44""}"
45,45,235,created,2026-01-11 20:52:05,"{""short_code"":""hU7iyo"",""original_url"":""https://example.com/ember/signal/45""}"
46,46,92,created,2025-07-29 22:02:56,"{""short_code"":""wTsfG4"",""original_url"":""https://hackstack.io/rapid/journey/46""}"
47,47,227,created,2025-02-03 01:21:58,"{""short_code"":""tLDvrn"",""original_url"":""https://acme.dev/clear/delta/47""}"
48,48,156,created,2025-08-09 02:15:59,"{""short_code"":""m5Nd3x"",""original_url"":""https://example.com/cobalt/window/48""}"
49,49,381,created,2025-03-27 01:52:46,"{""short_code"":""VGXsGX"",""original_url"":""https://seeded.app/silver/delta/49""}"
50,50,311,created,2025-10-18 10:26:43,"{""short_code"":""5i5UbH"",""original_url"":""https://example.com/quiet/field/50""}"
51,51,388,created,2025-10-07 01:29:42,"{""short_code"":""1zAeWi"",""original_url"":""https://acme.dev/silver/meadow/51""}"
52,52,239,created,2025-03-21 04:08:44,"{""short_code"":""uiCYVS"",""original_url"":""https://example.com/proud/lagoon/52""}"
53,53,251,created,2025-08-10 07:01:57,"{""short_code"":""o2rq8w"",""original_url"":""https://relay.cloud/gold/zenith/53""}"
54,54,249,created,2025-05-31 22:51:21,"{""short_code"":""Vj08C5"",""original_url"":""https://relay.cloud/brisk/quartz/54""}"
55,55,212,created,2025-05-18 16:10:29,"{""short_code"":""apd7cW"",""original_url"":""https://hackstack.io/mellow/kernel/55""}"
56,56,244,created,2025-11-11 20:49:16,"{""short_code"":""dNNCBx"",""original_url"":""https://example.com/ember/anchor/56""}"
57,57,343,created,2025-09-18 17:23:07,"{""short_code"":""yATbdT"",""original_url"":""https://seeded.app/lively/garden/57""}"
58,58,280,created,2025-05-08 15:11:39,"{""short_code"":""5kLCfy"",""original_url"":""https://opswise.net/dawn/yard/58""}"
59,59,308,created,2025-02-06 23:24:48,"{""short_code"":""LXYRgx"",""original_url"":""https://example.com/keen/pioneer/59""}"
60,60,339,created,2025-06-02 17:07:43,"{""short_code"":""dWBmWZ"",""original_url"":""https://hackstack.io/jade/meadow/60""}"
61,61,113,created,2025-02-15 23:45:16,"{""short_code"":""WJ1Y4k"",""original_url"":""https://seeded.app/silver/garden/61""}"
62,62,10,created,2025-05-16 20:48:25,"{""short_code"":""BOv8CG"",""original_url"":""https://seeded.app/harbor/yard/62""}"
63,63,326,created,2025-10-26 08:56:46,"{""short_code"":""1rrWQN"",""original_url"":""https://relay.cloud/tidy/window/63""}"
64,64,301,created,2025-06-14 12:29:45,"{""short_code"":""ydCTRq"",""original_url"":""https://seeded.app/proud/delta/64""}"
65,65,373,created,2025-05-28 06:09:32,"{""short_code"":""r7jBkl"",""original_url"":""https://relay.cloud/opal/anchor/65""}"
66,66,26,created,2025-11-18 13:09:41,"{""short_code"":""28nsMT"",""original_url"":""https://relay.cloud/rapid/delta/66""}"
67,67,323,created,2025-06-23 00:11:51,"{""short_code"":""fhHiLi"",""original_url"":""https://example.com/keen/quartz/67""}"
68,68,387,created,2025-06-18 02:13:02,"{""short_code"":""F6OLle"",""original_url"":""https://seeded.app/mellow/uplink/68""}"
69,69,373,created,2025-04-25 00:26:44,"{""short_code"":""MZz0GV"",""original_url"":""https://example.com/calm/yard/69""}"
70,70,378,created,2025-01-27 04:15:47,"{""short_code"":""gmvH4v"",""original_url"":""https://acme.dev/cobalt/valley/70""}"
71,71,69,created,2025-01-19 23:10:44,"{""short_code"":""U3kChV"",""original_url"":""https://relay.cloud/cobalt/kernel/71""}"
72,72,255,created,2025-01-13 13:15:54,"{""short_code"":""S2E54w"",""original_url"":""https://hackstack.io/warm/uplink/72""}"
73,73,21,created,2026-02-12 20:52:08,"{""short_code"":""aZJ9W0"",""original_url"":""https://example.com/gold/kernel/73""}"
74,74,268,created,2025-09-18 18:28:59,"{""short_code"":""IAQw1i"",""original_url"":""https://opswise.net/proud/zenith/74""}"
75,75,282,created,2025-12-11 20:26:55,"{""short_code"":""HJ60XX"",""original_url"":""https://acme.dev/vivid/trail/75""}"
76,76,391,created,2025-02-07 10:14:00,"{""short_code"":""pjRAXr"",""original_url"":""https://opswise.net/dawn/meadow/76""}"
77,77,382,created,2025-05-17 05:25:50,"{""short_code"":""IEjdEL"",""original_url"":""https://acme.dev/ivory/network/77""}"
78,78,92,created,2025-05-12 22:56:43,"{""short_code"":""giq8AI"",""original_url"":""https://relay.cloud/quiet/delta/78""}"
79,79,186,created,2025-04-30 22:30:58,"{""short_code"":""HkfUVB"",""original_url"":""https://acme.dev/tidy/quartz/79""}"
80,80,376,created,2025-08-31 15:03:18,"{""short_code"":""aZE7x1"",""original_url"":""https://example.com/harbor/river/80""}"
81,81,141,created,2025-03-24 12:30:39,"{""short_code"":""cnTe0i"",""original_url"":""https://example.com/ember/uplink/81""}"
82,82,97,created,2025-07-29 09:15:04,"{""short_code"":""XFR34V"",""original_url"":""https://example.com/navy/pioneer/82""}"
83,83,358,created,2025-09-09 17:23:38,"{""short_code"":""WeapMb"",""original_url"":""https://relay.cloud/urban/window/83""}"
84,84,29,created,2025-02-04 12:36:51,"{""short_code"":""XOcH7Z"",""original_url"":""https://relay.cloud/tidy/delta/84""}"
85,85,325,created,2025-01-03 11:12:52,"{""short_code"":""TMSeRP"",""original_url"":""https://hackstack.io/silver/trail/85""}"
86,86,125,created,2025-06-19 08:45:41,"{""short_code"":""atb24p"",""original_url"":""https://opswise.net/silver/lagoon/86""}"
87,87,258,created,2025-07-17 03:04:35,"{""short_code"":""D0jEAH"",""original_url"":""https://seeded.app/tidy/journey/87""}"
88,88,99,created,2025-06-02 07:00:44,"{""short_code"":""IcqDp7"",""original_url"":""https://seeded.app/proud/island/88""}"
89,89,55,created,2026-02-11 04:09:20,"{""short_code"":""9YJbRB"",""original_url"":""https://example.com/navy/pioneer/89""}"
90,90,373,created,2025-08-15 13:42:03,"{""short_code"":""dpE291"",""original_url"":""https://relay.cloud/calm/beacon/90""}"
91,91,355,created,2025-07-24 09:08:16,"{""short_code"":""RbXj92"",""original_url"":""https://opswise.net/tidy/quartz/91""}"
92,92,335,created,2025-05-25 19:59:25,"{""short_code"":""NWjAwa"",""original_url"":""https://example.com/amber/yard/92""}"
93,93,347,created,2025-09-20 13:11:22,"{""short_code"":""EjgPh9"",""original_url"":""https://example.com/ember/valley/93""}"
94,94,92,created,2025-01-12 07:46:03,"{""short_code"":""YjSSaB"",""original_url"":""https://acme.dev/vivid/quartz/94""}"
95,95,71,created,2025-01-06 13:05:30,"{""short_code"":""sHjAaU"",""original_url"":""https://opswise.net/silver/trail/95""}"
96,96,93,created,2025-10-28 11:24:42,"{""short_code"":""I8XqCl"",""original_url"":""https://hackstack.io/gold/yard/96""}"
97,97,94,created,2025-06-25 03:59:25,"{""short_code"":""jziRyu"",""original_url"":""https://opswise.net/proud/network/97""}"
98,98,101,created,2025-11-26 01:48:21,"{""short_code"":""wbNz38"",""original_url"":""https://acme.dev/amber/yard/98""}"
99,99,220,created,2025-09-05 21:28:13,"{""short_code"":""jm6Q7O"",""original_url"":""https://hackstack.io/lively/canyon/99""}"
100,100,197,created,2025-03-15 16:39:33,"{""short_code"":""3qauhO"",""original_url"":""https://example.com/quiet/network/100""}"
101,101,52,created,2025-09-17 10:26:30,"{""short_code"":""lVktX3"",""original_url"":""https://example.com/tidy/valley/101""}"
102,102,315,created,2025-05-03 05:12:17,"{""short_code"":""kmLWkX"",""original_url"":""https://opswise.net/tidy/network/102""}"
103,103,271,created,2025-11-01 01:19:46,"{""short_code"":""5POoZs"",""original_url"":""https://opswise.net/ivory/field/103""}"
104,104,99,created,2025-04-28 18:03:28,"{""short_code"":""8Uql48"",""original_url"":""https://example.com/gold/canyon/104""}"
105,105,78,created,2025-07-09 13:24:45,"{""short_code"":""TQlRFz"",""original_url"":""https://relay.cloud/proud/harvest/105""}"
106,106,141,created,2025-10-23 09:46:27,"{""short_code"":""YAOqYN"",""original_url"":""https://seeded.app/gold/journey/106""}"
107,107,127,created,2025-12-11 18:50:41,"{""short_code"":""2r9USW"",""original_url"":""https://opswise.net/navy/journey/107""}"
108,108,357,created,2025-10-07 10:07:57,"{""short_code"":""XYk0MZ"",""original_url"":""https://example.com/vivid/quartz/108""}"
109,109,114,created,2025-10-10 15:06:07,"{""short_code"":""PzSwHL"",""original_url"":""https://hackstack.io/silver/signal/109""}"
110,110,6,created,2026-01-09 11:57:24,"{""short_code"":""C5Veei"",""original_url"":""https://relay.cloud/harbor/field/110""}"
111,111,253,created,2025-11-12 23:06:55,"{""short_code"":""s4yhc7"",""original_url"":""https://example.com/brisk/river/111""}"
112,112,366,created,2025-03-25 18:58:38,"{""short_code"":""k4tP7h"",""original_url"":""https://relay.cloud/gold/signal/112""}"
113,113,96,created,2025-08-07 01:04:10,"{""short_code"":""3X10VX"",""original_url"":""https://opswise.net/cobalt/trail/113""}"
114,114,63,created,2026-01-06 10:45:36,"{""short_code"":""d1VyR8"",""original_url"":""https://relay.cloud/ember/meadow/114""}"
115,115,339,created,2025-07-21 01:10:43,"{""short_code"":""MtSbvn"",""original_url"":""https://seeded.app/jade/kernel/115""}"
116,116,183,created,2026-01-12 23:16:29,"{""short_code"":""ojhS2r"",""original_url"":""https://relay.cloud/warm/lagoon/116""}"
117,117,19,created,2025-08-26 06:27:13,"{""short_code"":""rhxCx5"",""original_url"":""https://seeded.app/proud/beacon/117""}"
118,118,195,created,2025-02-28 20:49:39,"{""short_code"":""hDgDpw"",""original_url"":""https://hackstack.io/cobalt/trail/118""}"
119,119,192,created,2025-12-22 17:29:10,"{""short_code"":""F25Q2N"",""original_url"":""https://example.com/jade/quartz/119""}"
120,120,369,created,2025-02-27 02:53:32,"{""short_code"":""xOaPRz"",""original_url"":""https://relay.cloud/rapid/window/120""}"
121,121,229,created,2025-07-18 12:28:35,"{""short_code"":""58ATJv"",""original_url"":""https://relay.cloud/keen/harvest/121""}"
122,122,240,created,2025-04-08 12:01:39,"{""short_code"":""0Y8HLj"",""original_url"":""https://opswise.net/dawn/window/122""}"
123,123,289,created,2025-12-26 09:42:42,"{""short_code"":""SklJxh"",""original_url"":""https://relay.cloud/keen/network/123""}"
124,124,60,created,2025-04-02 05:29:56,"{""short_code"":""515YU2"",""original_url"":""https://acme.dev/young/pioneer/124""}"
125,125,76,created,2026-02-15 17:47:40,"{""short_code"":""Ksy37y"",""original_url"":""https://hackstack.io/dawn/island/125""}"
126,126,116,created,2025-04-05 05:05:26,"{""short_code"":""SjvpHL"",""original_url"":""https://relay.cloud/ember/zenith/126""}"
127,127,285,created,2025-08-22 11:22:17,"{""short_code"":""dpSjqE"",""original_url"":""https://example.com/vivid/lagoon/127""}"
128,128,10,created,2025-11-15 01:52:05,"{""short_code"":""IlKbCs"",""original_url"":""https://example.com/opal/engine/128""}"
129,129,84,created,2025-04-11 15:04:47,"{""short_code"":""YPTDAY"",""original_url"":""https://opswise.net/clear/canyon/129""}"
130,130,98,created,2025-05-17 12:26:44,"{""short_code"":""9udd9L"",""original_url"":""https://opswise.net/dawn/kernel/130""}"
131,131,386,created,2025-04-04 14:10:26,"{""short_code"":""3CTbpw"",""original_url"":""https://relay.cloud/quiet/uplink/131""}"
132,132,226,created,2026-01-26 13:10:23,"{""short_code"":""MLrcFQ"",""original_url"":""https://acme.dev/jade/harvest/132""}"
133,133,391,created,2025-03-26 22:50:55,"{""short_code"":""cn90Ea"",""original_url"":""https://opswise.net/proud/anchor/133""}"
134,134,339,created,2025-05-14 11:17:00,"{""short_code"":""TMbr9F"",""original_url"":""https://seeded.app/harbor/island/134""}"
135,135,70,created,2025-09-15 22:18:08,"{""short_code"":""Tx02u7"",""original_url"":""https://example.com/keen/kernel/135""}"
136,136,189,created,2025-01-30 12:47:17,"{""short_code"":""PtBtEp"",""original_url"":""https://opswise.net/quiet/window/136""}"
137,137,72,created,2025-05-19 13:07:29,"{""short_code"":""TzrPH1"",""original_url"":""https://hackstack.io/young/zenith/137""}"
138,138,323,created,2025-08-17 10:09:02,"{""short_code"":""83yWfQ"",""original_url"":""https://hackstack.io/dawn/window/138""}"
139,139,299,created,2025-09-03 19:20:39,"{""short_code"":""PbgJEl"",""original_url"":""https://relay.cloud/young/zenith/139""}"
140,140,257,created,2025-12-10 03:19:54,"{""short_code"":""BPrj9y"",""original_url"":""https://hackstack.io/silver/island/140""}"
141,141,114,created,2025-11-06 01:42:16,"{""short_code"":""APWB58"",""original_url"":""https://seeded.app/keen/anchor/141""}"
142,142,231,created,2025-12-04 01:50:02,"{""short_code"":""2jL7Mg"",""original_url"":""https://relay.cloud/ember/engine/142""}"
143,143,230,created,2025-07-16 05:45:32,"{""short_code"":""Nv2dNj"",""original_url"":""https://relay.cloud/warm/garden/143""}"
144,144,36,created,2025-11-04 05:54:36,"{""short_code"":""G3nhYV"",""original_url"":""https://opswise.net/proud/trail/144""}"
145,145,195,created,2026-02-15 17:45:11,"{""short_code"":""bgwvAH"",""original_url"":""https://relay.cloud/mellow/window/145""}"
146,146,176,created,2025-08-14 03:59:54,"{""short_code"":""ECiOlz"",""original_url"":""https://example.com/urban/trail/146""}"
147,147,138,created,2025-06-09 22:50:09,"{""short_code"":""MehtaR"",""original_url"":""https://example.com/brisk/meadow/147""}"
148,148,237,created,2025-02-14 04:34:25,"{""short_code"":""5g7SJp"",""original_url"":""https://acme.dev/mellow/network/148""}"
149,149,370,created,2025-12-27 12:09:29,"{""short_code"":""6kXLI9"",""original_url"":""https://hackstack.io/tidy/signal/149""}"
150,150,312,created,2026-01-18 05:08:48,"{""short_code"":""QigMby"",""original_url"":""https://opswise.net/forest/lagoon/150""}"
151,151,275,created,2025-02-07 22:18:54,"{""short_code"":""OglRok"",""original_url"":""https://relay.cloud/proud/kernel/151""}"
152,152,363,created,2025-11-16 12:33:16,"{""short_code"":""eH7G5Y"",""original_url"":""https://relay.cloud/young/lagoon/152""}"
153,153,134,created,2025-06-19 22:57:36,"{""short_code"":""qCaWLA"",""original_url"":""https://hackstack.io/keen/river/153""}"
154,154,98,created,2025-10-10 00:25:27,"{""short_code"":""YJT6pI"",""original_url"":""https://seeded.app/quiet/engine/154""}"
155,155,260,created,2025-01-21 10:55:18,"{""short_code"":""S4nd4S"",""original_url"":""https://hackstack.io/keen/lagoon/155""}"
156,156,290,created,2025-12-12 05:23:11,"{""short_code"":""OQZk6r"",""original_url"":""https://hackstack.io/clear/delta/156""}"
157,157,181,created,2025-01-15 21:36:07,"{""short_code"":""UrYXmG"",""original_url"":""https://seeded.app/jade/pioneer/157""}"
158,158,250,created,2025-05-12 06:43:47,"{""short_code"":""tOocDy"",""original_url"":""https://hackstack.io/navy/delta/158""}"
159,159,55,created,2025-11-06 20:41:18,"{""short_code"":""rXLbSi"",""original_url"":""https://acme.dev/forest/river/159""}"
160,160,294,created,2025-02-08 16:41:32,"{""short_code"":""PZhoTQ"",""original_url"":""https://relay.cloud/dawn/kernel/160""}"
161,161,344,created,2026-01-30 21:22:42,"{""short_code"":""lhu6tR"",""original_url"":""https://acme.dev/mellow/garden/161""}"
162,162,141,created,2025-12-27 06:18:40,"{""short_code"":""WOjR2k"",""original_url"":""https://relay.cloud/warm/valley/162""}"
163,163,69,created,2025-02-12 04:54:51,"{""short_code"":""GGWOvz"",""original_url"":""https://seeded.app/urban/field/163""}"
164,164,385,created,2026-01-02 10:54:27,"{""short_code"":""ZEYrvE"",""original_url"":""https://opswise.net/warm/journey/164""}"
165,165,85,created,2025-02-10 15:30:55,"{""short_code"":""DbEGCG"",""original_url"":""https://acme.dev/silver/anchor/165""}"
166,166,281,created,2025-12-07 01:22:25,"{""short_code"":""zhr68o"",""original_url"":""https://example.com/mellow/meadow/166""}"
167,167,333,created,2025-04-11 02:16:57,"{""short_code"":""eCwgkx"",""original_url"":""https://example.com/rapid/field/167""}"
168,168,352,created,2025-11-13 22:21:30,"{""short_code"":""SCZCW7"",""original_url"":""https://acme.dev/keen/trail/168""}"
169,169,48,created,2025-08-19 16:45:41,"{""short_code"":""MLLXv6"",""original_url"":""https://example.com/proud/engine/169""}"
170,170,18,created,2025-01-01 11:50:11,"{""short_code"":""Cftf1u"",""original_url"":""https://acme.dev/mellow/island/170""}"
171,171,42,created,2025-08-01 23:31:05,"{""short_code"":""qQm7Kz"",""original_url"":""https://hackstack.io/brisk/delta/171""}"
172,172,183,created,2025-01-26 23:04:11,"{""short_code"":""zXHZCo"",""original_url"":""https://example.com/tidy/kernel/172""}"
173,173,96,created,2025-01-20 15:49:18,"{""short_code"":""ARZgSv"",""original_url"":""https://example.com/calm/signal/173""}"
174,174,302,created,2026-01-22 19:54:42,"{""short_code"":""3MHfmx"",""original_url"":""https://example.com/cobalt/engine/174""}"
175,175,320,created,2025-04-29 23:59:06,"{""short_code"":""9W30qo"",""original_url"":""https://acme.dev/lively/garden/175""}"
176,176,12,created,2025-12-02 07:32:03,"{""short_code"":""w22ECN"",""original_url"":""https://hackstack.io/young/garden/176""}"
177,177,303,created,2025-10-22 19:03:38,"{""short_code"":""96XHRu"",""original_url"":""https://example.com/harbor/quartz/177""}"
178,178,331,created,2025-08-05 17:33:39,"{""short_code"":""CwX1pt"",""original_url"":""https://example.com/ivory/valley/178""}"
179,179,116,created,2025-10-17 09:17:58,"{""short_code"":""8vDgWI"",""original_url"":""https://example.com/keen/journey/179""}"
180,180,327,created,2025-08-02 04:53:48,"{""short_code"":""roFMxf"",""original_url"":""https://acme.dev/vivid/uplink/180""}"
181,181,314,created,2025-12-04 15:03:43,"{""short_code"":""nE8bwL"",""original_url"":""https://seeded.app/urban/river/181""}"
182,182,38,created,2025-10-23 08:24:55,"{""short_code"":""SkLtFJ"",""original_url"":""https://example.com/warm/island/182""}"
183,183,256,created,2025-10-16 18:10:03,"{""short_code"":""PwjTtx"",""original_url"":""https://hackstack.io/young/meadow/183""}"
184,184,37,created,2026-02-16 13:40:30,"{""short_code"":""4l8q58"",""original_url"":""https://hackstack.io/ember/garden/184""}"
185,185,82,created,2026-02-09 16:56:24,"{""short_code"":""3YoUug"",""original_url"":""https://seeded.app/jade/delta/185""}"
186,186,355,created,2026-01-11 23:51:03,"{""short_code"":""Xu4JWa"",""original_url"":""https://relay.cloud/lively/quartz/186""}"
187,187,381,created,2025-02-22 22:45:52,"{""short_code"":""ZFQkH0"",""original_url"":""https://opswise.net/rapid/meadow/187""}"
188,188,119,created,2026-01-11 06:11:15,"{""short_code"":""1p8C6F"",""original_url"":""https://acme.dev/young/pioneer/188""}"
189,189,365,created,2025-03-22 13:22:07,"{""short_code"":""xDtGDt"",""original_url"":""https://example.com/rapid/yard/189""}"
190,190,332,created,2025-12-04 07:47:02,"{""short_code"":""f8uQ4G"",""original_url"":""https://relay.cloud/warm/trail/190""}"
191,191,389,created,2025-10-03 22:25:35,"{""short_code"":""6oA0nN"",""original_url"":""https://acme.dev/calm/network/191""}"
192,192,255,created,2025-11-13 19:52:38,"{""short_code"":""DfncPN"",""original_url"":""https://seeded.app/ivory/lagoon/192""}"
193,193,366,created,2025-06-09 16:48:58,"{""short_code"":""FSxY9V"",""original_url"":""https://relay.cloud/clear/meadow/193""}"
194,194,400,created,2025-12-17 05:09:19,"{""short_code"":""mchCMD"",""original_url"":""https://opswise.net/opal/quartz/194""}"
195,195,82,created,2025-01-20 17:28:40,"{""short_code"":""m0GGBY"",""original_url"":""https://opswise.net/jade/island/195""}"
196,196,390,created,2025-10-13 07:56:13,"{""short_code"":""EUNSf1"",""original_url"":""https://example.com/calm/anchor/196""}"
197,197,6,created,2025-01-19 03:04:36,"{""short_code"":""57lDZ1"",""original_url"":""https://example.com/forest/anchor/197""}"
198,198,171,created,2025-03-09 03:08:11,"{""short_code"":""JMvHmc"",""original_url"":""https://hackstack.io/urban/delta/198""}"
199,199,135,created,2025-08-10 15:47:14,"{""short_code"":""nX7X2E"",""original_url"":""https://acme.dev/dawn/network/199""}"
200,200,362,created,2025-07-30 23:39:04,"{""short_code"":""ZmDBCf"",""original_url"":""https://acme.dev/harbor/pioneer/200""}"
201,201,153,created,2025-08-05 05:52:14,"{""short_code"":""BslSXS"",""original_url"":""https://opswise.net/proud/zenith/201""}"
202,202,134,created,2025-02-19 14:49:16,"{""short_code"":""YyUewR"",""original_url"":""https://seeded.app/cobalt/trail/202""}"
203,203,273,created,2025-10-30 05:33:16,"{""short_code"":""mWcgMo"",""original_url"":""https://opswise.net/quiet/network/203""}"
204,204,217,created,2026-01-28 20:02:37,"{""short_code"":""Fl5FKE"",""original_url"":""https://opswise.net/amber/island/204""}"
205,205,164,created,2025-10-18 13:26:09,"{""short_code"":""Pn8MDu"",""original_url"":""https://seeded.app/rapid/lagoon/205""}"
206,206,89,created,2026-01-26 01:25:26,"{""short_code"":""Y4nHzG"",""original_url"":""https://acme.dev/mellow/garden/206""}"
207,207,241,created,2026-01-01 21:34:35,"{""short_code"":""bxPp5d"",""original_url"":""https://hackstack.io/amber/island/207""}"
208,208,326,created,2025-09-30 16:53:39,"{""short_code"":""uMmp1K"",""original_url"":""https://opswise.net/mellow/trail/208""}"
209,209,341,created,2025-09-09 00:45:10,"{""short_code"":""T0Q7IL"",""original_url"":""https://opswise.net/forest/delta/209""}"
210,210,181,created,2026-02-12 23:06:17,"{""short_code"":""ppMef6"",""original_url"":""https://seeded.app/rapid/quartz/210""}"
211,211,14,created,2025-04-26 08:40:45,"{""short_code"":""KAy5XK"",""original_url"":""https://opswise.net/quiet/orbit/211""}"
212,212,88,created,2025-01-02 02:02:57,"{""short_code"":""hT31bq"",""original_url"":""https://example.com/dawn/field/212""}"
213,213,25,created,2025-06-03 01:38:23,"{""short_code"":""DVk0wc"",""original_url"":""https://example.com/keen/yard/213""}"
214,214,288,created,2025-06-08 13:55:59,"{""short_code"":""w2Gj4A"",""original_url"":""https://acme.dev/urban/orbit/214""}"
215,215,207,created,2025-09-17 14:10:35,"{""short_code"":""frFbql"",""original_url"":""https://acme.dev/urban/network/215""}"
216,216,88,created,2025-07-13 14:06:16,"{""short_code"":""oNURmE"",""original_url"":""https://relay.cloud/young/kernel/216""}"
217,217,34,created,2025-10-02 03:06:05,"{""short_code"":""dEAiiZ"",""original_url"":""https://opswise.net/opal/journey/217""}"
218,218,265,created,2025-04-10 11:32:03,"{""short_code"":""YtECXC"",""original_url"":""https://hackstack.io/tidy/trail/218""}"
219,219,340,created,2026-02-12 14:01:07,"{""short_code"":""61QAbJ"",""original_url"":""https://opswise.net/ivory/kernel/219""}"
220,220,8,created,2025-01-03 01:46:58,"{""short_code"":""Iz2Ztu"",""original_url"":""https://acme.dev/quiet/window/220""}"
221,221,305,created,2025-06-28 18:11:24,"{""short_code"":""YKrSI1"",""original_url"":""https://acme.dev/rapid/beacon/221""}"
222,222,76,created,2025-09-21 19:11:42,"{""short_code"":""pALa6V"",""original_url"":""https://hackstack.io/jade/orbit/222""}"
223,223,315,created,2025-09-26 08:59:44,"{""short_code"":""MsKcQc"",""original_url"":""https://example.com/gold/network/223""}"
224,224,340,created,2025-07-28 23:45:08,"{""short_code"":""Hev2yI"",""original_url"":""https://hackstack.io/silver/garden/224""}"
225,225,259,created,2025-03-01 00:34:22,"{""short_code"":""THQlOV"",""original_url"":""https://acme.dev/brisk/lagoon/225""}"
226,226,222,created,2025-09-04 10:47:15,"{""short_code"":""4Fci6a"",""original_url"":""https://hackstack.io/jade/orbit/226""}"
227,227,12,created,2025-12-03 02:30:13,"{""short_code"":""38427W"",""original_url"":""https://seeded.app/mellow/beacon/227""}"
228,228,1,created,2025-12-12 08:34:47,"{""short_code"":""6N5q9y"",""original_url"":""https://relay.cloud/mellow/canyon/228""}"
229,229,355,created,2025-05-17 01:02:23,"{""short_code"":""trwtfI"",""original_url"":""https://acme.dev/clear/uplink/229""}"
230,230,5,created,2025-02-11 17:18:57,"{""short_code"":""axSGCN"",""original_url"":""https://example.com/forest/quartz/230""}"
231,231,225,created,2026-01-04 11:24:31,"{""short_code"":""03sa6f"",""original_url"":""https://opswise.net/lively/uplink/231""}"
232,232,268,created,2025-06-22 14:06:27,"{""short_code"":""R9hT0o"",""original_url"":""https://example.com/ivory/journey/232""}"
233,233,296,created,2026-02-09 23:41:52,"{""short_code"":""CzOBAA"",""original_url"":""https://opswise.net/warm/kernel/233""}"
234,234,9,created,2025-06-27 23:34:45,"{""short_code"":""tGqlTS"",""original_url"":""https://acme.dev/calm/garden/234""}"
235,235,241,created,2025-05-21 04:03:32,"{""short_code"":""1YBu7v"",""original_url"":""https://relay.cloud/warm/engine/235""}"
236,236,140,created,2025-06-12 06:02:18,"{""short_code"":""WPNO2T"",""original_url"":""https://hackstack.io/urban/river/236""}"
237,237,105,created,2025-10-24 15:31:32,"{""short_code"":""gg1tLr"",""original_url"":""https://example.com/silver/orbit/237""}"
238,238,187,created,2025-02-27 12:13:08,"{""short_code"":""2mNoQ2"",""original_url"":""https://example.com/gold/zenith/238""}"
239,239,183,created,2025-11-12 17:07:46,"{""short_code"":""hzG6VS"",""original_url"":""https://hackstack.io/proud/river/239""}"
240,240,299,created,2025-02-04 19:54:54,"{""short_code"":""EKTTwG"",""original_url"":""https://hackstack.io/gold/trail/240""}"
241,241,36,created,2026-01-22 12:13:20,"{""short_code"":""pSxTf6"",""original_url"":""https://acme.dev/clear/field/241""}"
242,242,145,created,2025-03-07 03:05:31,"{""short_code"":""stWqvL"",""original_url"":""https://opswise.net/ivory/journey/242""}"
243,243,209,created,2026-01-25 08:41:58,"{""short_code"":""bsNuCZ"",""original_url"":""https://hackstack.io/lively/meadow/243""}"
244,244,170,created,2025-02-05 21:39:39,"{""short_code"":""j0nVmJ"",""original_url"":""https://opswise.net/young/yard/244""}"
245,245,241,created,2025-07-27 00:21:30,"{""short_code"":""EirLgt"",""original_url"":""https://hackstack.io/cobalt/network/245""}"
246,246,397,created,2025-10-24 08:35:02,"{""short_code"":""pbxCSo"",""original_url"":""https://seeded.app/jade/network/246""}"
247,247,84,created,2025-04-28 05:58:23,"{""short_code"":""Xwy4hn"",""original_url"":""https://opswise.net/navy/harvest/247""}"
248,248,370,created,2025-07-04 08:44:54,"{""short_code"":""MV9Dfu"",""original_url"":""https://acme.dev/gold/engine/248""}"
249,249,90,created,2025-05-26 23:48:38,"{""short_code"":""zZ4NNn"",""original_url"":""https://hackstack.io/ember/yard/249""}"
250,250,17,created,2025-02-19 20:44:02,"{""short_code"":""qgstqR"",""original_url"":""https://acme.dev/dawn/river/250""}"
251,251,358,created,2025-04-19 04:17:30,"{""short_code"":""SQo3RX"",""original_url"":""https://opswise.net/navy/meadow/251""}"
252,252,55,created,2025-01-22 00:35:21,"{""short_code"":""Iwco5B"",""original_url"":""https://opswise.net/dawn/journey/252""}"
253,253,205,created,2025-12-21 02:49:36,"{""short_code"":""FGka3E"",""original_url"":""https://example.com/gold/lagoon/253""}"
254,254,280,created,2025-04-20 13:31:04,"{""short_code"":""awYypw"",""original_url"":""https://seeded.app/tidy/delta/254""}"
255,255,371,created,2025-02-26 18:15:34,"{""short_code"":""htS4wv"",""original_url"":""https://opswise.net/cobalt/anchor/255""}"
256,256,56,created,2026-01-02 16:16:19,"{""short_code"":""Fc5Nnq"",""original_url"":""https://acme.dev/lively/engine/256""}"
257,257,399,created,2025-02-07 13:52:59,"{""short_code"":""96whas"",""original_url"":""https://relay.cloud/silver/signal/257""}"
258,258,175,created,2026-01-27 02:23:06,"{""short_code"":""LBGqDw"",""original_url"":""https://seeded.app/cobalt/signal/258""}"
259,259,14,created,2026-01-28 09:35:12,"{""short_code"":""0j0ffm"",""original_url"":""https://opswise.net/mellow/beacon/259""}"
260,260,315,created,2025-03-13 01:26:54,"{""short_code"":""UhIg8l"",""original_url"":""https://seeded.app/vivid/quartz/260""}"
261,261,286,created,2025-11-22 23:47:43,"{""short_code"":""xKAP7U"",""original_url"":""https://seeded.app/warm/canyon/261""}"
262,262,396,created,2025-12-22 01:12:56,"{""short_code"":""VEf1DA"",""original_url"":""https://relay.cloud/rapid/harvest/262""}"
263,263,1,created,2025-08-22 03:03:49,"{""short_code"":""YAYYyj"",""original_url"":""https://acme.dev/harbor/island/263""}"
264,264,203,created,2025-08-02 22:54:19,"{""short_code"":""wEtKaC"",""original_url"":""https://hackstack.io/lively/meadow/264""}"
265,265,237,created,2025-06-18 19:34:17,"{""short_code"":""qmAUKi"",""original_url"":""https://seeded.app/jade/orbit/265""}"
266,266,198,created,2025-01-14 18:48:35,"{""short_code"":""JthSVb"",""original_url"":""https://seeded.app/quiet/harvest/266""}"
267,267,160,created,2025-01-30 07:45:42,"{""short_code"":""31KLfw"",""original_url"":""https://example.com/forest/trail/267""}"
268,268,3,created,2025-10-22 10:17:02,"{""short_code"":""4OGyeB"",""original_url"":""https://relay.cloud/mellow/orbit/268""}"
269,269,257,created,2025-08-18 09:07:11,"{""short_code"":""NkI4Dk"",""original_url"":""https://opswise.net/opal/lagoon/269""}"
270,270,365,created,2025-04-25 07:07:22,"{""short_code"":""B6q7Py"",""original_url"":""https://hackstack.io/proud/quartz/270""}"
271,271,154,created,2026-02-10 07:56:29,"{""short_code"":""pdW1kt"",""original_url"":""https://relay.cloud/opal/pioneer/271""}"
272,272,259,created,2025-04-09 20:11:24,"{""short_code"":""MIIioG"",""original_url"":""https://opswise.net/young/valley/272""}"
273,273,44,created,2025-02-26 11:55:54,"{""short_code"":""GwQRIz"",""original_url"":""https://seeded.app/opal/zenith/273""}"
274,274,27,created,2025-06-29 17:58:10,"{""short_code"":""N8HWeV"",""original_url"":""https://opswise.net/forest/window/274""}"
275,275,60,created,2025-07-26 13:54:56,"{""short_code"":""j24qzJ"",""original_url"":""https://seeded.app/opal/yard/275""}"
276,276,119,created,2025-07-21 05:23:26,"{""short_code"":""f9Gvt9"",""original_url"":""https://relay.cloud/silver/beacon/276""}"
277,277,399,created,2025-12-16 07:35:34,"{""short_code"":""RJcTz6"",""original_url"":""https://seeded.app/jade/quartz/277""}"
278,278,40,created,2026-01-30 03:25:26,"{""short_code"":""1sccUl"",""original_url"":""https://hackstack.io/harbor/journey/278""}"
279,279,25,created,2025-11-11 12:17:43,"{""short_code"":""XYVmYq"",""original_url"":""https://seeded.app/cobalt/trail/279""}"
280,280,352,created,2025-12-04 04:42:29,"{""short_code"":""TtAlEI"",""original_url"":""https://opswise.net/navy/trail/280""}"
281,281,219,created,2025-06-18 12:22:23,"{""short_code"":""SeehFv"",""original_url"":""https://relay.cloud/warm/trail/281""}"
282,282,331,created,2025-05-20 01:40:13,"{""short_code"":""bhwhjq"",""original_url"":""https://example.com/rapid/pioneer/282""}"
283,283,245,created,2025-12-07 20:11:10,"{""short_code"":""kUK5SP"",""original_url"":""https://seeded.app/forest/beacon/283""}"
284,284,243,created,2025-04-15 06:36:46,"{""short_code"":""7v1sV7"",""original_url"":""https://hackstack.io/silver/harvest/284""}"
285,285,35,created,2025-02-22 13:07:38,"{""short_code"":""A3XnuS"",""original_url"":""https://opswise.net/vivid/zenith/285""}"
286,286,1,created,2025-12-03 01:29:07,"{""short_code"":""rrFg1Y"",""original_url"":""https://hackstack.io/jade/orbit/286""}"
287,287,66,created,2025-04-29 18:53:47,"{""short_code"":""OqEcbB"",""original_url"":""https://acme.dev/brisk/anchor/287""}"
288,288,207,created,2025-02-17 15:47:29,"{""short_code"":""Gcbnsd"",""original_url"":""https://hackstack.io/keen/window/288""}"
289,289,303,created,2026-01-15 12:12:38,"{""short_code"":""pFRAb4"",""original_url"":""https://hackstack.io/harbor/network/289""}"
290,290,229,created,2025-09-13 13:07:41,"{""short_code"":""uOWRey"",""original_url"":""https://opswise.net/keen/meadow/290""}"
291,291,313,created,2025-03-03 21:42:54,"{""short_code"":""rHO7zU"",""original_url"":""https://acme.dev/lively/meadow/291""}"
292,292,324,created,2025-04-05 03:00:13,"{""short_code"":""Rycthc"",""original_url"":""https://acme.dev/ivory/yard/292""}"
293,293,221,created,2025-11-03 22:56:02,"{""short_code"":""Kf70G5"",""original_url"":""https://hackstack.io/dawn/kernel/293""}"
294,294,221,created,2025-01-05 19:16:00,"{""short_code"":""BPem7Q"",""original_url"":""https://acme.dev/mellow/engine/294""}"
295,295,268,created,2025-08-12 22:16:04,"{""short_code"":""pamDEu"",""original_url"":""https://seeded.app/mellow/uplink/295""}"
296,296,241,created,2025-08-27 01:33:49,"{""short_code"":""2jrhYx"",""original_url"":""https://opswise.net/calm/zenith/296""}"
297,297,128,created,2025-12-21 18:36:49,"{""short_code"":""IAai3G"",""original_url"":""https://seeded.app/ember/network/297""}"
298,298,148,created,2025-06-08 20:33:23,"{""short_code"":""WmT052"",""original_url"":""https://acme.dev/rapid/river/298""}"
299,299,283,created,2025-03-04 19:58:40,"{""short_code"":""bucbGY"",""original_url"":""https://seeded.app/lively/delta/299""}"
300,300,154,created,2025-03-14 10:23:20,"{""short_code"":""wdJe0a"",""original_url"":""https://example.com/mellow/harvest/300""}"
301,301,97,created,2025-05-13 16:39:23,"{""short_code"":""xdzl87"",""original_url"":""https://acme.dev/gold/zenith/301""}"
302,302,30,created,2025-03-09 05:07:16,"{""short_code"":""wb6ioc"",""original_url"":""https://hackstack.io/mellow/meadow/302""}"
303,303,351,created,2025-03-28 12:02:23,"{""short_code"":""Lnr8b6"",""original_url"":""https://acme.dev/cobalt/delta/303""}"
304,304,234,created,2025-04-26 11:48:54,"{""short_code"":""4ifDNb"",""original_url"":""https://acme.dev/quiet/canyon/304""}"
305,305,269,created,2025-04-28 01:24:38,"{""short_code"":""gWX4iH"",""original_url"":""https://seeded.app/lively/beacon/305""}"
306,306,192,created,2025-10-10 10:03:20,"{""short_code"":""pqguQY"",""original_url"":""https://relay.cloud/navy/kernel/306""}"
307,307,35,created,2025-01-15 11:26:27,"{""short_code"":""abxb4i"",""original_url"":""https://opswise.net/harbor/delta/307""}"
308,308,15,created,2025-07-19 19:25:14,"{""short_code"":""lkn0mo"",""original_url"":""https://example.com/amber/harvest/308""}"
309,309,167,created,2025-05-02 10:16:46,"{""short_code"":""OaGT9i"",""original_url"":""https://opswise.net/quiet/window/309""}"
310,310,67,created,2025-07-09 08:50:11,"{""short_code"":""9aDoB8"",""original_url"":""https://example.com/cobalt/yard/310""}"
311,311,104,created,2025-02-22 12:02:27,"{""short_code"":""KUhWIg"",""original_url"":""https://relay.cloud/silver/valley/311""}"
312,312,310,created,2025-03-07 16:38:11,"{""short_code"":""RfotOE"",""original_url"":""https://seeded.app/opal/meadow/312""}"
313,313,13,created,2025-10-22 13:10:03,"{""short_code"":""y4SMZq"",""original_url"":""https://relay.cloud/clear/network/313""}"
314,314,73,created,2025-06-12 12:20:04,"{""short_code"":""RHXZ05"",""original_url"":""https://opswise.net/gold/harvest/314""}"
315,315,328,created,2025-06-26 04:16:00,"{""short_code"":""KMh2kP"",""original_url"":""https://acme.dev/harbor/river/315""}"
316,316,266,created,2025-07-28 00:07:18,"{""short_code"":""USbXR3"",""original_url"":""https://acme.dev/tidy/window/316""}"
317,317,55,created,2025-10-29 23:00:26,"{""short_code"":""HS8Ixd"",""original_url"":""https://relay.cloud/cobalt/delta/317""}"
318,318,147,created,2025-04-02 00:10:44,"{""short_code"":""1AL47Z"",""original_url"":""https://hackstack.io/warm/engine/318""}"
319,319,16,created,2025-10-29 13:21:28,"{""short_code"":""tNn19O"",""original_url"":""https://opswise.net/ember/island/319""}"
320,320,11,created,2025-02-23 10:49:39,"{""short_code"":""K3wX3b"",""original_url"":""https://hackstack.io/clear/window/320""}"
321,321,366,created,2025-10-16 07:39:04,"{""short_code"":""NuqZ76"",""original_url"":""https://opswise.net/urban/kernel/321""}"
322,322,28,created,2026-02-11 16:26:16,"{""short_code"":""5zc6Ly"",""original_url"":""https://opswise.net/ember/kernel/322""}"
323,323,146,created,2025-08-25 18:35:41,"{""short_code"":""wpu4ay"",""original_url"":""https://hackstack.io/ember/yard/323""}"
324,324,232,created,2025-09-11 02:45:04,"{""short_code"":""ySjJQ5"",""original_url"":""https://relay.cloud/navy/journey/324""}"
325,325,76,created,2025-12-10 23:23:32,"{""short_code"":""dslnfh"",""original_url"":""https://seeded.app/proud/field/325""}"
326,326,71,created,2025-02-28 22:46:37,"{""short_code"":""b02kGp"",""original_url"":""https://hackstack.io/keen/trail/326""}"
327,327,357,created,2025-10-16 16:26:17,"{""short_code"":""yuIYo2"",""original_url"":""https://opswise.net/keen/window/327""}"
328,328,40,created,2025-07-27 07:26:14,"{""short_code"":""gXVyvD"",""original_url"":""https://opswise.net/ivory/canyon/328""}"
329,329,357,created,2025-08-24 22:38:03,"{""short_code"":""dus8zY"",""original_url"":""https://acme.dev/opal/canyon/329""}"
330,330,24,created,2025-02-15 19:36:25,"{""short_code"":""s65FMR"",""original_url"":""https://acme.dev/amber/harvest/330""}"
331,331,8,created,2025-07-28 14:03:02,"{""short_code"":""XX5iQ7"",""original_url"":""https://seeded.app/dawn/valley/331""}"
332,332,357,created,2025-04-12 02:16:13,"{""short_code"":""YEOwr8"",""original_url"":""https://seeded.app/brisk/garden/332""}"
333,333,264,created,2025-07-13 02:32:07,"{""short_code"":""Bp6Nbn"",""original_url"":""https://hackstack.io/lively/pioneer/333""}"
334,334,246,created,2025-09-24 14:25:01,"{""short_code"":""6o5qF7"",""original_url"":""https://hackstack.io/forest/island/334""}"
335,335,128,created,2025-12-13 18:34:39,"{""short_code"":""T2QlVL"",""original_url"":""https://example.com/mellow/lagoon/335""}"
336,336,129,created,2025-08-09 20:41:58,"{""short_code"":""4pLGMu"",""original_url"":""https://seeded.app/brisk/lagoon/336""}"
337,337,97,created,2025-08-04 13:06:13,"{""short_code"":""4uOv7w"",""original_url"":""https://hackstack.io/amber/uplink/337""}"
338,338,322,created,2025-01-16 13:25:11,"{""short_code"":""hEPmCJ"",""original_url"":""https://relay.cloud/calm/uplink/338""}"
339,339,55,created,2025-03-28 04:20:45,"{""short_code"":""gzJPNn"",""original_url"":""https://relay.cloud/navy/journey/339""}"
340,340,206,created,2025-03-19 09:26:03,"{""short_code"":""oJctbd"",""original_url"":""https://acme.dev/harbor/signal/340""}"
341,341,351,created,2025-09-07 10:20:34,"{""short_code"":""xGts13"",""original_url"":""https://acme.dev/proud/yard/341""}"
342,342,265,created,2025-07-26 04:21:29,"{""short_code"":""TowOKj"",""original_url"":""https://hackstack.io/ivory/beacon/342""}"
343,343,49,created,2025-09-05 23:31:32,"{""short_code"":""ZEiAG7"",""original_url"":""https://seeded.app/proud/delta/343""}"
344,344,299,created,2025-04-06 01:46:20,"{""short_code"":""UdKe5K"",""original_url"":""https://acme.dev/ember/kernel/344""}"
345,345,389,created,2025-04-10 12:21:05,"{""short_code"":""XiQLz1"",""original_url"":""https://hackstack.io/lively/harvest/345""}"
346,346,363,created,2025-12-19 23:55:08,"{""short_code"":""FeUcRV"",""original_url"":""https://hackstack.io/young/zenith/346""}"
347,347,167,created,2025-07-20 13:46:47,"{""short_code"":""IezT4T"",""original_url"":""https://relay.cloud/forest/valley/347""}"
348,348,376,created,2025-03-27 14:00:31,"{""short_code"":""eVwtRh"",""original_url"":""https://opswise.net/ivory/anchor/348""}"
349,349,323,created,2025-11-12 17:27:47,"{""short_code"":""yHYqTS"",""original_url"":""https://relay.cloud/clear/signal/349""}"
350,350,147,created,2025-11-26 03:32:34,"{""short_code"":""YjaLdw"",""original_url"":""https://seeded.app/vivid/kernel/350""}"
351,351,3,created,2025-09-19 00:09:36,"{""short_code"":""w1bYr5"",""original_url"":""https://hackstack.io/keen/harvest/351""}"
352,352,248,created,2025-07-24 16:03:05,"{""short_code"":""SR82QM"",""original_url"":""https://example.com/vivid/canyon/352""}"
353,353,119,created,2025-11-30 09:15:11,"{""short_code"":""btFfy9"",""original_url"":""https://example.com/calm/meadow/353""}"
354,354,352,created,2025-06-23 14:57:52,"{""short_code"":""vlkN3Z"",""original_url"":""https://opswise.net/gold/engine/354""}"
355,355,369,created,2025-05-21 20:35:27,"{""short_code"":""hg6kF7"",""original_url"":""https://hackstack.io/clear/harvest/355""}"
356,356,166,created,2025-11-22 10:11:15,"{""short_code"":""usixZf"",""original_url"":""https://acme.dev/keen/harvest/356""}"
357,357,55,created,2025-03-04 21:29:41,"{""short_code"":""ZRofR9"",""original_url"":""https://opswise.net/gold/kernel/357""}"
358,358,239,created,2025-03-08 08:31:52,"{""short_code"":""C0LbHL"",""original_url"":""https://relay.cloud/jade/meadow/358""}"
359,359,299,created,2025-04-14 11:23:09,"{""short_code"":""eOixwN"",""original_url"":""https://acme.dev/gold/harvest/359""}"
360,360,159,created,2025-04-07 13:13:31,"{""short_code"":""V5wZjs"",""original_url"":""https://relay.cloud/keen/network/360""}"
361,361,86,created,2025-01-30 07:01:32,"{""short_code"":""6Bl6v7"",""original_url"":""https://relay.cloud/harbor/field/361""}"
362,362,235,created,2026-01-27 07:46:37,"{""short_code"":""7bXfI3"",""original_url"":""https://seeded.app/gold/yard/362""}"
363,363,347,created,2025-05-06 14:43:46,"{""short_code"":""9b7Cpm"",""original_url"":""https://hackstack.io/warm/garden/363""}"
364,364,397,created,2025-07-16 17:11:02,"{""short_code"":""vCH99k"",""original_url"":""https://opswise.net/harbor/orbit/364""}"
365,365,166,created,2025-01-19 23:17:42,"{""short_code"":""YvDQRE"",""original_url"":""https://hackstack.io/ivory/signal/365""}"
366,366,221,created,2025-05-31 15:38:19,"{""short_code"":""4N9WfQ"",""original_url"":""https://opswise.net/proud/kernel/366""}"
367,367,394,created,2026-01-31 20:14:33,"{""short_code"":""U5oYqE"",""original_url"":""https://relay.cloud/silver/orbit/367""}"
368,368,51,created,2025-05-19 22:25:33,"{""short_code"":""dECYCC"",""original_url"":""https://relay.cloud/harbor/yard/368""}"
369,369,45,created,2025-08-28 11:11:52,"{""short_code"":""xeZYLv"",""original_url"":""https://acme.dev/keen/zenith/369""}"
370,370,67,created,2025-06-10 00:54:26,"{""short_code"":""bHLjk8"",""original_url"":""https://example.com/tidy/canyon/370""}"
371,371,389,created,2026-02-14 14:42:59,"{""short_code"":""YQ6izQ"",""original_url"":""https://acme.dev/tidy/network/371""}"
372,372,5,created,2025-12-13 17:59:45,"{""short_code"":""QbMlXo"",""original_url"":""https://example.com/cobalt/engine/372""}"
373,373,377,created,2025-10-15 22:59:45,"{""short_code"":""89Q5Ou"",""original_url"":""https://hackstack.io/warm/canyon/373""}"
374,374,242,created,2025-10-16 13:31:39,"{""short_code"":""Yt21mX"",""original_url"":""https://example.com/forest/zenith/374""}"
375,375,132,created,2025-11-18 07:10:20,"{""short_code"":""sureOG"",""original_url"":""https://acme.dev/proud/river/375""}"
376,376,124,created,2025-07-20 15:33:57,"{""short_code"":""q3P0Km"",""original_url"":""https://acme.dev/jade/valley/376""}"
377,377,174,created,2025-10-05 23:49:09,"{""short_code"":""84x6Rt"",""original_url"":""https://example.com/lively/trail/377""}"
378,378,243,created,2025-03-12 19:07:38,"{""short_code"":""HzJJOy"",""original_url"":""https://hackstack.io/vivid/lagoon/378""}"
379,379,363,created,2025-04-10 18:39:36,"{""short_code"":""eaUUTl"",""original_url"":""https://seeded.app/warm/kernel/379""}"
380,380,160,created,2025-05-06 07:52:45,"{""short_code"":""XIUjbb"",""original_url"":""https://opswise.net/harbor/valley/380""}"
381,381,252,created,2026-01-11 10:01:55,"{""short_code"":""7wP7eW"",""original_url"":""https://acme.dev/tidy/delta/381""}"
382,382,219,created,2025-08-25 13:58:22,"{""short_code"":""EE7OYS"",""original_url"":""https://seeded.app/lively/harvest/382""}"
383,383,271,created,2025-04-19 20:48:31,"{""short_code"":""1CeB12"",""original_url"":""https://relay.cloud/mellow/island/383""}"
384,384,280,created,2026-02-20 00:27:53,"{""short_code"":""hIa00r"",""original_url"":""https://hackstack.io/ivory/quartz/384""}"
385,385,198,created,2025-02-23 19:20:52,"{""short_code"":""m9Xnlx"",""original_url"":""https://relay.cloud/silver/uplink/385""}"
386,386,284,created,2025-11-25 12:31:35,"{""short_code"":""Rn1o3L"",""original_url"":""https://example.com/silver/engine/386""}"
387,387,10,created,2025-07-13 22:13:11,"{""short_code"":""we4rMJ"",""original_url"":""https://seeded.app/young/engine/387""}"
388,388,30,created,2025-11-26 06:58:24,"{""short_code"":""QvC5dS"",""original_url"":""https://acme.dev/warm/field/388""}"
389,389,260,created,2025-02-10 15:05:27,"{""short_code"":""sJ5agQ"",""original_url"":""https://acme.dev/warm/zenith/389""}"
390,390,351,created,2025-03-07 00:15:26,"{""short_code"":""RbyOmn"",""original_url"":""https://example.com/jade/kernel/390""}"
391,391,119,created,2025-03-15 16:18:54,"{""short_code"":""ftnlnf"",""original_url"":""https://acme.dev/opal/island/391""}"
392,392,243,created,2026-02-20 05:59:54,"{""short_code"":""2tzpI2"",""original_url"":""https://acme.dev/harbor/engine/392""}"
393,393,154,created,2025-07-07 04:52:21,"{""short_code"":""eUAKOk"",""original_url"":""https://example.com/amber/network/393""}"
394,394,149,created,2025-01-01 23:56:38,"{""short_code"":""u5dduI"",""original_url"":""https://acme.dev/lively/canyon/394""}"
395,395,181,created,2025-02-27 04:49:17,"{""short_code"":""57FiAy"",""original_url"":""https://acme.dev/lively/harvest/395""}"
396,396,321,created,2025-03-23 07:11:52,"{""short_code"":""AdEWbf"",""original_url"":""https://opswise.net/ember/meadow/396""}"
397,397,363,created,2025-01-13 01:43:31,"{""short_code"":""V0VKHC"",""original_url"":""https://seeded.app/vivid/journey/397""}"
398,398,3,created,2025-04-17 21:32:42,"{""short_code"":""zdXr4a"",""original_url"":""https://relay.cloud/jade/yard/398""}"
399,399,163,created,2025-09-03 00:03:01,"{""short_code"":""3a9KR0"",""original_url"":""https://opswise.net/vivid/engine/399""}"
400,400,119,created,2026-01-18 15:56:58,"{""short_code"":""zTTR4A"",""original_url"":""https://relay.cloud/gold/kernel/400""}"
401,401,66,created,2025-10-13 22:51:02,"{""short_code"":""lX4gsW"",""original_url"":""https://example.com/navy/signal/401""}"
402,402,47,created,2026-02-10 23:37:08,"{""short_code"":""wlpTyW"",""original_url"":""https://hackstack.io/rapid/harvest/402""}"
403,403,291,created,2025-07-29 21:04:03,"{""short_code"":""aHzDiN"",""original_url"":""https://seeded.app/brisk/zenith/403""}"
404,404,164,created,2025-12-24 17:27:42,"{""short_code"":""2ZDNkH"",""original_url"":""https://hackstack.io/warm/lagoon/404""}"
405,405,375,created,2026-02-20 07:49:03,"{""short_code"":""tXctiu"",""original_url"":""https://relay.cloud/opal/quartz/405""}"
406,406,135,created,2026-01-08 10:50:50,"{""short_code"":""Bw4OGC"",""original_url"":""https://acme.dev/opal/network/406""}"
407,407,378,created,2026-01-11 12:56:08,"{""short_code"":""Y1vh1r"",""original_url"":""https://acme.dev/amber/valley/407""}"
408,408,142,created,2025-12-02 01:39:40,"{""short_code"":""wAhs9z"",""original_url"":""https://seeded.app/amber/beacon/408""}"
409,409,170,created,2025-11-09 11:47:50,"{""short_code"":""xwxfzt"",""original_url"":""https://relay.cloud/gold/harvest/409""}"
410,410,383,created,2025-05-13 20:43:02,"{""short_code"":""Rse6Uy"",""original_url"":""https://opswise.net/tidy/field/410""}"
411,411,59,created,2025-05-04 16:02:25,"{""short_code"":""SVUOdh"",""original_url"":""https://seeded.app/tidy/meadow/411""}"
412,412,221,created,2025-02-24 15:50:05,"{""short_code"":""XF1ldY"",""original_url"":""https://relay.cloud/rapid/quartz/412""}"
413,413,27,created,2025-07-04 04:41:00,"{""short_code"":""znbmzp"",""original_url"":""https://opswise.net/clear/journey/413""}"
414,414,339,created,2025-09-06 23:03:11,"{""short_code"":""S0YGog"",""original_url"":""https://opswise.net/harbor/zenith/414""}"
415,415,337,created,2025-02-22 20:52:39,"{""short_code"":""h10MJn"",""original_url"":""https://relay.cloud/mellow/canyon/415""}"
416,416,138,created,2025-03-08 19:10:21,"{""short_code"":""6ablSV"",""original_url"":""https://hackstack.io/cobalt/zenith/416""}"
417,417,121,created,2026-01-28 09:29:45,"{""short_code"":""ohlW2j"",""original_url"":""https://acme.dev/amber/trail/417""}"
418,418,367,created,2025-10-04 23:02:04,"{""short_code"":""3EjGzW"",""original_url"":""https://acme.dev/gold/garden/418""}"
419,419,233,created,2025-08-25 22:02:53,"{""short_code"":""HuUmPx"",""original_url"":""https://example.com/tidy/yard/419""}"
420,420,75,created,2025-06-15 12:19:10,"{""short_code"":""hCF2rc"",""original_url"":""https://relay.cloud/urban/zenith/420""}"
421,421,239,created,2025-07-04 00:51:31,"{""short_code"":""kuCLzq"",""original_url"":""https://acme.dev/proud/beacon/421""}"
422,422,199,created,2025-04-08 03:14:40,"{""short_code"":""vEjLBP"",""original_url"":""https://opswise.net/proud/harvest/422""}"
423,423,101,created,2025-06-01 01:52:44,"{""short_code"":""UhJMIM"",""original_url"":""https://seeded.app/rapid/network/423""}"
424,424,3,created,2026-02-02 10:58:08,"{""short_code"":""IDZOwe"",""original_url"":""https://relay.cloud/cobalt/yard/424""}"
425,425,367,created,2025-10-28 08:15:39,"{""short_code"":""bpc5lL"",""original_url"":""https://relay.cloud/dawn/trail/425""}"
426,426,60,created,2025-11-21 01:22:43,"{""short_code"":""KB565O"",""original_url"":""https://example.com/navy/engine/426""}"
427,427,176,created,2025-03-06 15:14:49,"{""short_code"":""ony5Sh"",""original_url"":""https://example.com/proud/network/427""}"
428,428,319,created,2025-01-15 12:23:56,"{""short_code"":""5Ss2M9"",""original_url"":""https://hackstack.io/tidy/signal/428""}"
429,429,224,created,2026-01-21 20:20:46,"{""short_code"":""52yCxu"",""original_url"":""https://seeded.app/dawn/island/429""}"
430,430,35,created,2026-01-23 11:03:10,"{""short_code"":""Q9Gq3l"",""original_url"":""https://hackstack.io/mellow/quartz/430""}"
431,431,226,created,2026-02-06 20:40:35,"{""short_code"":""V3h6it"",""original_url"":""https://hackstack.io/clear/meadow/431""}"
432,432,177,created,2025-11-20 05:56:14,"{""short_code"":""Qj6yo6"",""original_url"":""https://relay.cloud/dawn/anchor/432""}"
433,433,43,created,2025-08-15 12:13:15,"{""short_code"":""mBK3NS"",""original_url"":""https://relay.cloud/calm/harvest/433""}"
434,434,21,created,2025-07-09 20:11:31,"{""short_code"":""SlBWww"",""original_url"":""https://relay.cloud/proud/window/434""}"
435,435,155,created,2025-07-15 14:01:03,"{""short_code"":""f5X1EW"",""original_url"":""https://opswise.net/urban/meadow/435""}"
436,436,273,created,2025-01-26 19:24:21,"{""short_code"":""qr0lww"",""original_url"":""https://seeded.app/amber/lagoon/436""}"
437,437,318,created,2025-07-24 13:53:26,"{""short_code"":""sty5Q3"",""original_url"":""https://acme.dev/warm/field/437""}"
438,438,333,created,2025-10-20 22:40:28,"{""short_code"":""uC9mD9"",""original_url"":""https://seeded.app/jade/meadow/438""}"
439,439,242,created,2025-11-10 02:52:50,"{""short_code"":""M6EeLw"",""original_url"":""https://seeded.app/forest/lagoon/439""}"
440,440,98,created,2026-02-11 19:13:50,"{""short_code"":""SDt5P0"",""original_url"":""https://relay.cloud/urban/river/440""}"
441,441,29,created,2025-08-20 02:19:25,"{""short_code"":""4Y0PeB"",""original_url"":""https://relay.cloud/vivid/valley/441""}"
442,442,107,created,2025-06-20 22:37:58,"{""short_code"":""yxeM4S"",""original_url"":""https://acme.dev/brisk/beacon/442""}"
443,443,192,created,2025-09-18 05:06:18,"{""short_code"":""ugtMmn"",""original_url"":""https://relay.cloud/dawn/anchor/443""}"
444,444,246,created,2025-01-08 19:21:15,"{""short_code"":""BMa4Ha"",""original_url"":""https://opswise.net/gold/engine/444""}"
445,445,65,created,2025-09-17 18:58:38,"{""short_code"":""7SD7Wz"",""original_url"":""https://opswise.net/cobalt/river/445""}"
446,446,381,created,2025-07-04 11:16:32,"{""short_code"":""FfIPhK"",""original_url"":""https://acme.dev/tidy/island/446""}"
447,447,124,created,2026-01-27 20:09:26,"{""short_code"":""mHddCT"",""original_url"":""https://hackstack.io/forest/harvest/447""}"
448,448,236,created,2025-07-31 04:20:33,"{""short_code"":""hCY7L9"",""original_url"":""https://acme.dev/tidy/anchor/448""}"
449,449,132,created,2025-01-14 20:18:58,"{""short_code"":""aO3mNr"",""original_url"":""https://acme.dev/lively/river/449""}"
450,450,324,created,2026-01-05 15:39:18,"{""short_code"":""pIalGo"",""original_url"":""https://seeded.app/mellow/trail/450""}"
451,451,306,created,2025-04-18 17:20:27,"{""short_code"":""ittpRr"",""original_url"":""https://seeded.app/harbor/canyon/451""}"
452,452,185,created,2025-10-27 20:46:03,"{""short_code"":""idPZJ8"",""original_url"":""https://hackstack.io/young/pioneer/452""}"
453,453,341,created,2025-02-25 06:07:22,"{""short_code"":""F9D92G"",""original_url"":""https://relay.cloud/tidy/garden/453""}"
454,454,370,created,2025-08-10 16:25:53,"{""short_code"":""q6tNCG"",""original_url"":""https://relay.cloud/rapid/meadow/454""}"
455,455,12,created,2025-05-10 21:20:10,"{""short_code"":""gXXpaI"",""original_url"":""https://relay.cloud/tidy/signal/455""}"
456,456,388,created,2026-01-21 00:22:16,"{""short_code"":""WPKLKn"",""original_url"":""https://opswise.net/navy/canyon/456""}"
457,457,81,created,2025-04-17 00:18:16,"{""short_code"":""TmvLkc"",""original_url"":""https://acme.dev/mellow/trail/457""}"
458,458,116,created,2025-07-15 13:53:57,"{""short_code"":""LrO13u"",""original_url"":""https://relay.cloud/lively/anchor/458""}"
459,459,235,created,2026-01-19 19:14:25,"{""short_code"":""Mr1akI"",""original_url"":""https://seeded.app/cobalt/kernel/459""}"
460,460,152,created,2025-08-20 01:55:34,"{""short_code"":""DzmESu"",""original_url"":""https://seeded.app/cobalt/meadow/460""}"
461,461,55,created,2026-01-13 16:19:59,"{""short_code"":""ReJ5LS"",""original_url"":""https://relay.cloud/clear/engine/461""}"
462,462,134,created,2025-01-20 18:35:36,"{""short_code"":""HFFlOM"",""original_url"":""https://acme.dev/clear/network/462""}"
463,463,7,created,2026-01-25 22:50:47,"{""short_code"":""1RCODh"",""original_url"":""https://opswise.net/warm/yard/463""}"
464,464,231,created,2026-01-21 18:57:15,"{""short_code"":""ottTnO"",""original_url"":""https://seeded.app/amber/trail/464""}"
465,465,110,created,2025-01-12 08:45:52,"{""short_code"":""YJ8GMR"",""original_url"":""https://example.com/jade/canyon/465""}"
466,466,277,created,2025-03-02 19:50:46,"{""short_code"":""mhdR6y"",""original_url"":""https://acme.dev/dawn/quartz/466""}"
467,467,63,created,2025-11-03 04:46:04,"{""short_code"":""oqLHr0"",""original_url"":""https://relay.cloud/ivory/network/467""}"
468,468,142,created,2025-06-17 21:15:38,"{""short_code"":""hglZrx"",""original_url"":""https://hackstack.io/clear/field/468""}"
469,469,190,created,2025-02-23 04:57:49,"{""short_code"":""8x9oIE"",""original_url"":""https://hackstack.io/lively/journey/469""}"
470,470,108,created,2025-04-11 07:35:44,"{""short_code"":""uExZBo"",""original_url"":""https://relay.cloud/urban/delta/470""}"
471,471,162,created,2025-06-20 05:15:41,"{""short_code"":""xcBE05"",""original_url"":""https://hackstack.io/mellow/anchor/471""}"
472,472,174,created,2025-05-06 02:40:40,"{""short_code"":""sG1lh1"",""original_url"":""https://opswise.net/mellow/window/472""}"
473,473,250,created,2025-12-05 06:55:47,"{""short_code"":""Ox2MIq"",""original_url"":""https://opswise.net/tidy/yard/473""}"
474,474,94,created,2025-06-24 11:04:03,"{""short_code"":""zzP0Ll"",""original_url"":""https://seeded.app/navy/delta/474""}"
475,475,313,created,2025-11-06 21:44:32,"{""short_code"":""IK2unM"",""original_url"":""https://seeded.app/tidy/window/475""}"
476,476,152,created,2025-04-26 03:36:58,"{""short_code"":""rrDMlh"",""original_url"":""https://opswise.net/vivid/canyon/476""}"
477,477,277,created,2025-06-24 03:23:53,"{""short_code"":""LVUrq7"",""original_url"":""https://hackstack.io/dawn/river/477""}"
478,478,178,created,2025-02-13 11:02:52,"{""short_code"":""EDpSsb"",""original_url"":""https://hackstack.io/amber/delta/478""}"
479,479,114,created,2025-07-24 20:16:15,"{""short_code"":""nkDeC2"",""original_url"":""https://acme.dev/warm/quartz/479""}"
480,480,319,created,2025-03-29 05:12:51,"{""short_code"":""Wu8RQi"",""original_url"":""https://relay.cloud/warm/canyon/480""}"
481,481,198,created,2025-12-20 17:18:57,"{""short_code"":""LArRuQ"",""original_url"":""https://example.com/jade/meadow/481""}"
482,482,149,created,2025-09-12 12:47:38,"{""short_code"":""u7LnWi"",""original_url"":""https://opswise.net/warm/pioneer/482""}"
483,483,54,created,2025-10-30 01:16:09,"{""short_code"":""ZjsHJg"",""original_url"":""https://seeded.app/clear/delta/483""}"
484,484,242,created,2025-05-06 09:59:31,"{""short_code"":""bul42y"",""original_url"":""https://acme.dev/urban/signal/484""}"
485,485,387,created,2026-01-03 01:45:30,"{""short_code"":""ZIq4wM"",""original_url"":""https://relay.cloud/calm/pioneer/485""}"
486,486,33,created,2025-08-07 07:55:54,"{""short_code"":""d51xyO"",""original_url"":""https://opswise.net/urban/journey/486""}"
487,487,191,created,2026-01-09 14:17:18,"{""short_code"":""tQEHin"",""original_url"":""https://seeded.app/quiet/delta/487""}"
488,488,165,created,2025-06-11 19:27:44,"{""short_code"":""W8mVRT"",""original_url"":""https://acme.dev/ivory/zenith/488""}"
489,489,39,created,2025-04-23 21:20:25,"{""short_code"":""hlg2rf"",""original_url"":""https://opswise.net/forest/window/489""}"
490,490,230,created,2025-03-11 02:18:06,"{""short_code"":""5Xc1YA"",""original_url"":""https://opswise.net/quiet/pioneer/490""}"
491,491,134,created,2025-11-04 21:38:20,"{""short_code"":""bqzNy8"",""original_url"":""https://seeded.app/jade/garden/491""}"
492,492,157,created,2025-05-08 18:22:06,"{""short_code"":""BgGpkI"",""original_url"":""https://hackstack.io/brisk/river/492""}"
493,493,62,created,2025-12-16 18:14:12,"{""short_code"":""fxRQTL"",""original_url"":""https://acme.dev/brisk/lagoon/493""}"
494,494,327,created,2025-12-08 00:19:24,"{""short_code"":""KxhDRT"",""original_url"":""https://hackstack.io/cobalt/valley/494""}"
495,495,39,created,2025-10-22 08:46:38,"{""short_code"":""3rWWWC"",""original_url"":""https://opswise.net/ember/pioneer/495""}"
496,496,13,created,2025-08-07 03:24:47,"{""short_code"":""dRxu69"",""original_url"":""https://opswise.net/rapid/valley/496""}"
497,497,229,created,2025-10-24 06:51:31,"{""short_code"":""0DWAY6"",""original_url"":""https://hackstack.io/rapid/field/497""}"
498,498,377,created,2025-03-30 14:34:41,"{""short_code"":""pc35fu"",""original_url"":""https://example.com/keen/beacon/498""}"
499,499,264,created,2025-06-15 22:46:36,"{""short_code"":""etmMlT"",""original_url"":""https://hackstack.io/gold/window/499""}"
500,500,232,created,2025-01-06 22:10:14,"{""short_code"":""FXwTpk"",""original_url"":""https://seeded.app/jade/harvest/500""}"
501,501,131,created,2026-01-15 20:17:07,"{""short_code"":""GBltjZ"",""original_url"":""https://seeded.app/clear/orbit/501""}"
502,502,33,created,2025-02-23 02:32:25,"{""short_code"":""3exdwv"",""original_url"":""https://hackstack.io/cobalt/beacon/502""}"
503,503,357,created,2025-03-19 13:57:53,"{""short_code"":""nvMMDX"",""original_url"":""https://acme.dev/harbor/canyon/503""}"
504,504,242,created,2025-05-04 10:09:26,"{""short_code"":""U60LLg"",""original_url"":""https://acme.dev/proud/meadow/504""}"
505,505,373,created,2026-01-18 18:22:01,"{""short_code"":""Bfk62P"",""original_url"":""https://opswise.net/cobalt/anchor/505""}"
506,506,55,created,2025-05-01 03:38:39,"{""short_code"":""00Q7Ga"",""original_url"":""https://acme.dev/amber/signal/506""}"
507,507,178,created,2025-04-15 03:15:23,"{""short_code"":""ZNWBZD"",""original_url"":""https://acme.dev/cobalt/anchor/507""}"
508,508,78,created,2025-04-08 17:09:39,"{""short_code"":""fSIMh5"",""original_url"":""https://relay.cloud/proud/uplink/508""}"
509,509,45,created,2025-07-07 06:55:25,"{""short_code"":""ncVwhE"",""original_url"":""https://opswise.net/cobalt/quartz/509""}"
510,510,335,created,2025-09-18 20:35:40,"{""short_code"":""Xuabf6"",""original_url"":""https://example.com/warm/engine/510""}"
511,511,191,created,2025-11-18 08:27:59,"{""short_code"":""phJU37"",""original_url"":""https://opswise.net/jade/uplink/511""}"
512,512,222,created,2025-06-03 19:58:45,"{""short_code"":""9Kau1F"",""original_url"":""https://seeded.app/vivid/kernel/512""}"
513,513,60,created,2025-05-04 16:53:58,"{""short_code"":""v7V23a"",""original_url"":""https://hackstack.io/keen/engine/513""}"
514,514,302,created,2025-03-31 02:12:57,"{""short_code"":""uxbPcR"",""original_url"":""https://hackstack.io/mellow/lagoon/514""}"
515,515,17,created,2025-11-23 03:05:08,"{""short_code"":""oJKL9A"",""original_url"":""https://example.com/ember/kernel/515""}"
516,516,65,created,2025-02-17 06:31:54,"{""short_code"":""wAtMvX"",""original_url"":""https://seeded.app/calm/zenith/516""}"
517,517,189,created,2025-03-26 16:06:09,"{""short_code"":""9rhdCN"",""original_url"":""https://seeded.app/mellow/signal/517""}"
518,518,293,created,2025-07-14 17:40:09,"{""short_code"":""SuAkGH"",""original_url"":""https://example.com/calm/river/518""}"
519,519,104,created,2025-12-13 11:58:47,"{""short_code"":""xlCCAd"",""original_url"":""https://seeded.app/warm/field/519""}"
520,520,399,created,2026-02-14 11:47:16,"{""short_code"":""BasqCc"",""original_url"":""https://acme.dev/proud/beacon/520""}"
521,521,26,created,2025-10-24 19:04:47,"{""short_code"":""V8Ekee"",""original_url"":""https://opswise.net/forest/field/521""}"
522,522,139,created,2025-11-30 14:25:38,"{""short_code"":""2EZbd3"",""original_url"":""https://seeded.app/vivid/river/522""}"
523,523,145,created,2025-09-12 07:25:25,"{""short_code"":""Jcllww"",""original_url"":""https://seeded.app/harbor/quartz/523""}"
524,524,130,created,2025-07-04 10:59:44,"{""short_code"":""D9cqmL"",""original_url"":""https://relay.cloud/forest/window/524""}"
525,525,382,created,2026-01-27 01:06:33,"{""short_code"":""BYf1hg"",""original_url"":""https://example.com/urban/garden/525""}"
526,526,214,created,2025-12-10 01:34:31,"{""short_code"":""ubFSsV"",""original_url"":""https://example.com/young/anchor/526""}"
527,527,307,created,2025-11-30 15:46:16,"{""short_code"":""X7P8MD"",""original_url"":""https://hackstack.io/opal/lagoon/527""}"
528,528,322,created,2025-03-28 13:25:32,"{""short_code"":""febCE8"",""original_url"":""https://opswise.net/young/canyon/528""}"
529,529,30,created,2025-09-01 21:26:30,"{""short_code"":""RgBJj5"",""original_url"":""https://opswise.net/keen/window/529""}"
530,530,316,created,2025-04-08 21:36:11,"{""short_code"":""UWZ28H"",""original_url"":""https://example.com/jade/meadow/530""}"
531,531,264,created,2025-02-17 12:59:26,"{""short_code"":""dZ0iQf"",""original_url"":""https://example.com/cobalt/anchor/531""}"
532,532,181,created,2025-07-13 11:20:45,"{""short_code"":""KGC8pJ"",""original_url"":""https://opswise.net/lively/pioneer/532""}"
533,533,169,created,2025-12-27 01:32:54,"{""short_code"":""S1363m"",""original_url"":""https://example.com/navy/window/533""}"
534,534,359,created,2025-12-12 03:58:34,"{""short_code"":""mV5EzL"",""original_url"":""https://hackstack.io/forest/harvest/534""}"
535,535,371,created,2025-07-12 14:11:02,"{""short_code"":""DNnzhU"",""original_url"":""https://opswise.net/vivid/canyon/535""}"
536,536,208,created,2025-03-04 19:29:20,"{""short_code"":""N08sG2"",""original_url"":""https://acme.dev/opal/trail/536""}"
537,537,111,created,2025-04-22 11:16:40,"{""short_code"":""T63hot"",""original_url"":""https://example.com/brisk/signal/537""}"
538,538,62,created,2025-10-22 02:47:33,"{""short_code"":""FK9e4G"",""original_url"":""https://hackstack.io/brisk/trail/538""}"
539,539,174,created,2025-08-22 11:00:15,"{""short_code"":""eGGNpv"",""original_url"":""https://acme.dev/urban/delta/539""}"
540,540,183,created,2026-02-07 10:57:01,"{""short_code"":""Gpcosr"",""original_url"":""https://example.com/brisk/field/540""}"
541,541,201,created,2025-01-06 07:14:55,"{""short_code"":""oqvPPr"",""original_url"":""https://opswise.net/lively/pioneer/541""}"
542,542,229,created,2025-10-30 11:08:59,"{""short_code"":""DGCNrN"",""original_url"":""https://example.com/silver/harvest/542""}"
543,543,94,created,2026-01-25 07:10:37,"{""short_code"":""wJnsfX"",""original_url"":""https://relay.cloud/amber/anchor/543""}"
544,544,65,created,2025-12-04 11:12:16,"{""short_code"":""abG2NF"",""original_url"":""https://relay.cloud/proud/quartz/544""}"
545,545,132,created,2025-10-02 12:35:35,"{""short_code"":""dN549d"",""original_url"":""https://seeded.app/brisk/engine/545""}"
546,546,202,created,2025-06-11 20:42:23,"{""short_code"":""3xwJYX"",""original_url"":""https://seeded.app/navy/quartz/546""}"
547,547,7,created,2025-08-23 07:46:41,"{""short_code"":""tznZc6"",""original_url"":""https://hackstack.io/keen/signal/547""}"
548,548,327,created,2025-11-22 00:57:52,"{""short_code"":""GEHQ4R"",""original_url"":""https://opswise.net/tidy/valley/548""}"
549,549,384,created,2026-01-08 13:14:50,"{""short_code"":""fVgn4k"",""original_url"":""https://hackstack.io/tidy/valley/549""}"
550,550,377,created,2025-03-20 01:00:04,"{""short_code"":""XCgNo5"",""original_url"":""https://acme.dev/clear/uplink/550""}"
551,551,306,created,2025-12-19 14:01:50,"{""short_code"":""HfYbYP"",""original_url"":""https://example.com/young/field/551""}"
552,552,97,created,2026-02-12 12:38:36,"{""short_code"":""bo9Q81"",""original_url"":""https://example.com/urban/kernel/552""}"
553,553,97,created,2025-11-15 01:29:40,"{""short_code"":""vDYC57"",""original_url"":""https://hackstack.io/silver/field/553""}"
554,554,6,created,2025-03-26 15:36:24,"{""short_code"":""v1YDKo"",""original_url"":""https://relay.cloud/silver/pioneer/554""}"
555,555,21,created,2025-05-04 06:53:13,"{""short_code"":""jZEUii"",""original_url"":""https://acme.dev/proud/canyon/555""}"
556,556,314,created,2025-09-18 17:24:19,"{""short_code"":""xP3lr2"",""original_url"":""https://hackstack.io/dawn/delta/556""}"
557,557,258,created,2025-06-29 10:06:47,"{""short_code"":""7m5VPJ"",""original_url"":""https://seeded.app/dawn/river/557""}"
558,558,77,created,2025-07-03 11:55:25,"{""short_code"":""BLHO0V"",""original_url"":""https://relay.cloud/navy/signal/558""}"
559,559,393,created,2025-02-12 17:51:56,"{""short_code"":""WqPHtw"",""original_url"":""https://seeded.app/clear/harvest/559""}"
560,560,134,created,2025-09-18 10:37:15,"{""short_code"":""4QlDS6"",""original_url"":""https://hackstack.io/mellow/uplink/560""}"
561,561,55,created,2025-07-22 14:41:24,"{""short_code"":""MJYjCe"",""original_url"":""https://example.com/gold/yard/561""}"
562,562,231,created,2025-04-11 07:52:42,"{""short_code"":""IqBgj7"",""original_url"":""https://hackstack.io/tidy/canyon/562""}"
563,563,260,created,2025-01-23 12:30:38,"{""short_code"":""TJgTi1"",""original_url"":""https://hackstack.io/urban/journey/563""}"
564,564,107,created,2025-10-03 16:39:13,"{""short_code"":""k2eL8n"",""original_url"":""https://hackstack.io/vivid/orbit/564""}"
565,565,343,created,2025-08-17 13:52:40,"{""short_code"":""fvVASn"",""original_url"":""https://opswise.net/gold/anchor/565""}"
566,566,94,created,2025-01-11 11:52:43,"{""short_code"":""jSIRKp"",""original_url"":""https://hackstack.io/ivory/anchor/566""}"
567,567,46,created,2026-02-10 16:31:54,"{""short_code"":""7cgtHp"",""original_url"":""https://acme.dev/mellow/kernel/567""}"
568,568,383,created,2025-05-04 01:52:14,"{""short_code"":""A5sD3a"",""original_url"":""https://acme.dev/rapid/garden/568""}"
569,569,10,created,2025-02-25 07:48:04,"{""short_code"":""IwG4hC"",""original_url"":""https://acme.dev/clear/yard/569""}"
570,570,399,created,2025-01-22 16:57:45,"{""short_code"":""kQljkj"",""original_url"":""https://seeded.app/mellow/quartz/570""}"
571,571,275,created,2025-11-14 17:24:11,"{""short_code"":""rIJvPp"",""original_url"":""https://example.com/quiet/meadow/571""}"
572,572,263,created,2025-11-12 07:35:10,"{""short_code"":""tONbPH"",""original_url"":""https://seeded.app/young/canyon/572""}"
573,573,145,created,2025-12-13 19:18:40,"{""short_code"":""atrAzw"",""original_url"":""https://seeded.app/harbor/island/573""}"
574,574,317,created,2025-11-20 04:15:25,"{""short_code"":""f0Xb40"",""original_url"":""https://relay.cloud/brisk/field/574""}"
575,575,346,created,2025-09-05 22:49:52,"{""short_code"":""u3eEMj"",""original_url"":""https://seeded.app/quiet/field/575""}"
576,576,77,created,2025-05-23 19:19:15,"{""short_code"":""KjTzWH"",""original_url"":""https://opswise.net/quiet/yard/576""}"
577,577,230,created,2025-03-10 03:45:23,"{""short_code"":""M60DcZ"",""original_url"":""https://acme.dev/amber/journey/577""}"
578,578,138,created,2025-11-15 00:54:20,"{""short_code"":""jwb6r3"",""original_url"":""https://opswise.net/navy/valley/578""}"
579,579,39,created,2025-03-23 00:19:51,"{""short_code"":""GTnbmu"",""original_url"":""https://seeded.app/silver/kernel/579""}"
580,580,104,created,2025-03-10 22:43:01,"{""short_code"":""TEpOPE"",""original_url"":""https://example.com/brisk/trail/580""}"
581,581,200,created,2025-10-05 19:50:34,"{""short_code"":""xMjTga"",""original_url"":""https://seeded.app/proud/orbit/581""}"
582,582,321,created,2025-01-21 08:37:41,"{""short_code"":""2Wliu0"",""original_url"":""https://opswise.net/ember/uplink/582""}"
583,583,225,created,2025-07-15 09:56:40,"{""short_code"":""05JaqO"",""original_url"":""https://relay.cloud/gold/window/583""}"
584,584,241,created,2025-04-26 02:14:50,"{""short_code"":""cfkKTk"",""original_url"":""https://example.com/keen/delta/584""}"
585,585,154,created,2025-08-04 01:24:08,"{""short_code"":""uP06AR"",""original_url"":""https://example.com/proud/beacon/585""}"
586,586,145,created,2025-01-13 13:09:27,"{""short_code"":""c2SiE7"",""original_url"":""https://example.com/navy/valley/586""}"
587,587,135,created,2025-06-14 14:03:50,"{""short_code"":""ACLZnI"",""original_url"":""https://opswise.net/cobalt/meadow/587""}"
588,588,352,created,2025-01-07 11:16:25,"{""short_code"":""ZudPV7"",""original_url"":""https://acme.dev/proud/valley/588""}"
589,589,337,created,2025-06-18 22:42:05,"{""short_code"":""jQrMxd"",""original_url"":""https://relay.cloud/gold/valley/589""}"
590,590,257,created,2025-10-16 20:47:58,"{""short_code"":""b4O8oY"",""original_url"":""https://example.com/tidy/kernel/590""}"
591,591,396,created,2025-06-01 10:42:23,"{""short_code"":""CVLqH2"",""original_url"":""https://example.com/dawn/yard/591""}"
592,592,150,created,2025-09-05 17:04:01,"{""short_code"":""74tnbw"",""original_url"":""https://relay.cloud/dawn/field/592""}"
593,593,84,created,2025-04-01 08:11:13,"{""short_code"":""hCExJJ"",""original_url"":""https://acme.dev/urban/engine/593""}"
594,594,53,created,2025-12-18 07:01:24,"{""short_code"":""HZd7cr"",""original_url"":""https://opswise.net/calm/valley/594""}"
595,595,97,created,2026-01-20 21:12:05,"{""short_code"":""c3QdeO"",""original_url"":""https://acme.dev/warm/signal/595""}"
596,596,60,created,2025-11-10 08:44:38,"{""short_code"":""gmWVoj"",""original_url"":""https://acme.dev/ivory/quartz/596""}"
597,597,194,created,2025-12-06 18:54:24,"{""short_code"":""oyVrmh"",""original_url"":""https://relay.cloud/brisk/uplink/597""}"
598,598,367,created,2025-07-25 02:57:45,"{""short_code"":""gwQSds"",""original_url"":""https://hackstack.io/harbor/valley/598""}"
599,599,210,created,2025-05-09 18:02:37,"{""short_code"":""0RZT91"",""original_url"":""https://example.com/mellow/quartz/599""}"
600,600,97,created,2025-10-01 11:49:43,"{""short_code"":""wewUM8"",""original_url"":""https://example.com/urban/harvest/600""}"
601,601,187,created,2026-02-12 18:26:36,"{""short_code"":""UCMjkM"",""original_url"":""https://acme.dev/clear/anchor/601""}"
602,602,258,created,2025-06-30 20:07:15,"{""short_code"":""Ghdpft"",""original_url"":""https://acme.dev/cobalt/meadow/602""}"
603,603,11,created,2025-07-26 12:46:36,"{""short_code"":""lwn8uE"",""original_url"":""https://acme.dev/young/lagoon/603""}"
604,604,66,created,2026-01-30 10:43:06,"{""short_code"":""oeKP3l"",""original_url"":""https://seeded.app/gold/engine/604""}"
605,605,205,created,2025-06-04 18:53:31,"{""short_code"":""lIb2MM"",""original_url"":""https://hackstack.io/quiet/yard/605""}"
606,606,140,created,2025-09-29 21:33:53,"{""short_code"":""bPD6tR"",""original_url"":""https://acme.dev/cobalt/anchor/606""}"
607,607,69,created,2025-03-15 12:01:57,"{""short_code"":""udjSFF"",""original_url"":""https://hackstack.io/gold/island/607""}"
608,608,337,created,2025-04-20 10:04:15,"{""short_code"":""NyD1CM"",""original_url"":""https://acme.dev/jade/valley/608""}"
609,609,37,created,2025-03-22 05:29:46,"{""short_code"":""uXgx7e"",""original_url"":""https://opswise.net/vivid/garden/609""}"
610,610,145,created,2025-03-09 08:33:56,"{""short_code"":""D2BxqF"",""original_url"":""https://relay.cloud/tidy/beacon/610""}"
611,611,29,created,2025-05-20 02:03:58,"{""short_code"":""reXtzq"",""original_url"":""https://example.com/gold/garden/611""}"
612,612,349,created,2025-05-17 05:23:47,"{""short_code"":""1rC6eu"",""original_url"":""https://relay.cloud/tidy/network/612""}"
613,613,174,created,2025-01-08 02:13:53,"{""short_code"":""GrLhap"",""original_url"":""https://relay.cloud/proud/harvest/613""}"
614,614,283,created,2025-07-14 07:31:44,"{""short_code"":""1zLaiY"",""original_url"":""https://example.com/harbor/yard/614""}"
615,615,30,created,2025-08-17 23:51:45,"{""short_code"":""hlSxn9"",""original_url"":""https://relay.cloud/amber/delta/615""}"
616,616,138,created,2025-11-24 22:41:33,"{""short_code"":""dmlKQZ"",""original_url"":""https://opswise.net/silver/network/616""}"
617,617,347,created,2025-09-21 02:32:56,"{""short_code"":""sws0uJ"",""original_url"":""https://example.com/harbor/canyon/617""}"
618,618,235,created,2025-09-17 23:49:05,"{""short_code"":""pBmbfz"",""original_url"":""https://acme.dev/warm/lagoon/618""}"
619,619,199,created,2025-01-22 20:57:19,"{""short_code"":""Jt2TzK"",""original_url"":""https://opswise.net/young/pioneer/619""}"
620,620,121,created,2025-08-17 08:57:48,"{""short_code"":""bNwucI"",""original_url"":""https://example.com/quiet/orbit/620""}"
621,621,69,created,2025-08-15 15:10:09,"{""short_code"":""3bEalR"",""original_url"":""https://relay.cloud/warm/beacon/621""}"
622,622,71,created,2025-12-20 12:19:11,"{""short_code"":""KvY6nZ"",""original_url"":""https://hackstack.io/urban/harvest/622""}"
623,623,52,created,2025-01-05 18:48:14,"{""short_code"":""MnXGWx"",""original_url"":""https://opswise.net/gold/network/623""}"
624,624,388,created,2025-01-10 19:09:44,"{""short_code"":""nJbxXN"",""original_url"":""https://seeded.app/opal/pioneer/624""}"
625,625,185,created,2025-02-07 02:47:44,"{""short_code"":""A0MGzb"",""original_url"":""https://opswise.net/opal/river/625""}"
626,626,293,created,2025-11-06 02:00:16,"{""short_code"":""gWnhN3"",""original_url"":""https://relay.cloud/silver/network/626""}"
627,627,330,created,2025-12-26 00:31:13,"{""short_code"":""5j81g4"",""original_url"":""https://acme.dev/ember/yard/627""}"
628,628,269,created,2025-10-30 10:42:13,"{""short_code"":""mOemWF"",""original_url"":""https://example.com/urban/canyon/628""}"
629,629,345,created,2025-11-20 05:18:34,"{""short_code"":""nKico9"",""original_url"":""https://hackstack.io/amber/journey/629""}"
630,630,262,created,2025-12-23 13:33:13,"{""short_code"":""IoBt94"",""original_url"":""https://example.com/opal/garden/630""}"
631,631,326,created,2025-07-08 19:02:08,"{""short_code"":""xlVatF"",""original_url"":""https://acme.dev/forest/network/631""}"
632,632,142,created,2025-05-13 05:35:08,"{""short_code"":""vfZGik"",""original_url"":""https://seeded.app/keen/field/632""}"
633,633,261,created,2025-04-28 10:37:34,"{""short_code"":""pQcdKi"",""original_url"":""https://relay.cloud/ivory/meadow/633""}"
634,634,326,created,2025-08-15 00:38:24,"{""short_code"":""N7749v"",""original_url"":""https://relay.cloud/urban/trail/634""}"
635,635,346,created,2025-03-27 07:13:47,"{""short_code"":""ez4gnF"",""original_url"":""https://opswise.net/dawn/field/635""}"
636,636,330,created,2025-06-17 02:28:57,"{""short_code"":""zzBEqe"",""original_url"":""https://seeded.app/mellow/signal/636""}"
637,637,162,created,2025-02-14 00:09:07,"{""short_code"":""ANA1CW"",""original_url"":""https://seeded.app/keen/uplink/637""}"
638,638,21,created,2025-07-07 13:39:29,"{""short_code"":""bFSQaT"",""original_url"":""https://acme.dev/proud/harvest/638""}"
639,639,102,created,2025-10-30 15:55:45,"{""short_code"":""pMCaNV"",""original_url"":""https://hackstack.io/calm/quartz/639""}"
640,640,202,created,2025-07-06 01:20:59,"{""short_code"":""13N1je"",""original_url"":""https://acme.dev/tidy/engine/640""}"
641,641,162,created,2025-11-04 04:43:37,"{""short_code"":""KqznUV"",""original_url"":""https://opswise.net/navy/journey/641""}"
642,642,171,created,2025-04-16 16:37:06,"{""short_code"":""JPKe9Y"",""original_url"":""https://relay.cloud/warm/signal/642""}"
643,643,169,created,2026-01-01 20:44:19,"{""short_code"":""p9gPz7"",""original_url"":""https://hackstack.io/keen/island/643""}"
644,644,4,created,2025-02-05 20:26:32,"{""short_code"":""frBXjr"",""original_url"":""https://example.com/harbor/zenith/644""}"
645,645,323,created,2025-09-21 12:58:46,"{""short_code"":""YK7wnV"",""original_url"":""https://opswise.net/gold/kernel/645""}"
646,646,117,created,2025-05-03 21:17:26,"{""short_code"":""zNVr13"",""original_url"":""https://opswise.net/dawn/orbit/646""}"
647,647,104,created,2025-01-18 11:50:01,"{""short_code"":""llytYi"",""original_url"":""https://seeded.app/cobalt/network/647""}"
648,648,142,created,2025-12-19 11:56:41,"{""short_code"":""1QW9sc"",""original_url"":""https://relay.cloud/opal/harvest/648""}"
649,649,387,created,2025-12-02 13:20:56,"{""short_code"":""yyrE1z"",""original_url"":""https://seeded.app/jade/yard/649""}"
650,650,157,created,2025-03-19 09:57:17,"{""short_code"":""6KemNR"",""original_url"":""https://example.com/lively/engine/650""}"
651,651,47,created,2025-02-12 20:09:47,"{""short_code"":""vLXJTW"",""original_url"":""https://opswise.net/mellow/anchor/651""}"
652,652,272,created,2025-01-09 01:49:15,"{""short_code"":""l1U3YX"",""original_url"":""https://example.com/quiet/zenith/652""}"
653,653,161,created,2025-01-12 02:43:45,"{""short_code"":""wmUOdQ"",""original_url"":""https://hackstack.io/clear/uplink/653""}"
654,654,389,created,2025-11-12 13:52:56,"{""short_code"":""euNeI2"",""original_url"":""https://acme.dev/jade/meadow/654""}"
655,655,105,created,2025-06-29 18:31:49,"{""short_code"":""dvXa5q"",""original_url"":""https://acme.dev/navy/delta/655""}"
656,656,308,created,2026-02-04 10:23:16,"{""short_code"":""9cOVyb"",""original_url"":""https://opswise.net/harbor/pioneer/656""}"
657,657,71,created,2025-12-11 19:42:55,"{""short_code"":""mWneyl"",""original_url"":""https://hackstack.io/ivory/trail/657""}"
658,658,180,created,2025-11-05 05:44:05,"{""short_code"":""CzyZfR"",""original_url"":""https://seeded.app/forest/orbit/658""}"
659,659,242,created,2025-11-24 19:07:44,"{""short_code"":""LlXcZ1"",""original_url"":""https://hackstack.io/amber/window/659""}"
660,660,339,created,2025-05-25 03:22:47,"{""short_code"":""0ZTvlc"",""original_url"":""https://acme.dev/vivid/beacon/660""}"
661,661,136,created,2025-05-01 12:31:13,"{""short_code"":""vJ9jjZ"",""original_url"":""https://hackstack.io/brisk/zenith/661""}"
662,662,72,created,2025-07-17 02:35:01,"{""short_code"":""wbTG3j"",""original_url"":""https://seeded.app/jade/window/662""}"
663,663,151,created,2025-10-19 17:57:51,"{""short_code"":""8Gr8es"",""original_url"":""https://relay.cloud/forest/river/663""}"
664,664,234,created,2025-10-17 05:26:10,"{""short_code"":""E8TWwr"",""original_url"":""https://example.com/ember/river/664""}"
665,665,189,created,2025-10-31 22:24:54,"{""short_code"":""T38jqK"",""original_url"":""https://hackstack.io/forest/river/665""}"
666,666,295,created,2025-07-28 19:59:40,"{""short_code"":""dDwkn9"",""original_url"":""https://relay.cloud/mellow/signal/666""}"
667,667,370,created,2025-11-12 14:18:45,"{""short_code"":""jdc3ZT"",""original_url"":""https://opswise.net/amber/orbit/667""}"
668,668,293,created,2025-05-03 21:32:14,"{""short_code"":""Z4P5Pi"",""original_url"":""https://example.com/warm/signal/668""}"
669,669,164,created,2025-04-02 20:17:34,"{""short_code"":""kaX1ew"",""original_url"":""https://opswise.net/tidy/kernel/669""}"
670,670,315,created,2026-01-28 08:42:06,"{""short_code"":""QxA9BT"",""original_url"":""https://seeded.app/gold/lagoon/670""}"
671,671,280,created,2025-05-02 10:48:49,"{""short_code"":""4CFPAL"",""original_url"":""https://relay.cloud/ember/harvest/671""}"
672,672,201,created,2025-04-24 01:20:01,"{""short_code"":""wVuCZl"",""original_url"":""https://example.com/jade/journey/672""}"
673,673,47,created,2025-09-11 20:16:10,"{""short_code"":""U5pgX2"",""original_url"":""https://opswise.net/gold/harvest/673""}"
674,674,357,created,2025-06-02 23:30:54,"{""short_code"":""qyNFUU"",""original_url"":""https://relay.cloud/rapid/island/674""}"
675,675,386,created,2025-04-05 15:40:52,"{""short_code"":""ut7sHc"",""original_url"":""https://seeded.app/amber/meadow/675""}"
676,676,46,created,2025-11-07 00:20:44,"{""short_code"":""666qLL"",""original_url"":""https://seeded.app/navy/pioneer/676""}"
677,677,113,created,2025-07-17 20:45:37,"{""short_code"":""tOTKa2"",""original_url"":""https://hackstack.io/rapid/anchor/677""}"
678,678,289,created,2025-07-30 22:24:52,"{""short_code"":""qwLlzr"",""original_url"":""https://hackstack.io/silver/island/678""}"
679,679,347,created,2025-11-05 15:46:14,"{""short_code"":""hKArIG"",""original_url"":""https://seeded.app/forest/field/679""}"
680,680,196,created,2025-03-25 18:56:21,"{""short_code"":""IDXuqW"",""original_url"":""https://example.com/jade/orbit/680""}"
681,681,162,created,2025-04-16 11:11:37,"{""short_code"":""PpJrUi"",""original_url"":""https://acme.dev/jade/delta/681""}"
682,682,384,created,2025-01-21 23:59:16,"{""short_code"":""O0Oqkr"",""original_url"":""https://seeded.app/warm/yard/682""}"
683,683,302,created,2025-02-08 19:55:12,"{""short_code"":""IqEQSu"",""original_url"":""https://relay.cloud/dawn/garden/683""}"
684,684,348,created,2025-12-26 05:48:52,"{""short_code"":""qj2poU"",""original_url"":""https://example.com/brisk/window/684""}"
685,685,280,created,2025-12-19 00:47:04,"{""short_code"":""xpmCWo"",""original_url"":""https://relay.cloud/dawn/anchor/685""}"
686,686,43,created,2025-01-24 19:48:29,"{""short_code"":""a9nZRz"",""original_url"":""https://acme.dev/navy/field/686""}"
687,687,216,created,2025-07-21 01:32:38,"{""short_code"":""uKOOWY"",""original_url"":""https://seeded.app/brisk/island/687""}"
688,688,191,created,2025-06-05 18:43:38,"{""short_code"":""yA2SMy"",""original_url"":""https://acme.dev/harbor/field/688""}"
689,689,288,created,2025-04-06 08:35:38,"{""short_code"":""rXBiMn"",""original_url"":""https://relay.cloud/ivory/canyon/689""}"
690,690,353,created,2025-06-24 22:08:00,"{""short_code"":""0GfkII"",""original_url"":""https://acme.dev/clear/kernel/690""}"
691,691,361,created,2025-01-27 14:56:03,"{""short_code"":""D3Sgoz"",""original_url"":""https://hackstack.io/silver/anchor/691""}"
692,692,222,created,2025-01-24 23:15:20,"{""short_code"":""Qv7bCC"",""original_url"":""https://acme.dev/gold/quartz/692""}"
693,693,349,created,2025-03-30 13:42:37,"{""short_code"":""DMTcWa"",""original_url"":""https://opswise.net/warm/canyon/693""}"
694,694,354,created,2025-07-18 23:12:20,"{""short_code"":""569YSF"",""original_url"":""https://opswise.net/vivid/meadow/694""}"
695,695,356,created,2026-01-14 03:16:18,"{""short_code"":""kwxn9j"",""original_url"":""https://opswise.net/calm/orbit/695""}"
696,696,367,created,2025-12-04 08:18:09,"{""short_code"":""lOHunf"",""original_url"":""https://relay.cloud/harbor/network/696""}"
697,697,288,created,2025-10-11 17:31:34,"{""short_code"":""lDK7iq"",""original_url"":""https://acme.dev/young/engine/697""}"
698,698,333,created,2025-04-03 14:04:35,"{""short_code"":""H3bb5T"",""original_url"":""https://opswise.net/clear/uplink/698""}"
699,699,364,created,2025-10-31 07:46:15,"{""short_code"":""usELkJ"",""original_url"":""https://seeded.app/opal/engine/699""}"
700,700,104,created,2025-03-29 17:03:06,"{""short_code"":""KpKXeE"",""original_url"":""https://hackstack.io/young/quartz/700""}"
701,701,133,created,2025-12-30 19:45:29,"{""short_code"":""H9fLmP"",""original_url"":""https://hackstack.io/ember/zenith/701""}"
702,702,26,created,2025-11-28 22:04:37,"{""short_code"":""GaGXtW"",""original_url"":""https://hackstack.io/mellow/island/702""}"
703,703,345,created,2025-05-28 23:58:33,"{""short_code"":""VBFEvV"",""original_url"":""https://seeded.app/cobalt/field/703""}"
704,704,190,created,2025-06-10 12:46:51,"{""short_code"":""maLsAK"",""original_url"":""https://relay.cloud/proud/field/704""}"
705,705,214,created,2025-05-06 15:49:22,"{""short_code"":""tZBAGv"",""original_url"":""https://seeded.app/rapid/kernel/705""}"
706,706,15,created,2025-01-16 18:33:34,"{""short_code"":""N6e4u2"",""original_url"":""https://acme.dev/warm/canyon/706""}"
707,707,68,created,2025-01-28 08:34:36,"{""short_code"":""tUJ9iM"",""original_url"":""https://example.com/cobalt/canyon/707""}"
708,708,151,created,2025-07-05 20:17:04,"{""short_code"":""vLRwwB"",""original_url"":""https://seeded.app/amber/yard/708""}"
709,709,202,created,2026-01-18 23:52:42,"{""short_code"":""bU20BO"",""original_url"":""https://opswise.net/gold/engine/709""}"
710,710,105,created,2026-02-19 00:14:09,"{""short_code"":""UOhVWd"",""original_url"":""https://acme.dev/vivid/valley/710""}"
711,711,225,created,2025-07-09 15:28:42,"{""short_code"":""dfA5jx"",""original_url"":""https://hackstack.io/proud/delta/711""}"
712,712,95,created,2025-09-20 12:10:43,"{""short_code"":""HmzR4R"",""original_url"":""https://opswise.net/warm/journey/712""}"
713,713,250,created,2026-01-10 21:45:39,"{""short_code"":""w5H21e"",""original_url"":""https://hackstack.io/lively/valley/713""}"
714,714,54,created,2025-12-23 00:26:50,"{""short_code"":""0hst8s"",""original_url"":""https://example.com/brisk/valley/714""}"
715,715,363,created,2025-03-26 06:59:32,"{""short_code"":""Uf02cY"",""original_url"":""https://hackstack.io/young/field/715""}"
716,716,269,created,2025-01-04 02:34:27,"{""short_code"":""zNShsm"",""original_url"":""https://acme.dev/brisk/pioneer/716""}"
717,717,6,created,2025-05-11 18:28:05,"{""short_code"":""pbjL6z"",""original_url"":""https://relay.cloud/urban/engine/717""}"
718,718,394,created,2025-05-17 16:28:12,"{""short_code"":""O19pF2"",""original_url"":""https://opswise.net/calm/engine/718""}"
719,719,220,created,2025-02-17 22:03:54,"{""short_code"":""8MgP0C"",""original_url"":""https://example.com/harbor/quartz/719""}"
720,720,293,created,2025-10-01 08:42:44,"{""short_code"":""4ctfyS"",""original_url"":""https://hackstack.io/gold/orbit/720""}"
721,721,307,created,2025-08-02 08:50:50,"{""short_code"":""NGvDpg"",""original_url"":""https://opswise.net/navy/island/721""}"
722,722,377,created,2025-01-03 19:22:11,"{""short_code"":""fjHu47"",""original_url"":""https://relay.cloud/forest/quartz/722""}"
723,723,186,created,2025-03-29 19:31:19,"{""short_code"":""qQ8dha"",""original_url"":""https://relay.cloud/rapid/network/723""}"
724,724,376,created,2026-02-13 23:34:30,"{""short_code"":""7rjON2"",""original_url"":""https://acme.dev/gold/yard/724""}"
725,725,271,created,2025-04-05 05:59:36,"{""short_code"":""zPHkXB"",""original_url"":""https://opswise.net/rapid/uplink/725""}"
726,726,216,created,2025-06-19 03:19:11,"{""short_code"":""O3U17Q"",""original_url"":""https://acme.dev/proud/signal/726""}"
727,727,346,created,2026-02-06 11:56:32,"{""short_code"":""VoMHMH"",""original_url"":""https://relay.cloud/brisk/kernel/727""}"
728,728,93,created,2025-07-16 20:17:08,"{""short_code"":""AhnLed"",""original_url"":""https://relay.cloud/forest/delta/728""}"
729,729,296,created,2025-03-27 09:12:16,"{""short_code"":""S20y9p"",""original_url"":""https://acme.dev/urban/journey/729""}"
730,730,323,created,2025-06-06 05:38:10,"{""short_code"":""9nHfbE"",""original_url"":""https://hackstack.io/brisk/island/730""}"
731,731,164,created,2025-03-11 11:13:10,"{""short_code"":""jsU9W9"",""original_url"":""https://hackstack.io/mellow/quartz/731""}"
732,732,325,created,2025-05-05 22:13:56,"{""short_code"":""O92Mtm"",""original_url"":""https://example.com/navy/garden/732""}"
733,733,70,created,2025-06-06 04:56:04,"{""short_code"":""F6jN1N"",""original_url"":""https://example.com/calm/yard/733""}"
734,734,341,created,2025-04-05 20:12:18,"{""short_code"":""xIni1F"",""original_url"":""https://example.com/rapid/meadow/734""}"
735,735,159,created,2025-04-22 04:56:21,"{""short_code"":""9HtbrP"",""original_url"":""https://relay.cloud/amber/valley/735""}"
736,736,59,created,2025-08-09 21:44:45,"{""short_code"":""lEk96S"",""original_url"":""https://seeded.app/quiet/garden/736""}"
737,737,265,created,2025-05-14 17:44:34,"{""short_code"":""Aj0pHQ"",""original_url"":""https://relay.cloud/opal/window/737""}"
738,738,121,created,2025-10-30 21:22:48,"{""short_code"":""1vFJtY"",""original_url"":""https://relay.cloud/opal/quartz/738""}"
739,739,189,created,2026-01-01 04:22:02,"{""short_code"":""qZgjsG"",""original_url"":""https://example.com/proud/lagoon/739""}"
740,740,9,created,2025-11-11 09:20:12,"{""short_code"":""bgT33q"",""original_url"":""https://opswise.net/proud/anchor/740""}"
741,741,36,created,2026-01-02 04:02:40,"{""short_code"":""GW19gn"",""original_url"":""https://acme.dev/vivid/journey/741""}"
742,742,310,created,2025-03-25 09:33:55,"{""short_code"":""raFyKB"",""original_url"":""https://hackstack.io/vivid/engine/742""}"
743,743,195,created,2025-12-30 05:44:11,"{""short_code"":""vqH1wv"",""original_url"":""https://hackstack.io/ivory/field/743""}"
744,744,234,created,2026-02-14 20:59:36,"{""short_code"":""do6Kda"",""original_url"":""https://example.com/jade/island/744""}"
745,745,395,created,2025-08-02 20:11:47,"{""short_code"":""7xZmAk"",""original_url"":""https://example.com/mellow/signal/745""}"
746,746,256,created,2025-11-04 23:23:41,"{""short_code"":""2GigXH"",""original_url"":""https://hackstack.io/ivory/canyon/746""}"
747,747,27,created,2025-03-06 09:18:36,"{""short_code"":""GteWjm"",""original_url"":""https://example.com/warm/canyon/747""}"
748,748,282,created,2025-04-02 07:44:05,"{""short_code"":""MVAZDg"",""original_url"":""https://seeded.app/jade/meadow/748""}"
749,749,264,created,2025-06-15 17:24:13,"{""short_code"":""2HYOUH"",""original_url"":""https://relay.cloud/proud/yard/749""}"
750,750,359,created,2025-03-18 16:26:40,"{""short_code"":""wZGKmn"",""original_url"":""https://example.com/clear/meadow/750""}"
751,751,79,created,2025-06-09 17:10:32,"{""short_code"":""CbZc7Y"",""original_url"":""https://example.com/tidy/kernel/751""}"
752,752,28,created,2025-04-03 02:38:01,"{""short_code"":""iklMG4"",""original_url"":""https://relay.cloud/forest/signal/752""}"
753,753,303,created,2025-06-11 20:23:54,"{""short_code"":""HRfF0b"",""original_url"":""https://opswise.net/cobalt/engine/753""}"
754,754,208,created,2025-04-11 12:02:07,"{""short_code"":""KMnrgx"",""original_url"":""https://relay.cloud/quiet/quartz/754""}"
755,755,14,created,2025-08-03 20:42:35,"{""short_code"":""Q1t2sB"",""original_url"":""https://relay.cloud/quiet/journey/755""}"
756,756,181,created,2025-08-17 14:57:51,"{""short_code"":""xbZ9mq"",""original_url"":""https://hackstack.io/clear/trail/756""}"
757,757,317,created,2026-01-01 00:54:38,"{""short_code"":""cEXfvm"",""original_url"":""https://acme.dev/mellow/orbit/757""}"
758,758,328,created,2025-07-29 16:34:57,"{""short_code"":""6sEm4V"",""original_url"":""https://seeded.app/opal/garden/758""}"
759,759,126,created,2025-09-25 14:05:32,"{""short_code"":""dCLQEy"",""original_url"":""https://relay.cloud/gold/pioneer/759""}"
760,760,117,created,2025-05-09 17:26:47,"{""short_code"":""KgMdDc"",""original_url"":""https://relay.cloud/harbor/canyon/760""}"
761,761,15,created,2025-12-01 00:52:50,"{""short_code"":""vBNCj9"",""original_url"":""https://seeded.app/cobalt/kernel/761""}"
762,762,26,created,2025-09-06 03:20:28,"{""short_code"":""auJfUV"",""original_url"":""https://example.com/brisk/window/762""}"
763,763,155,created,2025-09-02 20:33:32,"{""short_code"":""3s7dDN"",""original_url"":""https://opswise.net/navy/harvest/763""}"
764,764,335,created,2025-11-08 17:05:32,"{""short_code"":""2UmauS"",""original_url"":""https://opswise.net/opal/trail/764""}"
765,765,182,created,2025-12-06 16:08:33,"{""short_code"":""70vxFo"",""original_url"":""https://relay.cloud/gold/beacon/765""}"
766,766,9,created,2025-03-15 17:13:04,"{""short_code"":""hPiQiZ"",""original_url"":""https://hackstack.io/harbor/quartz/766""}"
767,767,61,created,2025-11-18 17:02:00,"{""short_code"":""7VRtci"",""original_url"":""https://hackstack.io/brisk/valley/767""}"
768,768,343,created,2025-08-29 17:55:46,"{""short_code"":""08jZlt"",""original_url"":""https://hackstack.io/forest/river/768""}"
769,769,273,created,2026-01-21 14:22:32,"{""short_code"":""gnfsa8"",""original_url"":""https://relay.cloud/lively/river/769""}"
770,770,9,created,2025-05-16 05:12:29,"{""short_code"":""7iRNEQ"",""original_url"":""https://seeded.app/warm/canyon/770""}"
771,771,265,created,2025-09-01 09:04:12,"{""short_code"":""OInSe4"",""original_url"":""https://hackstack.io/brisk/engine/771""}"
772,772,271,created,2025-03-24 00:00:33,"{""short_code"":""ZqKowM"",""original_url"":""https://example.com/proud/zenith/772""}"
773,773,7,created,2026-01-22 00:13:36,"{""short_code"":""X722Y8"",""original_url"":""https://hackstack.io/opal/beacon/773""}"
774,774,70,created,2025-12-04 01:01:05,"{""short_code"":""dsoDWE"",""original_url"":""https://example.com/ivory/beacon/774""}"
775,775,195,created,2025-07-30 18:10:07,"{""short_code"":""IAwLci"",""original_url"":""https://example.com/vivid/garden/775""}"
776,776,74,created,2025-11-05 03:04:00,"{""short_code"":""l5cUwz"",""original_url"":""https://relay.cloud/opal/lagoon/776""}"
777,777,301,created,2026-01-03 18:06:19,"{""short_code"":""qeP1qa"",""original_url"":""https://hackstack.io/opal/river/777""}"
778,778,12,created,2025-07-13 05:35:44,"{""short_code"":""dSmtoh"",""original_url"":""https://hackstack.io/mellow/canyon/778""}"
779,779,362,created,2025-01-12 12:01:38,"{""short_code"":""XPCI1V"",""original_url"":""https://relay.cloud/keen/garden/779""}"
780,780,111,created,2025-07-27 11:00:17,"{""short_code"":""C7CfWo"",""original_url"":""https://relay.cloud/amber/window/780""}"
781,781,160,created,2025-09-13 13:14:54,"{""short_code"":""uRPpvx"",""original_url"":""https://seeded.app/mellow/delta/781""}"
782,782,280,created,2025-02-22 14:44:29,"{""short_code"":""H9fCPB"",""original_url"":""https://seeded.app/navy/harvest/782""}"
783,783,255,created,2025-01-05 12:21:44,"{""short_code"":""LMYpTc"",""original_url"":""https://relay.cloud/gold/delta/783""}"
784,784,5,created,2025-09-29 14:31:13,"{""short_code"":""SWdXpd"",""original_url"":""https://relay.cloud/tidy/meadow/784""}"
785,785,343,created,2026-01-05 19:01:32,"{""short_code"":""7Vdr6P"",""original_url"":""https://seeded.app/amber/delta/785""}"
786,786,58,created,2026-02-16 17:40:23,"{""short_code"":""BtDEYp"",""original_url"":""https://relay.cloud/jade/kernel/786""}"
787,787,64,created,2025-07-24 05:23:38,"{""short_code"":""dKnj9m"",""original_url"":""https://acme.dev/quiet/anchor/787""}"
788,788,218,created,2025-08-05 10:45:12,"{""short_code"":""5YVSQx"",""original_url"":""https://seeded.app/vivid/signal/788""}"
789,789,259,created,2025-05-03 22:04:17,"{""short_code"":""fo93N1"",""original_url"":""https://hackstack.io/ember/uplink/789""}"
790,790,297,created,2025-10-29 17:45:42,"{""short_code"":""opve8t"",""original_url"":""https://seeded.app/opal/trail/790""}"
791,791,348,created,2025-09-15 10:11:09,"{""short_code"":""x4T5rf"",""original_url"":""https://seeded.app/ember/engine/791""}"
792,792,279,created,2025-06-18 19:58:27,"{""short_code"":""LkhMtI"",""original_url"":""https://relay.cloud/urban/harvest/792""}"
793,793,266,created,2025-02-16 04:59:34,"{""short_code"":""RxLPGa"",""original_url"":""https://seeded.app/cobalt/garden/793""}"
794,794,188,created,2026-01-29 08:43:20,"{""short_code"":""K5saYP"",""original_url"":""https://hackstack.io/amber/network/794""}"
795,795,111,created,2025-06-03 16:29:33,"{""short_code"":""puNP3g"",""original_url"":""https://example.com/lively/delta/795""}"
796,796,253,created,2025-04-27 11:39:56,"{""short_code"":""NJHEgy"",""original_url"":""https://relay.cloud/calm/anchor/796""}"
797,797,261,created,2025-12-31 02:05:05,"{""short_code"":""AT4XDa"",""original_url"":""https://seeded.app/forest/quartz/797""}"
798,798,88,created,2026-02-07 03:31:22,"{""short_code"":""pf5Ikl"",""original_url"":""https://acme.dev/vivid/delta/798""}"
799,799,282,created,2025-06-02 01:38:55,"{""short_code"":""zalFAb"",""original_url"":""https://relay.cloud/dawn/zenith/799""}"
800,800,234,created,2025-01-24 01:56:33,"{""short_code"":""7aAVSf"",""original_url"":""https://acme.dev/ivory/lagoon/800""}"
801,801,215,created,2025-02-12 20:28:39,"{""short_code"":""0VXgfZ"",""original_url"":""https://hackstack.io/navy/uplink/801""}"
802,802,10,created,2025-06-16 17:10:21,"{""short_code"":""NHy8hV"",""original_url"":""https://seeded.app/dawn/journey/802""}"
803,803,31,created,2025-04-17 18:14:50,"{""short_code"":""GEFOuc"",""original_url"":""https://seeded.app/rapid/canyon/803""}"
804,804,381,created,2025-06-11 23:26:41,"{""short_code"":""XBAXPL"",""original_url"":""https://relay.cloud/warm/anchor/804""}"
805,805,383,created,2025-08-29 10:21:57,"{""short_code"":""o3S1pA"",""original_url"":""https://relay.cloud/brisk/beacon/805""}"
806,806,390,created,2025-11-04 00:54:45,"{""short_code"":""RriTXL"",""original_url"":""https://opswise.net/amber/lagoon/806""}"
807,807,230,created,2025-12-28 20:17:03,"{""short_code"":""zZnyaA"",""original_url"":""https://seeded.app/tidy/zenith/807""}"
808,808,128,created,2025-08-02 01:46:14,"{""short_code"":""Biq3AI"",""original_url"":""https://seeded.app/young/harvest/808""}"
809,809,314,created,2025-12-31 19:09:05,"{""short_code"":""54cjCW"",""original_url"":""https://relay.cloud/gold/window/809""}"
810,810,230,created,2025-12-26 04:34:20,"{""short_code"":""IxqCiC"",""original_url"":""https://opswise.net/cobalt/journey/810""}"
811,811,375,created,2025-10-21 18:20:26,"{""short_code"":""u4hfA3"",""original_url"":""https://example.com/gold/kernel/811""}"
812,812,268,created,2025-11-14 02:27:42,"{""short_code"":""ElVu1C"",""original_url"":""https://seeded.app/rapid/beacon/812""}"
813,813,331,created,2025-01-11 08:10:15,"{""short_code"":""DjrCJf"",""original_url"":""https://seeded.app/ember/beacon/813""}"
814,814,107,created,2025-01-08 11:08:12,"{""short_code"":""Y57aXQ"",""original_url"":""https://example.com/lively/island/814""}"
815,815,298,created,2026-02-09 17:57:15,"{""short_code"":""ZXu7pc"",""original_url"":""https://seeded.app/vivid/engine/815""}"
816,816,73,created,2026-01-21 09:07:35,"{""short_code"":""3yv8lW"",""original_url"":""https://acme.dev/silver/pioneer/816""}"
817,817,66,created,2025-01-27 13:21:32,"{""short_code"":""lIyX2t"",""original_url"":""https://relay.cloud/jade/orbit/817""}"
818,818,336,created,2025-09-21 22:30:08,"{""short_code"":""hP4XMD"",""original_url"":""https://example.com/jade/valley/818""}"
819,819,297,created,2025-10-30 07:25:22,"{""short_code"":""QDourg"",""original_url"":""https://hackstack.io/quiet/orbit/819""}"
820,820,252,created,2025-09-18 23:32:00,"{""short_code"":""6IuEdi"",""original_url"":""https://hackstack.io/urban/anchor/820""}"
821,821,167,created,2025-01-02 07:16:57,"{""short_code"":""9q5L5l"",""original_url"":""https://example.com/proud/delta/821""}"
822,822,182,created,2025-03-06 14:51:51,"{""short_code"":""de7jFU"",""original_url"":""https://hackstack.io/cobalt/valley/822""}"
823,823,163,created,2025-10-20 06:39:21,"{""short_code"":""7HYB8O"",""original_url"":""https://example.com/keen/lagoon/823""}"
824,824,295,created,2025-06-16 06:40:34,"{""short_code"":""4z1iOc"",""original_url"":""https://opswise.net/rapid/pioneer/824""}"
825,825,156,created,2025-09-29 10:43:32,"{""short_code"":""RdWPDA"",""original_url"":""https://relay.cloud/navy/garden/825""}"
826,826,291,created,2025-04-09 01:48:18,"{""short_code"":""2HQrAi"",""original_url"":""https://opswise.net/opal/kernel/826""}"
827,827,272,created,2025-08-04 11:04:17,"{""short_code"":""6BORdJ"",""original_url"":""https://acme.dev/dawn/orbit/827""}"
828,828,86,created,2025-08-26 01:21:23,"{""short_code"":""klASsc"",""original_url"":""https://example.com/amber/yard/828""}"
829,829,322,created,2025-09-28 07:36:00,"{""short_code"":""9bF2QW"",""original_url"":""https://seeded.app/calm/journey/829""}"
830,830,147,created,2025-07-23 19:43:14,"{""short_code"":""yRMXYw"",""original_url"":""https://example.com/jade/yard/830""}"
831,831,208,created,2026-02-15 03:44:16,"{""short_code"":""2JWEm7"",""original_url"":""https://hackstack.io/warm/zenith/831""}"
832,832,359,created,2025-12-07 21:58:28,"{""short_code"":""1FtnHg"",""original_url"":""https://acme.dev/silver/delta/832""}"
833,833,389,created,2025-11-07 00:24:16,"{""short_code"":""ZBurO8"",""original_url"":""https://opswise.net/ember/window/833""}"
834,834,23,created,2025-07-06 16:53:42,"{""short_code"":""3QsHk8"",""original_url"":""https://hackstack.io/lively/pioneer/834""}"
835,835,257,created,2026-02-17 10:24:54,"{""short_code"":""tPneT5"",""original_url"":""https://seeded.app/dawn/uplink/835""}"
836,836,69,created,2025-01-22 04:51:30,"{""short_code"":""GY82gr"",""original_url"":""https://hackstack.io/tidy/pioneer/836""}"
837,837,201,created,2025-09-25 13:20:17,"{""short_code"":""qshD2L"",""original_url"":""https://acme.dev/forest/anchor/837""}"
838,838,230,created,2025-07-16 22:14:30,"{""short_code"":""igUnmx"",""original_url"":""https://hackstack.io/calm/yard/838""}"
839,839,389,created,2025-06-02 15:31:30,"{""short_code"":""ovErf3"",""original_url"":""https://acme.dev/warm/network/839""}"
840,840,87,created,2025-04-03 10:04:59,"{""short_code"":""P41IRV"",""original_url"":""https://acme.dev/calm/meadow/840""}"
841,841,52,created,2025-03-02 05:52:51,"{""short_code"":""Rd13RM"",""original_url"":""https://example.com/young/garden/841""}"
842,842,114,created,2025-04-12 11:13:26,"{""short_code"":""GmapK6"",""original_url"":""https://example.com/ivory/window/842""}"
843,843,167,created,2025-10-14 10:07:08,"{""short_code"":""OnMHpd"",""original_url"":""https://seeded.app/young/garden/843""}"
844,844,188,created,2025-11-27 00:40:22,"{""short_code"":""OJIqfH"",""original_url"":""https://hackstack.io/jade/island/844""}"
845,845,53,created,2025-05-15 18:21:40,"{""short_code"":""fq31ZI"",""original_url"":""https://example.com/calm/pioneer/845""}"
846,846,352,created,2025-07-31 11:35:22,"{""short_code"":""WpwZbc"",""original_url"":""https://hackstack.io/forest/quartz/846""}"
847,847,341,created,2025-04-13 21:14:14,"{""short_code"":""R0OaCK"",""original_url"":""https://seeded.app/mellow/orbit/847""}"
848,848,360,created,2025-06-08 11:31:47,"{""short_code"":""IfwCPS"",""original_url"":""https://opswise.net/urban/pioneer/848""}"
849,849,194,created,2025-04-23 06:11:03,"{""short_code"":""J7IlMV"",""original_url"":""https://seeded.app/navy/trail/849""}"
850,850,73,created,2025-12-13 13:01:58,"{""short_code"":""B3zf09"",""original_url"":""https://hackstack.io/jade/canyon/850""}"
851,851,320,created,2025-10-11 02:58:12,"{""short_code"":""9DV4rI"",""original_url"":""https://seeded.app/keen/river/851""}"
852,852,95,created,2025-03-03 14:23:53,"{""short_code"":""zk2ibQ"",""original_url"":""https://seeded.app/lively/beacon/852""}"
853,853,35,created,2025-10-13 14:06:40,"{""short_code"":""rJLN0u"",""original_url"":""https://seeded.app/ivory/anchor/853""}"
854,854,133,created,2025-06-25 23:03:13,"{""short_code"":""j61w73"",""original_url"":""https://example.com/quiet/pioneer/854""}"
855,855,314,created,2026-01-03 02:50:51,"{""short_code"":""rHsRSy"",""original_url"":""https://hackstack.io/calm/yard/855""}"
856,856,341,created,2025-03-14 05:54:38,"{""short_code"":""9iTLX0"",""original_url"":""https://hackstack.io/young/window/856""}"
857,857,349,created,2025-04-05 19:21:19,"{""short_code"":""nmF7L1"",""original_url"":""https://example.com/rapid/anchor/857""}"
858,858,176,created,2025-05-08 05:51:59,"{""short_code"":""WOfTtZ"",""original_url"":""https://seeded.app/clear/harvest/858""}"
859,859,25,created,2025-11-28 16:45:04,"{""short_code"":""gBiZjz"",""original_url"":""https://seeded.app/forest/harvest/859""}"
860,860,105,created,2026-02-15 12:30:27,"{""short_code"":""p658Vg"",""original_url"":""https://relay.cloud/harbor/orbit/860""}"
861,861,383,created,2026-02-14 17:35:52,"{""short_code"":""Rso5Mj"",""original_url"":""https://hackstack.io/young/delta/861""}"
862,862,11,created,2025-01-03 01:41:53,"{""short_code"":""pzxp6u"",""original_url"":""https://acme.dev/clear/valley/862""}"
863,863,292,created,2025-06-07 06:23:58,"{""short_code"":""JRBcYO"",""original_url"":""https://opswise.net/urban/trail/863""}"
864,864,347,created,2025-08-06 05:14:01,"{""short_code"":""z8p1pq"",""original_url"":""https://hackstack.io/tidy/delta/864""}"
865,865,40,created,2025-09-13 08:14:00,"{""short_code"":""1GAsQw"",""original_url"":""https://hackstack.io/navy/river/865""}"
866,866,184,created,2025-01-01 07:44:23,"{""short_code"":""q8rJNx"",""original_url"":""https://relay.cloud/lively/harvest/866""}"
867,867,145,created,2025-03-12 20:39:02,"{""short_code"":""a7rPN6"",""original_url"":""https://relay.cloud/clear/network/867""}"
868,868,85,created,2025-02-11 23:37:05,"{""short_code"":""HIUpi4"",""original_url"":""https://example.com/warm/quartz/868""}"
869,869,52,created,2025-05-31 09:22:03,"{""short_code"":""FePNLF"",""original_url"":""https://relay.cloud/proud/uplink/869""}"
870,870,21,created,2025-08-12 01:49:41,"{""short_code"":""4Lfxp6"",""original_url"":""https://hackstack.io/warm/zenith/870""}"
871,871,292,created,2025-04-10 06:48:48,"{""short_code"":""qDSMlr"",""original_url"":""https://acme.dev/silver/quartz/871""}"
872,872,52,created,2025-10-12 06:21:31,"{""short_code"":""U69IR6"",""original_url"":""https://seeded.app/young/uplink/872""}"
873,873,226,created,2025-06-19 12:54:21,"{""short_code"":""qIgLtg"",""original_url"":""https://seeded.app/calm/orbit/873""}"
874,874,48,created,2025-09-02 14:31:21,"{""short_code"":""NIO1Lr"",""original_url"":""https://seeded.app/jade/orbit/874""}"
875,875,272,created,2025-07-20 15:27:27,"{""short_code"":""axqr5o"",""original_url"":""https://seeded.app/opal/kernel/875""}"
876,876,282,created,2025-11-20 21:25:36,"{""short_code"":""rIrtqF"",""original_url"":""https://example.com/opal/beacon/876""}"
877,877,344,created,2025-03-09 01:24:36,"{""short_code"":""RzXtfd"",""original_url"":""https://acme.dev/dawn/field/877""}"
878,878,79,created,2026-01-05 13:00:01,"{""short_code"":""fZfdfb"",""original_url"":""https://opswise.net/harbor/garden/878""}"
879,879,261,created,2025-11-17 10:27:15,"{""short_code"":""ccyQ6l"",""original_url"":""https://example.com/brisk/zenith/879""}"
880,880,141,created,2025-04-30 05:58:29,"{""short_code"":""Ceo600"",""original_url"":""https://seeded.app/amber/garden/880""}"
881,881,320,created,2026-02-08 17:35:42,"{""short_code"":""EjUYCh"",""original_url"":""https://seeded.app/cobalt/journey/881""}"
882,882,150,created,2025-08-13 18:40:56,"{""short_code"":""6TwcTZ"",""original_url"":""https://acme.dev/lively/journey/882""}"
883,883,253,created,2025-12-21 11:34:54,"{""short_code"":""hTl33O"",""original_url"":""https://opswise.net/opal/yard/883""}"
884,884,8,created,2025-07-28 10:11:35,"{""short_code"":""DeOHR3"",""original_url"":""https://opswise.net/young/island/884""}"
885,885,302,created,2025-02-10 09:05:47,"{""short_code"":""QTIWkU"",""original_url"":""https://relay.cloud/dawn/kernel/885""}"
886,886,22,created,2025-10-05 15:53:16,"{""short_code"":""iPA8qZ"",""original_url"":""https://acme.dev/amber/signal/886""}"
887,887,232,created,2026-01-02 07:11:42,"{""short_code"":""XI9Cv4"",""original_url"":""https://opswise.net/lively/anchor/887""}"
888,888,328,created,2025-04-08 00:53:09,"{""short_code"":""ZeSKWF"",""original_url"":""https://hackstack.io/ivory/journey/888""}"
889,889,393,created,2025-06-24 13:29:35,"{""short_code"":""UUcgJ4"",""original_url"":""https://opswise.net/cobalt/signal/889""}"
890,890,121,created,2025-03-25 01:34:56,"{""short_code"":""Fyfwls"",""original_url"":""https://opswise.net/vivid/garden/890""}"
891,891,253,created,2025-05-07 04:23:52,"{""short_code"":""3oLGx8"",""original_url"":""https://seeded.app/lively/engine/891""}"
892,892,7,created,2025-03-25 21:07:06,"{""short_code"":""83Kyjk"",""original_url"":""https://example.com/forest/trail/892""}"
893,893,385,created,2025-02-11 03:08:50,"{""short_code"":""W6I8tQ"",""original_url"":""https://seeded.app/young/yard/893""}"
894,894,23,created,2025-08-22 04:02:51,"{""short_code"":""oGlcDz"",""original_url"":""https://acme.dev/amber/lagoon/894""}"
895,895,291,created,2025-10-01 20:58:57,"{""short_code"":""QlwZNf"",""original_url"":""https://hackstack.io/tidy/journey/895""}"
896,896,379,created,2025-04-05 11:48:48,"{""short_code"":""wZNUer"",""original_url"":""https://relay.cloud/brisk/harvest/896""}"
897,897,190,created,2025-12-31 17:20:55,"{""short_code"":""zXgnmP"",""original_url"":""https://seeded.app/quiet/zenith/897""}"
898,898,75,created,2025-03-14 08:54:13,"{""short_code"":""WT5ani"",""original_url"":""https://hackstack.io/silver/canyon/898""}"
899,899,74,created,2025-06-01 14:49:13,"{""short_code"":""gZScvL"",""original_url"":""https://hackstack.io/cobalt/journey/899""}"
900,900,225,created,2026-01-05 11:28:41,"{""short_code"":""MDds2N"",""original_url"":""https://acme.dev/amber/signal/900""}"
901,901,7,created,2025-04-13 15:10:53,"{""short_code"":""GQob1x"",""original_url"":""https://relay.cloud/urban/field/901""}"
902,902,229,created,2025-12-03 04:28:25,"{""short_code"":""qUk6QH"",""original_url"":""https://relay.cloud/cobalt/signal/902""}"
903,903,354,created,2025-02-12 03:57:37,"{""short_code"":""HNw01K"",""original_url"":""https://hackstack.io/proud/island/903""}"
904,904,374,created,2025-11-17 09:31:09,"{""short_code"":""z18Aad"",""original_url"":""https://hackstack.io/cobalt/uplink/904""}"
905,905,354,created,2025-08-10 20:47:25,"{""short_code"":""VMhXIL"",""original_url"":""https://hackstack.io/clear/window/905""}"
906,906,49,created,2025-09-20 00:14:45,"{""short_code"":""ANkKoK"",""original_url"":""https://example.com/forest/orbit/906""}"
907,907,385,created,2025-12-05 02:30:54,"{""short_code"":""lFRSfM"",""original_url"":""https://acme.dev/calm/engine/907""}"
908,908,134,created,2025-02-24 16:48:58,"{""short_code"":""8PhOO0"",""original_url"":""https://hackstack.io/dawn/zenith/908""}"
909,909,71,created,2026-02-06 02:07:04,"{""short_code"":""yuYu6U"",""original_url"":""https://opswise.net/dawn/signal/909""}"
910,910,267,created,2025-06-08 03:38:22,"{""short_code"":""cAZlRN"",""original_url"":""https://hackstack.io/urban/garden/910""}"
911,911,114,created,2025-09-17 05:10:54,"{""short_code"":""PQZUYJ"",""original_url"":""https://acme.dev/silver/orbit/911""}"
912,912,133,created,2025-07-11 23:24:24,"{""short_code"":""hSMm8b"",""original_url"":""https://seeded.app/amber/beacon/912""}"
913,913,380,created,2025-11-10 14:24:02,"{""short_code"":""aZa6KU"",""original_url"":""https://relay.cloud/quiet/quartz/913""}"
914,914,378,created,2025-10-06 05:43:57,"{""short_code"":""1tS3Sa"",""original_url"":""https://hackstack.io/amber/valley/914""}"
915,915,378,created,2025-02-13 19:41:02,"{""short_code"":""JQlfow"",""original_url"":""https://opswise.net/harbor/meadow/915""}"
916,916,254,created,2025-04-14 15:47:58,"{""short_code"":""SZkuLj"",""original_url"":""https://seeded.app/opal/orbit/916""}"
917,917,383,created,2025-04-10 18:17:47,"{""short_code"":""enEqhp"",""original_url"":""https://acme.dev/jade/anchor/917""}"
918,918,276,created,2025-12-08 15:28:08,"{""short_code"":""Glb49d"",""original_url"":""https://relay.cloud/warm/network/918""}"
919,919,379,created,2025-12-14 02:50:50,"{""short_code"":""ux49Yw"",""original_url"":""https://hackstack.io/warm/delta/919""}"
920,920,152,created,2025-06-29 12:30:42,"{""short_code"":""GUGz3f"",""original_url"":""https://seeded.app/vivid/delta/920""}"
921,921,197,created,2026-02-20 01:33:41,"{""short_code"":""pkwcYf"",""original_url"":""https://hackstack.io/brisk/lagoon/921""}"
922,922,206,created,2026-01-19 13:46:30,"{""short_code"":""Sti3kS"",""original_url"":""https://acme.dev/rapid/garden/922""}"
923,923,345,created,2025-03-19 21:01:44,"{""short_code"":""oLx8LD"",""original_url"":""https://hackstack.io/gold/journey/923""}"
924,924,192,created,2025-03-27 08:35:48,"{""short_code"":""Y0TNn0"",""original_url"":""https://hackstack.io/ivory/delta/924""}"
925,925,237,created,2025-01-31 01:00:44,"{""short_code"":""VdQ9Xp"",""original_url"":""https://relay.cloud/tidy/journey/925""}"
926,926,333,created,2025-05-18 05:44:57,"{""short_code"":""BAcGoX"",""original_url"":""https://opswise.net/navy/garden/926""}"
927,927,362,created,2025-10-01 03:05:22,"{""short_code"":""LmvzJO"",""original_url"":""https://opswise.net/rapid/valley/927""}"
928,928,301,created,2025-01-11 03:43:32,"{""short_code"":""fSPAoV"",""original_url"":""https://hackstack.io/ivory/network/928""}"
929,929,203,created,2025-12-23 04:01:02,"{""short_code"":""8SZRBS"",""original_url"":""https://hackstack.io/brisk/window/929""}"
930,930,365,created,2025-08-20 17:11:01,"{""short_code"":""5FFbup"",""original_url"":""https://hackstack.io/vivid/island/930""}"
931,931,130,created,2025-03-29 02:59:36,"{""short_code"":""DMyuV0"",""original_url"":""https://seeded.app/ember/uplink/931""}"
932,932,31,created,2025-08-09 18:22:27,"{""short_code"":""aq5dt4"",""original_url"":""https://seeded.app/navy/journey/932""}"
933,933,335,created,2025-10-05 10:57:39,"{""short_code"":""8nRhkg"",""original_url"":""https://hackstack.io/silver/yard/933""}"
934,934,309,created,2025-02-18 03:46:29,"{""short_code"":""WCZBXd"",""original_url"":""https://example.com/rapid/canyon/934""}"
935,935,16,created,2025-04-14 02:42:43,"{""short_code"":""mNgIYN"",""original_url"":""https://hackstack.io/urban/canyon/935""}"
936,936,1,created,2025-01-21 17:24:18,"{""short_code"":""k3AIi3"",""original_url"":""https://relay.cloud/calm/window/936""}"
937,937,359,created,2025-10-20 04:41:07,"{""short_code"":""H64IR7"",""original_url"":""https://hackstack.io/ivory/trail/937""}"
938,938,275,created,2025-04-01 04:03:37,"{""short_code"":""Avr8DR"",""original_url"":""https://relay.cloud/gold/kernel/938""}"
939,939,175,created,2025-06-01 12:40:20,"{""short_code"":""lz2G4M"",""original_url"":""https://relay.cloud/proud/beacon/939""}"
940,940,34,created,2025-02-28 12:42:43,"{""short_code"":""PpN8D9"",""original_url"":""https://seeded.app/urban/yard/940""}"
941,941,49,created,2025-03-10 03:32:44,"{""short_code"":""sgzqOD"",""original_url"":""https://relay.cloud/keen/garden/941""}"
942,942,160,created,2025-01-26 03:05:58,"{""short_code"":""YYMN4L"",""original_url"":""https://hackstack.io/urban/field/942""}"
943,943,375,created,2025-05-06 02:56:52,"{""short_code"":""OumdYJ"",""original_url"":""https://example.com/warm/meadow/943""}"
944,944,174,created,2025-05-24 13:32:19,"{""short_code"":""bGHJeg"",""original_url"":""https://relay.cloud/harbor/island/944""}"
945,945,149,created,2025-02-02 10:21:05,"{""short_code"":""DiUQHc"",""original_url"":""https://seeded.app/urban/anchor/945""}"
946,946,205,created,2025-03-13 21:03:41,"{""short_code"":""ZtPHFN"",""original_url"":""https://relay.cloud/vivid/garden/946""}"
947,947,374,created,2025-08-18 08:44:55,"{""short_code"":""WCJZJ9"",""original_url"":""https://acme.dev/ember/orbit/947""}"
948,948,286,created,2025-06-29 08:12:30,"{""short_code"":""RZ5HTq"",""original_url"":""https://relay.cloud/amber/kernel/948""}"
949,949,277,created,2025-02-22 23:12:39,"{""short_code"":""K5iT1l"",""original_url"":""https://relay.cloud/dawn/quartz/949""}"
950,950,267,created,2025-03-16 05:05:32,"{""short_code"":""9ehFie"",""original_url"":""https://acme.dev/navy/garden/950""}"
951,951,162,created,2025-09-17 07:30:47,"{""short_code"":""TF33J1"",""original_url"":""https://acme.dev/forest/field/951""}"
952,952,161,created,2025-09-12 20:24:23,"{""short_code"":""LrolvC"",""original_url"":""https://example.com/lively/network/952""}"
953,953,53,created,2025-10-03 09:07:24,"{""short_code"":""aQ0Ivj"",""original_url"":""https://hackstack.io/warm/zenith/953""}"
954,954,379,created,2026-01-07 02:13:58,"{""short_code"":""zeVzIQ"",""original_url"":""https://relay.cloud/forest/meadow/954""}"
955,955,235,created,2025-09-07 00:23:08,"{""short_code"":""kiRH7T"",""original_url"":""https://acme.dev/ivory/garden/955""}"
956,956,272,created,2025-07-27 23:18:06,"{""short_code"":""FJSbgq"",""original_url"":""https://seeded.app/dawn/field/956""}"
957,957,28,created,2025-12-31 13:33:02,"{""short_code"":""k2xsYN"",""original_url"":""https://seeded.app/proud/garden/957""}"
958,958,234,created,2025-10-23 02:24:45,"{""short_code"":""YW1Z2X"",""original_url"":""https://relay.cloud/young/window/958""}"
959,959,222,created,2025-07-21 15:03:23,"{""short_code"":""QwPXy2"",""original_url"":""https://relay.cloud/ivory/pioneer/959""}"
960,960,168,created,2025-01-03 12:54:37,"{""short_code"":""TaCMzE"",""original_url"":""https://opswise.net/lively/quartz/960""}"
961,961,33,created,2025-09-15 17:46:06,"{""short_code"":""G9bCBU"",""original_url"":""https://seeded.app/ivory/pioneer/961""}"
962,962,284,created,2025-02-20 19:33:08,"{""short_code"":""WNZn07"",""original_url"":""https://seeded.app/warm/journey/962""}"
963,963,398,created,2026-01-30 17:59:37,"{""short_code"":""NMuLTP"",""original_url"":""https://seeded.app/clear/yard/963""}"
964,964,189,created,2025-01-17 06:21:16,"{""short_code"":""lTFEa4"",""original_url"":""https://hackstack.io/forest/network/964""}"
965,965,259,created,2025-08-24 10:50:01,"{""short_code"":""xyK1WA"",""original_url"":""https://acme.dev/cobalt/canyon/965""}"
966,966,34,created,2025-06-01 17:57:11,"{""short_code"":""Wf5n1R"",""original_url"":""https://relay.cloud/clear/island/966""}"
967,967,212,created,2025-03-01 22:12:20,"{""short_code"":""2y7XWH"",""original_url"":""https://example.com/vivid/pioneer/967""}"
968,968,234,created,2025-02-19 01:54:01,"{""short_code"":""a80HFQ"",""original_url"":""https://seeded.app/navy/harvest/968""}"
969,969,154,created,2025-02-10 14:42:37,"{""short_code"":""nnX43L"",""original_url"":""https://relay.cloud/ivory/trail/969""}"
970,970,48,created,2025-09-30 08:33:15,"{""short_code"":""WG7zkP"",""original_url"":""https://hackstack.io/keen/valley/970""}"
971,971,293,created,2025-10-09 16:22:01,"{""short_code"":""qXxbHz"",""original_url"":""https://seeded.app/quiet/field/971""}"
972,972,88,created,2025-12-08 09:32:05,"{""short_code"":""fzynPs"",""original_url"":""https://example.com/ember/anchor/972""}"
973,973,180,created,2025-05-10 01:09:13,"{""short_code"":""pP6HHC"",""original_url"":""https://seeded.app/ivory/field/973""}"
974,974,279,created,2025-11-28 09:54:00,"{""short_code"":""hhaqm8"",""original_url"":""https://relay.cloud/opal/lagoon/974""}"
975,975,93,created,2025-08-03 02:35:07,"{""short_code"":""giq8wE"",""original_url"":""https://example.com/urban/harvest/975""}"
976,976,78,created,2025-05-13 00:52:46,"{""short_code"":""TfMMGd"",""original_url"":""https://seeded.app/ivory/canyon/976""}"
977,977,263,created,2025-08-21 21:52:29,"{""short_code"":""5zUyvM"",""original_url"":""https://relay.cloud/silver/meadow/977""}"
978,978,162,created,2025-10-26 16:30:34,"{""short_code"":""NJwSZn"",""original_url"":""https://seeded.app/vivid/pioneer/978""}"
979,979,100,created,2025-03-12 23:00:28,"{""short_code"":""SFDaHC"",""original_url"":""https://hackstack.io/opal/orbit/979""}"
980,980,393,created,2025-09-23 18:32:04,"{""short_code"":""kjro2R"",""original_url"":""https://seeded.app/vivid/network/980""}"
981,981,122,created,2025-08-09 03:25:47,"{""short_code"":""q0qCdY"",""original_url"":""https://opswise.net/jade/kernel/981""}"
982,982,378,created,2025-07-22 00:19:12,"{""short_code"":""qm4TWU"",""original_url"":""https://example.com/calm/orbit/982""}"
983,983,123,created,2026-01-25 01:07:13,"{""short_code"":""PVt1RE"",""original_url"":""https://example.com/opal/yard/983""}"
984,984,96,created,2025-02-28 10:34:23,"{""short_code"":""zaFe8H"",""original_url"":""https://hackstack.io/lively/anchor/984""}"
985,985,48,created,2025-01-03 09:42:13,"{""short_code"":""xLtcO5"",""original_url"":""https://opswise.net/keen/garden/985""}"
986,986,268,created,2025-11-18 16:41:10,"{""short_code"":""3ZhXBO"",""original_url"":""https://acme.dev/ember/meadow/986""}"
987,987,29,created,2025-03-13 22:35:45,"{""short_code"":""NmvFwu"",""original_url"":""https://relay.cloud/calm/uplink/987""}"
988,988,390,created,2025-09-01 16:44:38,"{""short_code"":""ySxlos"",""original_url"":""https://example.com/rapid/anchor/988""}"
989,989,190,created,2025-06-11 17:58:54,"{""short_code"":""hA8X0U"",""original_url"":""https://opswise.net/dawn/field/989""}"
990,990,319,created,2026-01-19 13:49:33,"{""short_code"":""8x5MGr"",""original_url"":""https://seeded.app/amber/quartz/990""}"
991,991,30,created,2026-02-09 09:08:18,"{""short_code"":""uaa0Vu"",""original_url"":""https://opswise.net/ember/yard/991""}"
992,992,286,created,2026-01-25 17:17:06,"{""short_code"":""tpqdWB"",""original_url"":""https://example.com/opal/zenith/992""}"
993,993,355,created,2025-04-19 02:38:17,"{""short_code"":""kkCnJk"",""original_url"":""https://relay.cloud/quiet/engine/993""}"
994,994,385,created,2026-02-05 08:42:55,"{""short_code"":""ROTTGn"",""original_url"":""https://hackstack.io/tidy/zenith/994""}"
995,995,109,created,2025-11-23 13:48:55,"{""short_code"":""cTxYzZ"",""original_url"":""https://relay.cloud/young/orbit/995""}"
996,996,107,created,2025-04-02 01:36:09,"{""short_code"":""8fB2dW"",""original_url"":""https://example.com/rapid/river/996""}"
997,997,181,created,2025-05-15 04:49:39,"{""short_code"":""JhS2ku"",""original_url"":""https://hackstack.io/cobalt/pioneer/997""}"
998,998,50,created,2025-10-12 12:09:55,"{""short_code"":""ZH7fyx"",""original_url"":""https://seeded.app/tidy/island/998""}"
999,999,164,created,2025-06-29 12:30:11,"{""short_code"":""SlwOuY"",""original_url"":""https://opswise.net/jade/canyon/999""}"
1000,1000,198,created,2026-02-06 03:37:58,"{""short_code"":""NlpC9j"",""original_url"":""https://opswise.net/amber/meadow/1000""}"
1001,1001,19,created,2025-02-15 10:12:42,"{""short_code"":""eXinSz"",""original_url"":""https://seeded.app/dawn/harvest/1001""}"
1002,1002,167,created,2025-05-08 17:01:00,"{""short_code"":""E1nVFw"",""original_url"":""https://seeded.app/gold/quartz/1002""}"
1003,1003,327,created,2025-04-23 05:02:48,"{""short_code"":""TO9tue"",""original_url"":""https://relay.cloud/amber/trail/1003""}"
1004,1004,393,created,2025-11-13 14:53:33,"{""short_code"":""4WYfEF"",""original_url"":""https://relay.cloud/quiet/journey/1004""}"
1005,1005,28,created,2025-03-03 17:17:20,"{""short_code"":""EOl5ew"",""original_url"":""https://hackstack.io/forest/engine/1005""}"
1006,1006,75,created,2025-01-09 17:09:48,"{""short_code"":""TfzZ12"",""original_url"":""https://seeded.app/amber/valley/1006""}"
1007,1007,353,created,2025-05-26 20:00:19,"{""short_code"":""PmfObY"",""original_url"":""https://acme.dev/quiet/trail/1007""}"
1008,1008,385,created,2025-06-06 19:30:09,"{""short_code"":""K8Wsvh"",""original_url"":""https://example.com/vivid/delta/1008""}"
1009,1009,311,created,2025-05-18 15:53:52,"{""short_code"":""OQd8xf"",""original_url"":""https://relay.cloud/proud/kernel/1009""}"
1010,1010,134,created,2025-01-08 10:44:34,"{""short_code"":""XDoio5"",""original_url"":""https://hackstack.io/quiet/delta/1010""}"
1011,1011,143,created,2025-04-15 11:56:54,"{""short_code"":""5oCsZo"",""original_url"":""https://hackstack.io/vivid/journey/1011""}"
1012,1012,231,created,2025-12-11 04:26:54,"{""short_code"":""DPHdyu"",""original_url"":""https://acme.dev/warm/yard/1012""}"
1013,1013,65,created,2025-07-15 06:49:53,"{""short_code"":""tFiKxI"",""original_url"":""https://example.com/opal/beacon/1013""}"
1014,1014,81,created,2026-02-14 07:12:55,"{""short_code"":""WbsD74"",""original_url"":""https://opswise.net/quiet/field/1014""}"
1015,1015,5,created,2025-12-12 23:56:12,"{""short_code"":""qw34US"",""original_url"":""https://acme.dev/brisk/journey/1015""}"
1016,1016,182,created,2025-12-07 13:13:54,"{""short_code"":""IN5Uze"",""original_url"":""https://acme.dev/navy/uplink/1016""}"
1017,1017,361,created,2025-10-09 01:12:11,"{""short_code"":""DsnE4b"",""original_url"":""https://hackstack.io/amber/uplink/1017""}"
1018,1018,99,created,2026-01-06 00:48:57,"{""short_code"":""ZJUFsA"",""original_url"":""https://example.com/lively/island/1018""}"
1019,1019,59,created,2025-05-29 22:07:39,"{""short_code"":""Z1F8nk"",""original_url"":""https://seeded.app/brisk/pioneer/1019""}"
1020,1020,329,created,2026-02-11 19:00:44,"{""short_code"":""AOHhZr"",""original_url"":""https://relay.cloud/gold/river/1020""}"
1021,1021,344,created,2025-08-08 03:48:15,"{""short_code"":""WgaTOv"",""original_url"":""https://seeded.app/gold/canyon/1021""}"
1022,1022,203,created,2025-12-02 23:05:22,"{""short_code"":""1rbstb"",""original_url"":""https://hackstack.io/vivid/journey/1022""}"
1023,1023,163,created,2025-07-12 04:34:51,"{""short_code"":""Ili7YX"",""original_url"":""https://seeded.app/harbor/orbit/1023""}"
1024,1024,109,created,2025-11-21 11:33:00,"{""short_code"":""lgGQwy"",""original_url"":""https://relay.cloud/urban/harvest/1024""}"
1025,1025,228,created,2025-01-16 06:47:53,"{""short_code"":""OryYDZ"",""original_url"":""https://seeded.app/young/yard/1025""}"
1026,1026,175,created,2025-07-18 18:37:33,"{""short_code"":""InNJKx"",""original_url"":""https://seeded.app/forest/pioneer/1026""}"
1027,1027,232,created,2025-02-28 01:33:18,"{""short_code"":""cUE312"",""original_url"":""https://example.com/calm/delta/1027""}"
1028,1028,361,created,2025-06-26 03:10:38,"{""short_code"":""f0n3WR"",""original_url"":""https://example.com/proud/window/1028""}"
1029,1029,70,created,2025-08-06 12:01:37,"{""short_code"":""FKgg8C"",""original_url"":""https://opswise.net/urban/harvest/1029""}"
1030,1030,112,created,2026-02-14 11:58:31,"{""short_code"":""KweyHb"",""original_url"":""https://relay.cloud/cobalt/pioneer/1030""}"
1031,1031,332,created,2025-07-19 20:02:38,"{""short_code"":""67e0k7"",""original_url"":""https://acme.dev/harbor/journey/1031""}"
1032,1032,374,created,2025-01-02 05:46:45,"{""short_code"":""SNArT5"",""original_url"":""https://relay.cloud/gold/trail/1032""}"
1033,1033,88,created,2025-05-31 14:08:56,"{""short_code"":""2kN2gf"",""original_url"":""https://opswise.net/warm/yard/1033""}"
1034,1034,220,created,2025-02-17 15:32:01,"{""short_code"":""avyonA"",""original_url"":""https://acme.dev/forest/canyon/1034""}"
1035,1035,18,created,2025-06-04 10:58:31,"{""short_code"":""Z23utZ"",""original_url"":""https://hackstack.io/vivid/anchor/1035""}"
1036,1036,241,created,2026-01-24 10:18:35,"{""short_code"":""kN3eJN"",""original_url"":""https://relay.cloud/cobalt/harvest/1036""}"
1037,1037,269,created,2025-02-26 11:48:10,"{""short_code"":""D3V9wQ"",""original_url"":""https://example.com/tidy/zenith/1037""}"
1038,1038,259,created,2025-07-22 07:02:22,"{""short_code"":""mg5Rym"",""original_url"":""https://hackstack.io/ivory/island/1038""}"
1039,1039,353,created,2025-04-09 02:07:54,"{""short_code"":""XWlwIb"",""original_url"":""https://example.com/tidy/beacon/1039""}"
1040,1040,301,created,2025-03-13 04:37:11,"{""short_code"":""TQKuVB"",""original_url"":""https://relay.cloud/navy/island/1040""}"
1041,1041,316,created,2025-12-26 13:16:18,"{""short_code"":""RvyXQP"",""original_url"":""https://seeded.app/lively/signal/1041""}"
1042,1042,48,created,2025-06-06 09:46:15,"{""short_code"":""UipLRl"",""original_url"":""https://acme.dev/urban/orbit/1042""}"
1043,1043,308,created,2025-03-14 08:17:03,"{""short_code"":""UBTmwl"",""original_url"":""https://hackstack.io/dawn/canyon/1043""}"
1044,1044,224,created,2025-05-07 06:23:56,"{""short_code"":""ATZeXm"",""original_url"":""https://opswise.net/clear/lagoon/1044""}"
1045,1045,299,created,2025-03-12 19:56:26,"{""short_code"":""FJCCR8"",""original_url"":""https://opswise.net/tidy/kernel/1045""}"
1046,1046,186,created,2025-08-15 18:27:19,"{""short_code"":""VEr9s8"",""original_url"":""https://relay.cloud/dawn/lagoon/1046""}"
1047,1047,155,created,2025-03-14 07:36:58,"{""short_code"":""GYlQDo"",""original_url"":""https://relay.cloud/ember/zenith/1047""}"
1048,1048,91,created,2025-05-16 22:22:10,"{""short_code"":""Xd1opb"",""original_url"":""https://relay.cloud/warm/river/1048""}"
1049,1049,173,created,2025-06-27 12:30:57,"{""short_code"":""GZo7YC"",""original_url"":""https://relay.cloud/forest/delta/1049""}"
1050,1050,395,created,2025-12-17 06:18:15,"{""short_code"":""rrvNjd"",""original_url"":""https://example.com/clear/delta/1050""}"
1051,1051,118,created,2025-01-16 10:15:39,"{""short_code"":""CfGtYC"",""original_url"":""https://example.com/amber/engine/1051""}"
1052,1052,317,created,2025-11-10 22:24:14,"{""short_code"":""AXhMiT"",""original_url"":""https://hackstack.io/keen/canyon/1052""}"
1053,1053,296,created,2025-10-13 06:05:48,"{""short_code"":""lftikX"",""original_url"":""https://seeded.app/mellow/engine/1053""}"
1054,1054,49,created,2025-08-08 12:51:09,"{""short_code"":""oc6hx4"",""original_url"":""https://seeded.app/forest/garden/1054""}"
1055,1055,24,created,2025-11-25 17:06:36,"{""short_code"":""MF4O5P"",""original_url"":""https://relay.cloud/rapid/engine/1055""}"
1056,1056,329,created,2025-01-16 03:36:45,"{""short_code"":""576UNb"",""original_url"":""https://relay.cloud/gold/delta/1056""}"
1057,1057,56,created,2025-11-11 12:19:33,"{""short_code"":""C26gk6"",""original_url"":""https://acme.dev/harbor/zenith/1057""}"
1058,1058,170,created,2025-04-08 12:53:00,"{""short_code"":""2jYTUK"",""original_url"":""https://acme.dev/harbor/quartz/1058""}"
1059,1059,20,created,2025-02-20 21:33:54,"{""short_code"":""UuNVx7"",""original_url"":""https://hackstack.io/ivory/yard/1059""}"
1060,1060,213,created,2025-02-01 03:55:20,"{""short_code"":""GPcFO5"",""original_url"":""https://seeded.app/warm/trail/1060""}"
1061,1061,262,created,2025-11-12 03:57:11,"{""short_code"":""7dQMu0"",""original_url"":""https://seeded.app/opal/meadow/1061""}"
1062,1062,397,created,2025-06-23 11:51:53,"{""short_code"":""bb1yxw"",""original_url"":""https://opswise.net/warm/zenith/1062""}"
1063,1063,283,created,2025-08-09 01:21:32,"{""short_code"":""DyURSX"",""original_url"":""https://relay.cloud/mellow/island/1063""}"
1064,1064,179,created,2025-05-28 04:16:56,"{""short_code"":""MOcSze"",""original_url"":""https://relay.cloud/forest/field/1064""}"
1065,1065,94,created,2026-02-02 23:04:20,"{""short_code"":""iA9Kyf"",""original_url"":""https://example.com/ember/yard/1065""}"
1066,1066,93,created,2026-02-02 15:58:16,"{""short_code"":""4XR3nL"",""original_url"":""https://example.com/ivory/uplink/1066""}"
1067,1067,41,created,2025-10-27 13:44:09,"{""short_code"":""vbmUsp"",""original_url"":""https://hackstack.io/opal/meadow/1067""}"
1068,1068,195,created,2025-02-21 17:31:34,"{""short_code"":""KUMgaF"",""original_url"":""https://seeded.app/forest/trail/1068""}"
1069,1069,54,created,2025-08-08 17:00:43,"{""short_code"":""mji88Q"",""original_url"":""https://hackstack.io/proud/garden/1069""}"
1070,1070,136,created,2025-06-20 10:20:25,"{""short_code"":""tLEu4E"",""original_url"":""https://opswise.net/mellow/field/1070""}"
1071,1071,166,created,2025-03-17 10:44:37,"{""short_code"":""Mw3yJE"",""original_url"":""https://example.com/harbor/valley/1071""}"
1072,1072,130,created,2025-02-08 10:10:11,"{""short_code"":""9AgjEp"",""original_url"":""https://opswise.net/jade/quartz/1072""}"
1073,1073,345,created,2025-02-20 16:23:13,"{""short_code"":""MRvxTe"",""original_url"":""https://relay.cloud/ivory/window/1073""}"
1074,1074,237,created,2026-02-14 07:14:27,"{""short_code"":""GiWcsl"",""original_url"":""https://seeded.app/warm/beacon/1074""}"
1075,1075,126,created,2025-01-31 20:22:11,"{""short_code"":""Qe0EVq"",""original_url"":""https://acme.dev/harbor/signal/1075""}"
1076,1076,14,created,2025-07-06 19:03:42,"{""short_code"":""dkFOFV"",""original_url"":""https://opswise.net/gold/zenith/1076""}"
1077,1077,24,created,2025-06-01 05:38:45,"{""short_code"":""vuMtKG"",""original_url"":""https://acme.dev/rapid/network/1077""}"
1078,1078,375,created,2025-07-23 22:45:58,"{""short_code"":""6yd1SN"",""original_url"":""https://hackstack.io/silver/window/1078""}"
1079,1079,242,created,2025-06-01 03:32:42,"{""short_code"":""tyLjwu"",""original_url"":""https://hackstack.io/mellow/beacon/1079""}"
1080,1080,257,created,2025-08-02 19:52:52,"{""short_code"":""iWUCDS"",""original_url"":""https://acme.dev/silver/zenith/1080""}"
1081,1081,14,created,2025-05-07 12:26:52,"{""short_code"":""x74YHs"",""original_url"":""https://example.com/proud/quartz/1081""}"
1082,1082,26,created,2025-03-20 00:15:01,"{""short_code"":""btoL6t"",""original_url"":""https://seeded.app/quiet/trail/1082""}"
1083,1083,267,created,2025-10-10 12:00:25,"{""short_code"":""xDUuTk"",""original_url"":""https://seeded.app/clear/canyon/1083""}"
1084,1084,195,created,2025-02-27 22:52:01,"{""short_code"":""oqhlXw"",""original_url"":""https://acme.dev/navy/field/1084""}"
1085,1085,320,created,2025-04-04 11:52:45,"{""short_code"":""CgBlc0"",""original_url"":""https://acme.dev/clear/orbit/1085""}"
1086,1086,281,created,2025-10-19 22:07:06,"{""short_code"":""MAzWN9"",""original_url"":""https://acme.dev/young/pioneer/1086""}"
1087,1087,337,created,2025-04-25 13:36:49,"{""short_code"":""KjqSCI"",""original_url"":""https://seeded.app/ivory/signal/1087""}"
1088,1088,238,created,2025-04-02 01:46:40,"{""short_code"":""mBcTLE"",""original_url"":""https://relay.cloud/tidy/pioneer/1088""}"
1089,1089,135,created,2025-01-05 23:16:01,"{""short_code"":""mQpu8L"",""original_url"":""https://acme.dev/dawn/window/1089""}"
1090,1090,360,created,2025-07-02 02:24:09,"{""short_code"":""Ghawc3"",""original_url"":""https://relay.cloud/dawn/orbit/1090""}"
1091,1091,313,created,2025-08-26 15:21:42,"{""short_code"":""dwpvvR"",""original_url"":""https://hackstack.io/navy/journey/1091""}"
1092,1092,77,created,2025-02-28 09:01:34,"{""short_code"":""FNpWVS"",""original_url"":""https://acme.dev/cobalt/signal/1092""}"
1093,1093,104,created,2025-12-15 16:47:19,"{""short_code"":""lTAlz2"",""original_url"":""https://acme.dev/ember/quartz/1093""}"
1094,1094,263,created,2026-01-02 05:57:30,"{""short_code"":""3yzcGa"",""original_url"":""https://hackstack.io/vivid/engine/1094""}"
1095,1095,206,created,2025-01-21 01:03:52,"{""short_code"":""xipCFm"",""original_url"":""https://opswise.net/calm/meadow/1095""}"
1096,1096,362,created,2025-10-23 08:18:25,"{""short_code"":""ihd8jA"",""original_url"":""https://relay.cloud/rapid/meadow/1096""}"
1097,1097,49,created,2025-02-03 06:26:26,"{""short_code"":""VNbGzX"",""original_url"":""https://hackstack.io/vivid/river/1097""}"
1098,1098,129,created,2025-09-28 12:58:46,"{""short_code"":""X66QsL"",""original_url"":""https://relay.cloud/lively/uplink/1098""}"
1099,1099,380,created,2025-09-27 23:31:23,"{""short_code"":""GUQgrJ"",""original_url"":""https://seeded.app/mellow/island/1099""}"
1100,1100,63,created,2025-03-24 19:30:36,"{""short_code"":""umcWst"",""original_url"":""https://seeded.app/silver/trail/1100""}"
1101,1101,59,created,2026-02-02 09:16:04,"{""short_code"":""cEO4Cn"",""original_url"":""https://seeded.app/harbor/beacon/1101""}"
1102,1102,86,created,2025-07-01 18:02:03,"{""short_code"":""5v2utk"",""original_url"":""https://relay.cloud/urban/beacon/1102""}"
1103,1103,383,created,2025-02-03 13:47:35,"{""short_code"":""HTw93y"",""original_url"":""https://example.com/mellow/window/1103""}"
1104,1104,126,created,2026-01-08 23:17:13,"{""short_code"":""rneDh9"",""original_url"":""https://relay.cloud/mellow/zenith/1104""}"
1105,1105,263,created,2025-05-13 23:01:20,"{""short_code"":""tKQmiL"",""original_url"":""https://seeded.app/calm/quartz/1105""}"
1106,1106,373,created,2025-07-20 08:23:20,"{""short_code"":""Mj4Jnv"",""original_url"":""https://acme.dev/vivid/harvest/1106""}"
1107,1107,204,created,2025-11-06 18:08:37,"{""short_code"":""LuWr2R"",""original_url"":""https://example.com/young/beacon/1107""}"
1108,1108,224,created,2025-09-10 10:19:17,"{""short_code"":""Yy5x90"",""original_url"":""https://acme.dev/calm/kernel/1108""}"
1109,1109,370,created,2025-04-25 18:06:03,"{""short_code"":""ggMfjN"",""original_url"":""https://hackstack.io/amber/network/1109""}"
1110,1110,207,created,2026-01-22 16:36:18,"{""short_code"":""rMgwl2"",""original_url"":""https://acme.dev/urban/garden/1110""}"
1111,1111,63,created,2025-02-15 15:38:31,"{""short_code"":""0Cr8k1"",""original_url"":""https://example.com/navy/network/1111""}"
1112,1112,172,created,2025-06-25 13:34:00,"{""short_code"":""ciENy2"",""original_url"":""https://seeded.app/keen/yard/1112""}"
1113,1113,240,created,2026-01-21 13:24:47,"{""short_code"":""r1kK99"",""original_url"":""https://opswise.net/gold/lagoon/1113""}"
1114,1114,384,created,2025-03-23 20:10:57,"{""short_code"":""VN9H61"",""original_url"":""https://example.com/clear/window/1114""}"
1115,1115,2,created,2025-06-16 19:47:46,"{""short_code"":""LbP8UA"",""original_url"":""https://opswise.net/amber/orbit/1115""}"
1116,1116,113,created,2025-06-30 05:03:26,"{""short_code"":""JaD6EY"",""original_url"":""https://relay.cloud/mellow/orbit/1116""}"
1117,1117,371,created,2025-03-19 21:44:55,"{""short_code"":""28vDxN"",""original_url"":""https://seeded.app/amber/river/1117""}"
1118,1118,360,created,2025-11-18 00:27:23,"{""short_code"":""O4AC7w"",""original_url"":""https://opswise.net/ember/valley/1118""}"
1119,1119,361,created,2025-09-19 19:27:23,"{""short_code"":""QS0Bbn"",""original_url"":""https://opswise.net/jade/valley/1119""}"
1120,1120,112,created,2025-10-18 06:40:03,"{""short_code"":""CV0W3k"",""original_url"":""https://hackstack.io/harbor/valley/1120""}"
1121,1121,336,created,2025-04-21 12:30:35,"{""short_code"":""tiFKwr"",""original_url"":""https://relay.cloud/calm/field/1121""}"
1122,1122,151,created,2025-10-10 00:39:56,"{""short_code"":""8uGK3F"",""original_url"":""https://opswise.net/harbor/pioneer/1122""}"
1123,1123,395,created,2025-03-12 18:10:17,"{""short_code"":""igyAyU"",""original_url"":""https://relay.cloud/proud/harvest/1123""}"
1124,1124,99,created,2026-01-02 00:54:43,"{""short_code"":""Eg44wr"",""original_url"":""https://seeded.app/mellow/engine/1124""}"
1125,1125,109,created,2025-08-05 00:07:11,"{""short_code"":""dAayAI"",""original_url"":""https://relay.cloud/rapid/anchor/1125""}"
1126,1126,136,created,2025-02-09 19:03:28,"{""short_code"":""qPrN5Q"",""original_url"":""https://acme.dev/navy/zenith/1126""}"
1127,1127,222,created,2025-01-01 16:16:26,"{""short_code"":""Ll82Nt"",""original_url"":""https://hackstack.io/calm/delta/1127""}"
1128,1128,201,created,2025-04-02 17:26:26,"{""short_code"":""8acQfe"",""original_url"":""https://example.com/quiet/field/1128""}"
1129,1129,143,created,2025-09-07 09:50:43,"{""short_code"":""cLXcnR"",""original_url"":""https://example.com/amber/lagoon/1129""}"
1130,1130,339,created,2025-06-15 15:51:24,"{""short_code"":""sh0Bjv"",""original_url"":""https://hackstack.io/vivid/beacon/1130""}"
1131,1131,368,created,2025-12-17 21:10:46,"{""short_code"":""bUPnsB"",""original_url"":""https://acme.dev/keen/journey/1131""}"
1132,1132,345,created,2025-07-22 21:06:48,"{""short_code"":""hbmgTh"",""original_url"":""https://hackstack.io/lively/yard/1132""}"
1133,1133,388,created,2026-01-31 22:59:36,"{""short_code"":""iOkWof"",""original_url"":""https://relay.cloud/proud/trail/1133""}"
1134,1134,175,created,2025-08-31 04:20:04,"{""short_code"":""Y1YSSV"",""original_url"":""https://opswise.net/opal/yard/1134""}"
1135,1135,339,created,2025-01-12 20:22:38,"{""short_code"":""Xg2rl6"",""original_url"":""https://acme.dev/rapid/network/1135""}"
1136,1136,329,created,2026-01-26 14:25:36,"{""short_code"":""yzI9bb"",""original_url"":""https://acme.dev/tidy/canyon/1136""}"
1137,1137,346,created,2026-01-21 23:09:06,"{""short_code"":""1hEaSm"",""original_url"":""https://hackstack.io/amber/yard/1137""}"
1138,1138,113,created,2025-02-13 03:15:28,"{""short_code"":""CXwrAC"",""original_url"":""https://example.com/harbor/yard/1138""}"
1139,1139,146,created,2025-06-06 21:25:51,"{""short_code"":""DqYimS"",""original_url"":""https://acme.dev/tidy/uplink/1139""}"
1140,1140,121,created,2025-06-23 03:44:28,"{""short_code"":""kiGBVb"",""original_url"":""https://hackstack.io/brisk/journey/1140""}"
1141,1141,391,created,2025-03-06 01:21:45,"{""short_code"":""EL3V3a"",""original_url"":""https://hackstack.io/ivory/pioneer/1141""}"
1142,1142,316,created,2026-01-10 17:06:06,"{""short_code"":""Rsb3G2"",""original_url"":""https://example.com/vivid/yard/1142""}"
1143,1143,128,created,2025-03-28 06:06:17,"{""short_code"":""xzXD7n"",""original_url"":""https://hackstack.io/proud/orbit/1143""}"
1144,1144,50,created,2025-07-23 06:25:27,"{""short_code"":""pDf65n"",""original_url"":""https://hackstack.io/dawn/quartz/1144""}"
1145,1145,280,created,2025-06-29 11:52:17,"{""short_code"":""aMADfA"",""original_url"":""https://relay.cloud/mellow/orbit/1145""}"
1146,1146,165,created,2025-03-20 10:04:06,"{""short_code"":""FYyr7Y"",""original_url"":""https://example.com/quiet/kernel/1146""}"
1147,1147,364,created,2025-09-07 22:10:50,"{""short_code"":""TzaSAj"",""original_url"":""https://seeded.app/ember/zenith/1147""}"
1148,1148,357,created,2025-09-08 23:29:48,"{""short_code"":""yoK88m"",""original_url"":""https://hackstack.io/urban/canyon/1148""}"
1149,1149,135,created,2025-06-28 23:21:22,"{""short_code"":""IAqXAP"",""original_url"":""https://seeded.app/ember/signal/1149""}"
1150,1150,399,created,2025-12-13 17:06:47,"{""short_code"":""wKXsi8"",""original_url"":""https://seeded.app/opal/window/1150""}"
1151,1151,15,created,2025-01-25 14:20:07,"{""short_code"":""Q4FGMu"",""original_url"":""https://relay.cloud/clear/harvest/1151""}"
1152,1152,149,created,2025-01-08 16:04:07,"{""short_code"":""l6MvXy"",""original_url"":""https://relay.cloud/harbor/meadow/1152""}"
1153,1153,400,created,2025-10-07 19:16:25,"{""short_code"":""Oolonv"",""original_url"":""https://opswise.net/jade/engine/1153""}"
1154,1154,38,created,2025-08-24 04:45:58,"{""short_code"":""WY2p4l"",""original_url"":""https://example.com/mellow/canyon/1154""}"
1155,1155,189,created,2025-10-02 20:32:44,"{""short_code"":""glkVmV"",""original_url"":""https://seeded.app/keen/delta/1155""}"
1156,1156,304,created,2025-11-11 07:58:26,"{""short_code"":""WuwgFu"",""original_url"":""https://hackstack.io/brisk/orbit/1156""}"
1157,1157,146,created,2025-02-18 21:58:50,"{""short_code"":""iKjSqv"",""original_url"":""https://relay.cloud/forest/beacon/1157""}"
1158,1158,362,created,2025-08-29 08:29:55,"{""short_code"":""mCeHB9"",""original_url"":""https://seeded.app/lively/valley/1158""}"
1159,1159,296,created,2025-12-12 19:52:23,"{""short_code"":""ooAl6j"",""original_url"":""https://relay.cloud/brisk/zenith/1159""}"
1160,1160,24,created,2025-10-04 12:48:31,"{""short_code"":""gKPKsO"",""original_url"":""https://acme.dev/cobalt/pioneer/1160""}"
1161,1161,381,created,2025-11-01 17:56:19,"{""short_code"":""I2YtUf"",""original_url"":""https://hackstack.io/harbor/delta/1161""}"
1162,1162,113,created,2025-04-06 00:04:47,"{""short_code"":""PeYgP9"",""original_url"":""https://relay.cloud/ember/zenith/1162""}"
1163,1163,140,created,2025-03-09 18:04:03,"{""short_code"":""60xDo5"",""original_url"":""https://example.com/keen/island/1163""}"
1164,1164,185,created,2026-01-12 12:40:11,"{""short_code"":""tUnC1u"",""original_url"":""https://acme.dev/brisk/trail/1164""}"
1165,1165,244,created,2026-02-14 15:48:08,"{""short_code"":""CZYqXL"",""original_url"":""https://hackstack.io/young/lagoon/1165""}"
1166,1166,134,created,2026-02-14 10:11:07,"{""short_code"":""DTkhHH"",""original_url"":""https://hackstack.io/rapid/island/1166""}"
1167,1167,252,created,2025-09-09 13:43:11,"{""short_code"":""Pqkg9D"",""original_url"":""https://opswise.net/vivid/beacon/1167""}"
1168,1168,111,created,2025-01-04 04:01:37,"{""short_code"":""BVeBt8"",""original_url"":""https://seeded.app/proud/garden/1168""}"
1169,1169,200,created,2025-09-22 20:46:55,"{""short_code"":""XfRqyW"",""original_url"":""https://opswise.net/brisk/field/1169""}"
1170,1170,302,created,2026-01-13 08:45:27,"{""short_code"":""XyR4St"",""original_url"":""https://hackstack.io/young/pioneer/1170""}"
1171,1171,314,created,2025-09-02 12:08:10,"{""short_code"":""1KQ0WP"",""original_url"":""https://seeded.app/jade/island/1171""}"
1172,1172,286,created,2025-09-03 05:21:51,"{""short_code"":""JRqd2R"",""original_url"":""https://acme.dev/amber/canyon/1172""}"
1173,1173,177,created,2025-07-03 07:49:32,"{""short_code"":""2FIYV5"",""original_url"":""https://relay.cloud/quiet/garden/1173""}"
1174,1174,187,created,2025-05-31 01:58:53,"{""short_code"":""dUsFId"",""original_url"":""https://hackstack.io/tidy/meadow/1174""}"
1175,1175,105,created,2025-12-19 15:36:27,"{""short_code"":""6bM153"",""original_url"":""https://example.com/proud/meadow/1175""}"
1176,1176,339,created,2025-01-27 14:39:16,"{""short_code"":""HTfRSj"",""original_url"":""https://relay.cloud/tidy/orbit/1176""}"
1177,1177,77,created,2026-01-20 18:02:48,"{""short_code"":""5y4i9M"",""original_url"":""https://hackstack.io/young/lagoon/1177""}"
1178,1178,8,created,2025-04-15 00:37:00,"{""short_code"":""EA2oEs"",""original_url"":""https://hackstack.io/tidy/lagoon/1178""}"
1179,1179,367,created,2025-10-01 22:37:01,"{""short_code"":""OmuNFr"",""original_url"":""https://example.com/proud/lagoon/1179""}"
1180,1180,183,created,2025-02-20 04:15:15,"{""short_code"":""5X8hRE"",""original_url"":""https://example.com/lively/garden/1180""}"
1181,1181,87,created,2025-07-27 05:03:37,"{""short_code"":""3JPVER"",""original_url"":""https://acme.dev/rapid/network/1181""}"
1182,1182,294,created,2025-10-29 21:22:27,"{""short_code"":""HenIPt"",""original_url"":""https://example.com/harbor/valley/1182""}"
1183,1183,310,created,2025-03-13 02:26:33,"{""short_code"":""NZjm9m"",""original_url"":""https://acme.dev/silver/signal/1183""}"
1184,1184,174,created,2025-01-17 10:16:45,"{""short_code"":""KhPa9W"",""original_url"":""https://opswise.net/lively/beacon/1184""}"
1185,1185,156,created,2025-06-29 10:11:02,"{""short_code"":""eqMInH"",""original_url"":""https://acme.dev/young/orbit/1185""}"
1186,1186,127,created,2025-01-19 23:11:40,"{""short_code"":""4Y2fy4"",""original_url"":""https://hackstack.io/young/harvest/1186""}"
1187,1187,268,created,2025-08-24 15:14:16,"{""short_code"":""pxR5cn"",""original_url"":""https://hackstack.io/silver/harvest/1187""}"
1188,1188,374,created,2025-09-06 09:17:23,"{""short_code"":""c9hTDy"",""original_url"":""https://relay.cloud/mellow/pioneer/1188""}"
1189,1189,316,created,2025-11-16 02:29:20,"{""short_code"":""zqOD8J"",""original_url"":""https://opswise.net/urban/quartz/1189""}"
1190,1190,318,created,2025-07-31 15:41:59,"{""short_code"":""yloZ3X"",""original_url"":""https://relay.cloud/cobalt/harvest/1190""}"
1191,1191,326,created,2026-01-22 05:23:03,"{""short_code"":""yzkjPw"",""original_url"":""https://relay.cloud/harbor/signal/1191""}"
1192,1192,126,created,2025-02-24 11:26:07,"{""short_code"":""MTKaNy"",""original_url"":""https://opswise.net/amber/field/1192""}"
1193,1193,280,created,2025-04-27 00:23:12,"{""short_code"":""aaJ0a8"",""original_url"":""https://seeded.app/gold/orbit/1193""}"
1194,1194,264,created,2026-02-13 06:32:52,"{""short_code"":""nJG1c3"",""original_url"":""https://seeded.app/amber/garden/1194""}"
1195,1195,353,created,2025-10-15 13:02:35,"{""short_code"":""RE2vuK"",""original_url"":""https://example.com/brisk/delta/1195""}"
1196,1196,210,created,2025-07-01 11:50:12,"{""short_code"":""nDf06u"",""original_url"":""https://acme.dev/brisk/signal/1196""}"
1197,1197,109,created,2025-06-01 05:01:48,"{""short_code"":""AATbel"",""original_url"":""https://hackstack.io/opal/river/1197""}"
1198,1198,68,created,2025-05-21 05:01:32,"{""short_code"":""QvtCOp"",""original_url"":""https://example.com/jade/valley/1198""}"
1199,1199,225,created,2025-08-18 13:00:43,"{""short_code"":""2VDpgW"",""original_url"":""https://opswise.net/young/beacon/1199""}"
1200,1200,273,created,2026-02-15 14:30:20,"{""short_code"":""zoTIyO"",""original_url"":""https://acme.dev/vivid/lagoon/1200""}"
1201,1201,355,created,2025-02-23 23:46:39,"{""short_code"":""qndfrO"",""original_url"":""https://opswise.net/young/network/1201""}"
1202,1202,5,created,2025-04-07 15:56:07,"{""short_code"":""6SYxg5"",""original_url"":""https://seeded.app/rapid/valley/1202""}"
1203,1203,104,created,2026-02-15 13:11:26,"{""short_code"":""i6sPQY"",""original_url"":""https://relay.cloud/gold/field/1203""}"
1204,1204,172,created,2026-01-23 21:42:08,"{""short_code"":""w3fk02"",""original_url"":""https://relay.cloud/ivory/quartz/1204""}"
1205,1205,359,created,2025-06-20 08:56:25,"{""short_code"":""2d1hbP"",""original_url"":""https://acme.dev/ember/field/1205""}"
1206,1206,381,created,2025-02-09 15:53:15,"{""short_code"":""NOIugw"",""original_url"":""https://seeded.app/proud/kernel/1206""}"
1207,1207,351,created,2025-06-25 07:32:55,"{""short_code"":""CArlci"",""original_url"":""https://acme.dev/mellow/river/1207""}"
1208,1208,311,created,2025-12-14 00:59:49,"{""short_code"":""DQrhR7"",""original_url"":""https://example.com/proud/island/1208""}"
1209,1209,5,created,2025-08-20 03:07:50,"{""short_code"":""6p90Uo"",""original_url"":""https://seeded.app/vivid/canyon/1209""}"
1210,1210,57,created,2025-12-07 01:17:03,"{""short_code"":""LhQ9Us"",""original_url"":""https://example.com/warm/pioneer/1210""}"
1211,1211,191,created,2025-03-22 02:00:45,"{""short_code"":""gphbp3"",""original_url"":""https://seeded.app/lively/uplink/1211""}"
1212,1212,259,created,2025-02-23 11:41:54,"{""short_code"":""CcqF4g"",""original_url"":""https://hackstack.io/calm/river/1212""}"
1213,1213,310,created,2025-01-10 18:11:39,"{""short_code"":""vrEYXY"",""original_url"":""https://relay.cloud/quiet/journey/1213""}"
1214,1214,247,created,2025-11-21 17:31:50,"{""short_code"":""3nmau5"",""original_url"":""https://example.com/navy/uplink/1214""}"
1215,1215,317,created,2025-09-25 11:30:42,"{""short_code"":""hIat96"",""original_url"":""https://opswise.net/calm/trail/1215""}"
1216,1216,118,created,2025-12-12 17:25:14,"{""short_code"":""AqV0GK"",""original_url"":""https://opswise.net/keen/harvest/1216""}"
1217,1217,253,created,2025-03-04 13:16:43,"{""short_code"":""VpZ56M"",""original_url"":""https://seeded.app/jade/anchor/1217""}"
1218,1218,100,created,2025-01-14 02:22:22,"{""short_code"":""8DF5gR"",""original_url"":""https://relay.cloud/tidy/river/1218""}"
1219,1219,310,created,2025-04-29 21:53:36,"{""short_code"":""bgXAnx"",""original_url"":""https://seeded.app/cobalt/field/1219""}"
1220,1220,95,created,2025-10-20 16:11:14,"{""short_code"":""CpD0gJ"",""original_url"":""https://acme.dev/warm/zenith/1220""}"
1221,1221,164,created,2025-01-15 01:19:10,"{""short_code"":""CSLb1V"",""original_url"":""https://seeded.app/young/field/1221""}"
1222,1222,194,created,2026-01-12 19:36:39,"{""short_code"":""FGrjnb"",""original_url"":""https://seeded.app/navy/river/1222""}"
1223,1223,12,created,2026-01-10 09:07:41,"{""short_code"":""19uJFG"",""original_url"":""https://opswise.net/clear/field/1223""}"
1224,1224,319,created,2026-02-11 08:11:18,"{""short_code"":""qLPbeC"",""original_url"":""https://acme.dev/forest/kernel/1224""}"
1225,1225,306,created,2025-06-23 14:22:00,"{""short_code"":""ftJtsw"",""original_url"":""https://example.com/brisk/lagoon/1225""}"
1226,1226,277,created,2025-02-18 02:30:38,"{""short_code"":""xsTQIa"",""original_url"":""https://acme.dev/jade/valley/1226""}"
1227,1227,182,created,2025-03-27 23:42:50,"{""short_code"":""WUlmLf"",""original_url"":""https://example.com/young/journey/1227""}"
1228,1228,109,created,2025-10-16 10:52:41,"{""short_code"":""wWqZ0K"",""original_url"":""https://hackstack.io/clear/orbit/1228""}"
1229,1229,152,created,2025-05-12 10:17:10,"{""short_code"":""3rGWvG"",""original_url"":""https://acme.dev/rapid/zenith/1229""}"
1230,1230,174,created,2025-10-09 05:09:51,"{""short_code"":""l1pUJR"",""original_url"":""https://seeded.app/silver/island/1230""}"
1231,1231,364,created,2026-01-28 09:22:17,"{""short_code"":""CelFgM"",""original_url"":""https://hackstack.io/opal/trail/1231""}"
1232,1232,327,created,2026-01-31 08:40:10,"{""short_code"":""CA6Tho"",""original_url"":""https://seeded.app/quiet/zenith/1232""}"
1233,1233,365,created,2025-06-17 01:02:43,"{""short_code"":""QF2I09"",""original_url"":""https://relay.cloud/quiet/quartz/1233""}"
1234,1234,370,created,2025-12-19 11:04:56,"{""short_code"":""GNWp8o"",""original_url"":""https://opswise.net/proud/garden/1234""}"
1235,1235,390,created,2025-05-02 23:39:49,"{""short_code"":""8AOs21"",""original_url"":""https://seeded.app/calm/journey/1235""}"
1236,1236,169,created,2025-09-19 08:03:09,"{""short_code"":""hcis0J"",""original_url"":""https://acme.dev/gold/window/1236""}"
1237,1237,341,created,2025-08-02 14:36:52,"{""short_code"":""QOrYfq"",""original_url"":""https://opswise.net/calm/kernel/1237""}"
1238,1238,198,created,2025-06-17 05:55:51,"{""short_code"":""pYA6sf"",""original_url"":""https://opswise.net/ember/anchor/1238""}"
1239,1239,71,created,2025-07-23 18:47:37,"{""short_code"":""nYtrYV"",""original_url"":""https://seeded.app/cobalt/pioneer/1239""}"
1240,1240,199,created,2025-02-12 22:44:21,"{""short_code"":""eY7qpH"",""original_url"":""https://acme.dev/gold/harvest/1240""}"
1241,1241,386,created,2026-01-17 01:00:23,"{""short_code"":""9BUbtP"",""original_url"":""https://seeded.app/keen/journey/1241""}"
1242,1242,34,created,2025-05-18 05:01:37,"{""short_code"":""GBEgtf"",""original_url"":""https://relay.cloud/lively/meadow/1242""}"
1243,1243,271,created,2025-08-07 01:11:03,"{""short_code"":""7eoJVy"",""original_url"":""https://example.com/opal/canyon/1243""}"
1244,1244,380,created,2025-12-09 10:00:08,"{""short_code"":""kmLCGs"",""original_url"":""https://relay.cloud/calm/orbit/1244""}"
1245,1245,207,created,2025-10-28 04:06:27,"{""short_code"":""VXckAi"",""original_url"":""https://seeded.app/mellow/river/1245""}"
1246,1246,155,created,2026-02-03 21:08:50,"{""short_code"":""ek0XND"",""original_url"":""https://relay.cloud/quiet/zenith/1246""}"
1247,1247,348,created,2025-12-02 02:22:19,"{""short_code"":""Q12v5q"",""original_url"":""https://opswise.net/gold/network/1247""}"
1248,1248,133,created,2026-01-05 06:50:51,"{""short_code"":""6NZOF1"",""original_url"":""https://seeded.app/ember/pioneer/1248""}"
1249,1249,186,created,2025-01-21 13:09:49,"{""short_code"":""EVgMsb"",""original_url"":""https://acme.dev/ember/engine/1249""}"
1250,1250,314,created,2025-05-05 00:09:23,"{""short_code"":""99GMTA"",""original_url"":""https://relay.cloud/forest/harvest/1250""}"
1251,1251,294,created,2025-01-11 03:16:52,"{""short_code"":""2VCIUI"",""original_url"":""https://hackstack.io/vivid/island/1251""}"
1252,1252,299,created,2025-04-17 22:44:22,"{""short_code"":""pxU4kw"",""original_url"":""https://relay.cloud/amber/uplink/1252""}"
1253,1253,4,created,2025-01-01 08:05:51,"{""short_code"":""4OL2w8"",""original_url"":""https://example.com/jade/island/1253""}"
1254,1254,75,created,2025-11-26 05:36:51,"{""short_code"":""FcUViu"",""original_url"":""https://example.com/urban/engine/1254""}"
1255,1255,85,created,2026-02-19 03:31:21,"{""short_code"":""LA7Sw4"",""original_url"":""https://relay.cloud/ivory/valley/1255""}"
1256,1256,211,created,2025-04-22 21:47:36,"{""short_code"":""Sm3gtq"",""original_url"":""https://hackstack.io/navy/network/1256""}"
1257,1257,249,created,2025-05-03 06:35:17,"{""short_code"":""GmdvCh"",""original_url"":""https://opswise.net/urban/zenith/1257""}"
1258,1258,363,created,2025-09-22 08:53:45,"{""short_code"":""F876pn"",""original_url"":""https://acme.dev/dawn/network/1258""}"
1259,1259,283,created,2025-07-22 03:56:18,"{""short_code"":""rmeEgl"",""original_url"":""https://hackstack.io/young/valley/1259""}"
1260,1260,167,created,2025-05-17 03:16:37,"{""short_code"":""INlg4o"",""original_url"":""https://acme.dev/ivory/engine/1260""}"
1261,1261,34,created,2025-07-31 14:06:28,"{""short_code"":""paDKXA"",""original_url"":""https://opswise.net/warm/window/1261""}"
1262,1262,210,created,2025-05-24 06:41:15,"{""short_code"":""d1B3RQ"",""original_url"":""https://hackstack.io/keen/window/1262""}"
1263,1263,373,created,2025-04-09 22:54:14,"{""short_code"":""32yRpo"",""original_url"":""https://opswise.net/vivid/window/1263""}"
1264,1264,130,created,2025-04-29 19:53:05,"{""short_code"":""fkX13v"",""original_url"":""https://example.com/ember/journey/1264""}"
1265,1265,363,created,2025-04-22 17:18:10,"{""short_code"":""avMffo"",""original_url"":""https://example.com/mellow/valley/1265""}"
1266,1266,111,created,2025-01-05 22:04:21,"{""short_code"":""a1yOyg"",""original_url"":""https://example.com/warm/yard/1266""}"
1267,1267,297,created,2026-02-05 10:31:54,"{""short_code"":""2YnSxS"",""original_url"":""https://hackstack.io/silver/yard/1267""}"
1268,1268,95,created,2026-02-19 17:50:21,"{""short_code"":""PDTm6X"",""original_url"":""https://hackstack.io/warm/delta/1268""}"
1269,1269,160,created,2025-06-13 15:59:07,"{""short_code"":""50ylIu"",""original_url"":""https://seeded.app/lively/field/1269""}"
1270,1270,29,created,2025-11-18 12:56:08,"{""short_code"":""pQWhRR"",""original_url"":""https://seeded.app/urban/valley/1270""}"
1271,1271,253,created,2025-03-21 22:23:05,"{""short_code"":""T96hwL"",""original_url"":""https://hackstack.io/opal/island/1271""}"
1272,1272,28,created,2025-08-21 10:09:48,"{""short_code"":""kGUrik"",""original_url"":""https://seeded.app/forest/lagoon/1272""}"
1273,1273,176,created,2025-02-05 17:31:43,"{""short_code"":""5HTjdc"",""original_url"":""https://hackstack.io/urban/engine/1273""}"
1274,1274,88,created,2025-06-15 04:24:20,"{""short_code"":""Jlt6Ux"",""original_url"":""https://opswise.net/dawn/beacon/1274""}"
1275,1275,191,created,2026-02-05 11:43:30,"{""short_code"":""mgYRId"",""original_url"":""https://acme.dev/young/valley/1275""}"
1276,1276,350,created,2026-02-10 05:40:14,"{""short_code"":""pF4FiP"",""original_url"":""https://acme.dev/brisk/beacon/1276""}"
1277,1277,95,created,2025-03-04 14:12:43,"{""short_code"":""7qT4D5"",""original_url"":""https://hackstack.io/urban/river/1277""}"
1278,1278,117,created,2025-02-19 02:17:41,"{""short_code"":""GL6PNE"",""original_url"":""https://relay.cloud/harbor/beacon/1278""}"
1279,1279,272,created,2025-06-19 17:41:04,"{""short_code"":""gLOWgQ"",""original_url"":""https://seeded.app/warm/canyon/1279""}"
1280,1280,312,created,2025-09-21 04:22:25,"{""short_code"":""EqM8ug"",""original_url"":""https://hackstack.io/clear/engine/1280""}"
1281,1281,125,created,2025-02-10 22:02:35,"{""short_code"":""FtYI67"",""original_url"":""https://relay.cloud/vivid/anchor/1281""}"
1282,1282,312,created,2025-05-30 00:45:50,"{""short_code"":""2s9hKe"",""original_url"":""https://relay.cloud/silver/trail/1282""}"
1283,1283,199,created,2025-09-12 16:18:53,"{""short_code"":""cjEmCa"",""original_url"":""https://hackstack.io/keen/harvest/1283""}"
1284,1284,387,created,2025-12-07 21:10:34,"{""short_code"":""RAl9uQ"",""original_url"":""https://seeded.app/tidy/field/1284""}"
1285,1285,143,created,2025-05-12 12:28:20,"{""short_code"":""mieJv0"",""original_url"":""https://acme.dev/tidy/engine/1285""}"
1286,1286,398,created,2025-01-05 22:52:55,"{""short_code"":""Cn50Kh"",""original_url"":""https://opswise.net/vivid/beacon/1286""}"
1287,1287,370,created,2025-06-22 07:15:35,"{""short_code"":""cByR3Z"",""original_url"":""https://acme.dev/warm/pioneer/1287""}"
1288,1288,318,created,2025-05-21 13:25:20,"{""short_code"":""GaeBxz"",""original_url"":""https://acme.dev/silver/river/1288""}"
1289,1289,323,created,2025-05-11 12:12:39,"{""short_code"":""CZGsoR"",""original_url"":""https://hackstack.io/ember/orbit/1289""}"
1290,1290,344,created,2025-10-13 10:16:11,"{""short_code"":""0dml3Q"",""original_url"":""https://relay.cloud/silver/canyon/1290""}"
1291,1291,361,created,2026-01-09 07:53:46,"{""short_code"":""4q6J8C"",""original_url"":""https://relay.cloud/gold/window/1291""}"
1292,1292,325,created,2025-08-03 14:03:57,"{""short_code"":""XdWYB3"",""original_url"":""https://opswise.net/opal/engine/1292""}"
1293,1293,349,created,2025-08-07 08:21:41,"{""short_code"":""R3xFbz"",""original_url"":""https://opswise.net/cobalt/canyon/1293""}"
1294,1294,382,created,2025-05-14 11:56:09,"{""short_code"":""jDznHh"",""original_url"":""https://opswise.net/amber/trail/1294""}"
1295,1295,95,created,2025-01-16 14:43:42,"{""short_code"":""uGi5iV"",""original_url"":""https://hackstack.io/opal/quartz/1295""}"
1296,1296,25,created,2025-06-16 13:05:32,"{""short_code"":""rDkFhN"",""original_url"":""https://relay.cloud/amber/journey/1296""}"
1297,1297,75,created,2025-03-25 20:57:20,"{""short_code"":""HrtLH5"",""original_url"":""https://relay.cloud/jade/quartz/1297""}"
1298,1298,389,created,2025-05-21 18:54:07,"{""short_code"":""6ups9a"",""original_url"":""https://opswise.net/ivory/river/1298""}"
1299,1299,210,created,2025-11-18 23:23:51,"{""short_code"":""E2xSiF"",""original_url"":""https://seeded.app/silver/yard/1299""}"
1300,1300,244,created,2025-12-11 16:57:34,"{""short_code"":""AXeSxG"",""original_url"":""https://seeded.app/jade/pioneer/1300""}"
1301,1301,350,created,2025-10-28 16:04:47,"{""short_code"":""vMLsWy"",""original_url"":""https://acme.dev/young/pioneer/1301""}"
1302,1302,39,created,2026-02-02 01:46:41,"{""short_code"":""usI7HU"",""original_url"":""https://example.com/proud/valley/1302""}"
1303,1303,49,created,2026-02-03 22:09:15,"{""short_code"":""0qcFva"",""original_url"":""https://example.com/vivid/quartz/1303""}"
1304,1304,326,created,2025-02-07 20:57:39,"{""short_code"":""Vl1pqb"",""original_url"":""https://seeded.app/clear/valley/1304""}"
1305,1305,54,created,2025-05-14 13:07:07,"{""short_code"":""Iimoff"",""original_url"":""https://hackstack.io/mellow/kernel/1305""}"
1306,1306,246,created,2025-05-17 04:02:56,"{""short_code"":""Xg5jSe"",""original_url"":""https://example.com/clear/meadow/1306""}"
1307,1307,24,created,2025-05-01 16:25:27,"{""short_code"":""JBll1T"",""original_url"":""https://seeded.app/proud/network/1307""}"
1308,1308,11,created,2025-07-30 22:31:03,"{""short_code"":""DrE4Q0"",""original_url"":""https://acme.dev/ember/lagoon/1308""}"
1309,1309,312,created,2025-07-22 23:22:14,"{""short_code"":""Hshury"",""original_url"":""https://acme.dev/jade/meadow/1309""}"
1310,1310,9,created,2026-02-19 00:40:19,"{""short_code"":""neP4SR"",""original_url"":""https://acme.dev/keen/orbit/1310""}"
1311,1311,188,created,2025-06-16 13:57:07,"{""short_code"":""PGNV31"",""original_url"":""https://opswise.net/young/canyon/1311""}"
1312,1312,142,created,2025-04-19 23:56:24,"{""short_code"":""CPwT4m"",""original_url"":""https://hackstack.io/rapid/river/1312""}"
1313,1313,335,created,2025-06-17 15:45:06,"{""short_code"":""OBPKwE"",""original_url"":""https://hackstack.io/gold/orbit/1313""}"
1314,1314,40,created,2025-03-01 10:37:23,"{""short_code"":""6D6Ugp"",""original_url"":""https://opswise.net/keen/harvest/1314""}"
1315,1315,150,created,2025-02-24 11:21:05,"{""short_code"":""hgYHtp"",""original_url"":""https://acme.dev/keen/journey/1315""}"
1316,1316,357,created,2025-03-10 18:06:46,"{""short_code"":""trekd2"",""original_url"":""https://opswise.net/forest/harvest/1316""}"
1317,1317,63,created,2025-11-28 12:59:45,"{""short_code"":""Ek3nst"",""original_url"":""https://relay.cloud/lively/window/1317""}"
1318,1318,328,created,2025-03-20 09:14:52,"{""short_code"":""1DXMMO"",""original_url"":""https://opswise.net/calm/valley/1318""}"
1319,1319,76,created,2025-02-28 03:25:28,"{""short_code"":""X3P7I5"",""original_url"":""https://hackstack.io/warm/canyon/1319""}"
1320,1320,19,created,2025-04-11 20:52:15,"{""short_code"":""6LNeqK"",""original_url"":""https://acme.dev/mellow/pioneer/1320""}"
1321,1321,326,created,2025-09-21 10:52:33,"{""short_code"":""WdEe64"",""original_url"":""https://opswise.net/mellow/uplink/1321""}"
1322,1322,390,created,2025-11-15 11:17:37,"{""short_code"":""nmJKLg"",""original_url"":""https://hackstack.io/clear/signal/1322""}"
1323,1323,69,created,2025-07-14 02:16:18,"{""short_code"":""bvcCOX"",""original_url"":""https://relay.cloud/vivid/engine/1323""}"
1324,1324,172,created,2026-01-16 18:15:49,"{""short_code"":""xpRTz4"",""original_url"":""https://relay.cloud/rapid/anchor/1324""}"
1325,1325,110,created,2025-08-27 14:07:41,"{""short_code"":""8LUhSH"",""original_url"":""https://hackstack.io/brisk/uplink/1325""}"
1326,1326,109,created,2025-09-12 23:52:14,"{""short_code"":""aZdkE3"",""original_url"":""https://seeded.app/cobalt/uplink/1326""}"
1327,1327,272,created,2025-09-08 01:01:40,"{""short_code"":""ACuryo"",""original_url"":""https://seeded.app/urban/window/1327""}"
1328,1328,387,created,2025-06-02 20:44:29,"{""short_code"":""qxyj6V"",""original_url"":""https://example.com/ivory/journey/1328""}"
1329,1329,18,created,2025-08-22 13:32:04,"{""short_code"":""3RfZ15"",""original_url"":""https://relay.cloud/gold/network/1329""}"
1330,1330,84,created,2025-05-05 23:40:01,"{""short_code"":""aEqKRM"",""original_url"":""https://example.com/rapid/lagoon/1330""}"
1331,1331,366,created,2025-11-26 12:31:13,"{""short_code"":""LGDCP7"",""original_url"":""https://opswise.net/gold/quartz/1331""}"
1332,1332,148,created,2025-05-28 16:26:38,"{""short_code"":""msnQoE"",""original_url"":""https://hackstack.io/harbor/yard/1332""}"
1333,1333,169,created,2025-03-26 06:08:08,"{""short_code"":""XXed8R"",""original_url"":""https://acme.dev/navy/canyon/1333""}"
1334,1334,101,created,2026-02-12 13:26:56,"{""short_code"":""csacut"",""original_url"":""https://example.com/vivid/zenith/1334""}"
1335,1335,104,created,2025-03-26 23:00:48,"{""short_code"":""PizQ69"",""original_url"":""https://opswise.net/rapid/orbit/1335""}"
1336,1336,15,created,2025-08-21 00:24:02,"{""short_code"":""yXG3Ft"",""original_url"":""https://hackstack.io/keen/engine/1336""}"
1337,1337,392,created,2025-05-07 21:05:44,"{""short_code"":""9cXcJW"",""original_url"":""https://acme.dev/tidy/quartz/1337""}"
1338,1338,286,created,2025-06-02 19:57:42,"{""short_code"":""MYMiWX"",""original_url"":""https://relay.cloud/vivid/island/1338""}"
1339,1339,31,created,2025-04-06 03:19:27,"{""short_code"":""D3eFxK"",""original_url"":""https://acme.dev/jade/island/1339""}"
1340,1340,377,created,2026-01-23 05:35:06,"{""short_code"":""AEPAPt"",""original_url"":""https://acme.dev/calm/delta/1340""}"
1341,1341,8,created,2025-03-20 23:33:56,"{""short_code"":""hzCa69"",""original_url"":""https://seeded.app/clear/beacon/1341""}"
1342,1342,379,created,2025-11-15 06:11:04,"{""short_code"":""WuRyLu"",""original_url"":""https://acme.dev/navy/river/1342""}"
1343,1343,211,created,2025-07-03 08:03:20,"{""short_code"":""atxw2H"",""original_url"":""https://example.com/brisk/island/1343""}"
1344,1344,155,created,2025-10-31 05:25:38,"{""short_code"":""vlC58D"",""original_url"":""https://acme.dev/tidy/zenith/1344""}"
1345,1345,103,created,2025-05-07 16:00:06,"{""short_code"":""BKV2ko"",""original_url"":""https://acme.dev/harbor/quartz/1345""}"
1346,1346,65,created,2025-09-21 19:54:02,"{""short_code"":""gN4vmO"",""original_url"":""https://hackstack.io/rapid/delta/1346""}"
1347,1347,283,created,2025-02-22 11:21:26,"{""short_code"":""SjpQ67"",""original_url"":""https://relay.cloud/tidy/garden/1347""}"
1348,1348,212,created,2025-01-13 05:14:49,"{""short_code"":""2GxNbT"",""original_url"":""https://opswise.net/quiet/meadow/1348""}"
1349,1349,305,created,2025-05-02 10:51:09,"{""short_code"":""B1sPCO"",""original_url"":""https://seeded.app/jade/pioneer/1349""}"
1350,1350,150,created,2025-06-05 22:51:49,"{""short_code"":""O17Gmt"",""original_url"":""https://seeded.app/dawn/kernel/1350""}"
1351,1351,377,created,2025-01-04 16:12:54,"{""short_code"":""fMEARC"",""original_url"":""https://seeded.app/forest/zenith/1351""}"
1352,1352,96,created,2025-05-25 04:26:01,"{""short_code"":""j2PaPS"",""original_url"":""https://seeded.app/forest/signal/1352""}"
1353,1353,385,created,2026-02-17 15:51:42,"{""short_code"":""wrxuoK"",""original_url"":""https://opswise.net/ember/delta/1353""}"
1354,1354,118,created,2025-07-14 17:21:54,"{""short_code"":""0sKmcV"",""original_url"":""https://seeded.app/calm/meadow/1354""}"
1355,1355,33,created,2025-10-27 05:42:32,"{""short_code"":""8suqJv"",""original_url"":""https://relay.cloud/vivid/lagoon/1355""}"
1356,1356,323,created,2025-06-25 03:51:58,"{""short_code"":""zrzKGu"",""original_url"":""https://seeded.app/ivory/canyon/1356""}"
1357,1357,85,created,2025-07-16 02:49:44,"{""short_code"":""NfrYGv"",""original_url"":""https://relay.cloud/tidy/field/1357""}"
1358,1358,214,created,2026-02-02 10:18:04,"{""short_code"":""pXZW2W"",""original_url"":""https://hackstack.io/calm/valley/1358""}"
1359,1359,107,created,2025-01-13 02:58:02,"{""short_code"":""Azgr5Q"",""original_url"":""https://opswise.net/gold/island/1359""}"
1360,1360,59,created,2025-10-17 05:35:14,"{""short_code"":""KwmiFF"",""original_url"":""https://acme.dev/lively/trail/1360""}"
1361,1361,167,created,2025-11-20 14:09:20,"{""short_code"":""Q2Jt4r"",""original_url"":""https://acme.dev/brisk/network/1361""}"
1362,1362,289,created,2025-06-28 02:01:03,"{""short_code"":""QurIkm"",""original_url"":""https://seeded.app/harbor/delta/1362""}"
1363,1363,46,created,2026-02-18 12:07:28,"{""short_code"":""XK54m9"",""original_url"":""https://hackstack.io/warm/lagoon/1363""}"
1364,1364,89,created,2025-05-12 22:51:35,"{""short_code"":""Un3SjX"",""original_url"":""https://example.com/calm/journey/1364""}"
1365,1365,8,created,2025-10-01 08:18:35,"{""short_code"":""iszH3V"",""original_url"":""https://relay.cloud/ember/zenith/1365""}"
1366,1366,336,created,2025-11-25 23:00:27,"{""short_code"":""XgA4yO"",""original_url"":""https://example.com/opal/kernel/1366""}"
1367,1367,20,created,2025-05-11 13:42:51,"{""short_code"":""ZLMhn9"",""original_url"":""https://hackstack.io/ember/harvest/1367""}"
1368,1368,250,created,2025-02-26 16:50:40,"{""short_code"":""EAffx5"",""original_url"":""https://example.com/mellow/orbit/1368""}"
1369,1369,300,created,2025-04-09 12:56:56,"{""short_code"":""4FOHfu"",""original_url"":""https://hackstack.io/forest/yard/1369""}"
1370,1370,284,created,2025-06-17 14:18:23,"{""short_code"":""CnPL79"",""original_url"":""https://relay.cloud/vivid/garden/1370""}"
1371,1371,87,created,2025-10-27 19:29:28,"{""short_code"":""mWa94H"",""original_url"":""https://acme.dev/cobalt/zenith/1371""}"
1372,1372,342,created,2025-10-09 17:37:17,"{""short_code"":""wED1zi"",""original_url"":""https://opswise.net/urban/orbit/1372""}"
1373,1373,397,created,2025-01-29 14:22:47,"{""short_code"":""nSIwkt"",""original_url"":""https://opswise.net/harbor/uplink/1373""}"
1374,1374,87,created,2025-05-18 18:50:43,"{""short_code"":""a52eOa"",""original_url"":""https://acme.dev/keen/river/1374""}"
1375,1375,60,created,2025-10-03 11:24:33,"{""short_code"":""xZ267s"",""original_url"":""https://acme.dev/proud/meadow/1375""}"
1376,1376,5,created,2025-11-13 22:44:52,"{""short_code"":""a2ljJf"",""original_url"":""https://relay.cloud/proud/garden/1376""}"
1377,1377,308,created,2025-11-06 04:52:57,"{""short_code"":""JR0fKD"",""original_url"":""https://seeded.app/forest/signal/1377""}"
1378,1378,25,created,2025-05-01 19:27:45,"{""short_code"":""hnqpn3"",""original_url"":""https://relay.cloud/harbor/engine/1378""}"
1379,1379,71,created,2025-05-20 02:48:44,"{""short_code"":""o21To5"",""original_url"":""https://acme.dev/vivid/trail/1379""}"
1380,1380,399,created,2026-01-15 12:28:10,"{""short_code"":""FQBzcM"",""original_url"":""https://hackstack.io/vivid/lagoon/1380""}"
1381,1381,184,created,2025-11-12 23:07:32,"{""short_code"":""JeIvQ3"",""original_url"":""https://hackstack.io/urban/meadow/1381""}"
1382,1382,21,created,2025-02-16 20:45:54,"{""short_code"":""596m9H"",""original_url"":""https://hackstack.io/lively/uplink/1382""}"
1383,1383,56,created,2025-11-05 08:33:23,"{""short_code"":""w89d39"",""original_url"":""https://relay.cloud/forest/signal/1383""}"
1384,1384,36,created,2025-12-20 22:45:16,"{""short_code"":""vhRlht"",""original_url"":""https://hackstack.io/mellow/lagoon/1384""}"
1385,1385,285,created,2025-04-03 13:49:51,"{""short_code"":""P2z2j8"",""original_url"":""https://acme.dev/keen/field/1385""}"
1386,1386,34,created,2025-05-30 09:43:00,"{""short_code"":""JLN1kg"",""original_url"":""https://relay.cloud/quiet/window/1386""}"
1387,1387,253,created,2025-12-07 05:41:45,"{""short_code"":""QKHuJ9"",""original_url"":""https://example.com/vivid/window/1387""}"
1388,1388,97,created,2025-02-26 12:23:13,"{""short_code"":""UlVv5D"",""original_url"":""https://hackstack.io/dawn/canyon/1388""}"
1389,1389,400,created,2025-05-16 01:00:10,"{""short_code"":""kKTu6E"",""original_url"":""https://relay.cloud/warm/uplink/1389""}"
1390,1390,325,created,2025-06-27 00:34:12,"{""short_code"":""WlGocc"",""original_url"":""https://opswise.net/harbor/valley/1390""}"
1391,1391,389,created,2025-04-27 04:18:37,"{""short_code"":""P22Ew3"",""original_url"":""https://acme.dev/dawn/anchor/1391""}"
1392,1392,179,created,2025-02-27 00:17:22,"{""short_code"":""fOP4Jx"",""original_url"":""https://opswise.net/silver/kernel/1392""}"
1393,1393,393,created,2025-12-19 05:26:43,"{""short_code"":""4gwNJc"",""original_url"":""https://hackstack.io/keen/harvest/1393""}"
1394,1394,127,created,2025-03-06 02:20:27,"{""short_code"":""eSnv8B"",""original_url"":""https://relay.cloud/lively/meadow/1394""}"
1395,1395,247,created,2025-04-16 21:21:26,"{""short_code"":""uYukIu"",""original_url"":""https://hackstack.io/vivid/kernel/1395""}"
1396,1396,191,created,2025-03-15 22:28:02,"{""short_code"":""WIb7Jn"",""original_url"":""https://example.com/amber/window/1396""}"
1397,1397,318,created,2025-12-20 11:01:20,"{""short_code"":""cTwxj4"",""original_url"":""https://acme.dev/lively/meadow/1397""}"
1398,1398,191,created,2025-03-30 19:18:46,"{""short_code"":""s977KF"",""original_url"":""https://opswise.net/urban/garden/1398""}"
1399,1399,306,created,2025-08-16 05:17:14,"{""short_code"":""dEHWVv"",""original_url"":""https://example.com/rapid/garden/1399""}"
1400,1400,227,created,2025-10-31 09:58:12,"{""short_code"":""gfdd5Z"",""original_url"":""https://relay.cloud/quiet/valley/1400""}"
1401,1401,21,created,2026-02-16 06:45:21,"{""short_code"":""9dY1ou"",""original_url"":""https://opswise.net/amber/harvest/1401""}"
1402,1402,170,created,2025-03-03 13:59:02,"{""short_code"":""jcozDk"",""original_url"":""https://opswise.net/silver/journey/1402""}"
1403,1403,304,created,2025-11-17 12:24:43,"{""short_code"":""BL8vVH"",""original_url"":""https://opswise.net/warm/zenith/1403""}"
1404,1404,247,created,2025-06-07 14:20:47,"{""short_code"":""J6AYEG"",""original_url"":""https://relay.cloud/mellow/harvest/1404""}"
1405,1405,126,created,2025-08-16 12:40:02,"{""short_code"":""ay9Ln8"",""original_url"":""https://relay.cloud/forest/lagoon/1405""}"
1406,1406,327,created,2025-08-29 21:58:17,"{""short_code"":""4vIGw3"",""original_url"":""https://seeded.app/rapid/canyon/1406""}"
1407,1407,35,created,2025-08-03 20:08:53,"{""short_code"":""yeaaGD"",""original_url"":""https://acme.dev/clear/field/1407""}"
1408,1408,339,created,2025-10-27 03:25:58,"{""short_code"":""5oCLNz"",""original_url"":""https://relay.cloud/lively/delta/1408""}"
1409,1409,202,created,2025-04-16 15:18:31,"{""short_code"":""niPEf5"",""original_url"":""https://seeded.app/navy/river/1409""}"
1410,1410,343,created,2025-02-01 13:18:45,"{""short_code"":""ElBAYg"",""original_url"":""https://hackstack.io/rapid/signal/1410""}"
1411,1411,151,created,2025-01-20 11:47:01,"{""short_code"":""Yj6hzW"",""original_url"":""https://acme.dev/ember/field/1411""}"
1412,1412,5,created,2025-12-06 20:15:58,"{""short_code"":""RSkcUZ"",""original_url"":""https://acme.dev/harbor/beacon/1412""}"
1413,1413,259,created,2025-10-09 06:10:46,"{""short_code"":""p0zZXw"",""original_url"":""https://acme.dev/silver/journey/1413""}"
1414,1414,243,created,2025-09-17 21:32:16,"{""short_code"":""Q0s9BH"",""original_url"":""https://example.com/ivory/field/1414""}"
1415,1415,142,created,2025-07-17 22:47:14,"{""short_code"":""tLqVni"",""original_url"":""https://example.com/mellow/meadow/1415""}"
1416,1416,320,created,2025-06-24 23:32:29,"{""short_code"":""RQsM4C"",""original_url"":""https://example.com/silver/uplink/1416""}"
1417,1417,250,created,2025-01-06 18:23:48,"{""short_code"":""HQ0UDr"",""original_url"":""https://hackstack.io/gold/garden/1417""}"
1418,1418,25,created,2025-12-29 06:21:43,"{""short_code"":""raQv7d"",""original_url"":""https://relay.cloud/gold/beacon/1418""}"
1419,1419,55,created,2025-04-15 12:41:37,"{""short_code"":""3HAy3Q"",""original_url"":""https://acme.dev/navy/field/1419""}"
1420,1420,182,created,2025-07-23 16:45:12,"{""short_code"":""JNxKxG"",""original_url"":""https://opswise.net/ivory/delta/1420""}"
1421,1421,216,created,2025-07-22 23:58:34,"{""short_code"":""JPiXku"",""original_url"":""https://seeded.app/ivory/window/1421""}"
1422,1422,93,created,2025-06-04 22:28:55,"{""short_code"":""bay4Ro"",""original_url"":""https://opswise.net/jade/signal/1422""}"
1423,1423,387,created,2025-09-15 19:32:19,"{""short_code"":""pzlkLz"",""original_url"":""https://opswise.net/dawn/yard/1423""}"
1424,1424,3,created,2026-02-02 14:26:18,"{""short_code"":""QXdzrA"",""original_url"":""https://example.com/harbor/garden/1424""}"
1425,1425,365,created,2025-03-26 08:29:54,"{""short_code"":""18FXRH"",""original_url"":""https://opswise.net/silver/garden/1425""}"
1426,1426,307,created,2025-06-10 03:49:50,"{""short_code"":""aUCISI"",""original_url"":""https://seeded.app/forest/zenith/1426""}"
1427,1427,69,created,2025-12-24 11:59:22,"{""short_code"":""oUZOp2"",""original_url"":""https://example.com/tidy/meadow/1427""}"
1428,1428,245,created,2025-02-14 03:07:58,"{""short_code"":""uaL2zn"",""original_url"":""https://relay.cloud/young/window/1428""}"
1429,1429,266,created,2026-01-05 05:17:13,"{""short_code"":""pXFtIT"",""original_url"":""https://hackstack.io/cobalt/quartz/1429""}"
1430,1430,108,created,2025-11-29 03:35:03,"{""short_code"":""MmzXqw"",""original_url"":""https://hackstack.io/lively/network/1430""}"
1431,1431,32,created,2025-06-16 16:38:14,"{""short_code"":""SvdLqi"",""original_url"":""https://example.com/cobalt/kernel/1431""}"
1432,1432,244,created,2025-12-20 16:33:19,"{""short_code"":""iBZ84G"",""original_url"":""https://hackstack.io/silver/field/1432""}"
1433,1433,278,created,2025-09-12 23:00:32,"{""short_code"":""KJpZVc"",""original_url"":""https://relay.cloud/lively/trail/1433""}"
1434,1434,380,created,2025-09-25 13:09:37,"{""short_code"":""QXr7kD"",""original_url"":""https://seeded.app/lively/signal/1434""}"
1435,1435,89,created,2025-09-15 10:15:16,"{""short_code"":""OaFanI"",""original_url"":""https://seeded.app/rapid/orbit/1435""}"
1436,1436,249,created,2025-02-23 19:58:54,"{""short_code"":""lZylNR"",""original_url"":""https://acme.dev/forest/uplink/1436""}"
1437,1437,245,created,2025-10-05 09:21:49,"{""short_code"":""efAyM5"",""original_url"":""https://hackstack.io/harbor/orbit/1437""}"
1438,1438,247,created,2025-06-19 02:22:06,"{""short_code"":""sQ1gDw"",""original_url"":""https://relay.cloud/tidy/valley/1438""}"
1439,1439,186,created,2025-08-06 21:17:40,"{""short_code"":""UXo1B9"",""original_url"":""https://acme.dev/cobalt/delta/1439""}"
1440,1440,143,created,2025-01-30 02:30:49,"{""short_code"":""XlmkzG"",""original_url"":""https://opswise.net/vivid/river/1440""}"
1441,1441,278,created,2025-09-19 08:08:21,"{""short_code"":""M0pQYg"",""original_url"":""https://relay.cloud/ivory/anchor/1441""}"
1442,1442,67,created,2025-01-10 21:08:24,"{""short_code"":""MxBEmK"",""original_url"":""https://opswise.net/ember/signal/1442""}"
1443,1443,147,created,2025-02-13 04:27:02,"{""short_code"":""YSWgNr"",""original_url"":""https://seeded.app/harbor/network/1443""}"
1444,1444,25,created,2025-10-28 16:17:17,"{""short_code"":""rJc7Ae"",""original_url"":""https://hackstack.io/opal/quartz/1444""}"
1445,1445,107,created,2026-01-06 16:33:44,"{""short_code"":""8tRcjK"",""original_url"":""https://hackstack.io/cobalt/beacon/1445""}"
1446,1446,364,created,2025-02-20 13:57:22,"{""short_code"":""FhELOB"",""original_url"":""https://seeded.app/opal/valley/1446""}"
1447,1447,220,created,2025-09-23 20:07:26,"{""short_code"":""BIMWbc"",""original_url"":""https://seeded.app/ember/anchor/1447""}"
1448,1448,157,created,2025-05-06 04:00:48,"{""short_code"":""fqInyu"",""original_url"":""https://opswise.net/clear/garden/1448""}"
1449,1449,147,created,2025-11-22 13:40:17,"{""short_code"":""pAvaYB"",""original_url"":""https://acme.dev/urban/journey/1449""}"
1450,1450,342,created,2025-03-08 01:06:19,"{""short_code"":""HqC7l8"",""original_url"":""https://relay.cloud/ivory/anchor/1450""}"
1451,1451,24,created,2026-01-09 01:26:38,"{""short_code"":""y7LNO2"",""original_url"":""https://relay.cloud/harbor/pioneer/1451""}"
1452,1452,347,created,2025-09-14 06:26:43,"{""short_code"":""h53TOZ"",""original_url"":""https://acme.dev/navy/trail/1452""}"
1453,1453,189,created,2025-06-23 19:16:09,"{""short_code"":""pz6J1J"",""original_url"":""https://acme.dev/warm/garden/1453""}"
1454,1454,74,created,2025-09-22 08:28:39,"{""short_code"":""ilIt7O"",""original_url"":""https://opswise.net/forest/window/1454""}"
1455,1455,362,created,2025-10-25 12:04:48,"{""short_code"":""m2Zbvb"",""original_url"":""https://example.com/brisk/trail/1455""}"
1456,1456,96,created,2025-05-22 15:36:41,"{""short_code"":""EtBsOd"",""original_url"":""https://opswise.net/proud/engine/1456""}"
1457,1457,330,created,2025-08-22 19:50:13,"{""short_code"":""E3bzXY"",""original_url"":""https://example.com/urban/island/1457""}"
1458,1458,263,created,2026-01-16 14:08:24,"{""short_code"":""jtQDlt"",""original_url"":""https://acme.dev/forest/garden/1458""}"
1459,1459,247,created,2025-02-06 08:23:38,"{""short_code"":""aXxRpv"",""original_url"":""https://opswise.net/young/quartz/1459""}"
1460,1460,274,created,2025-01-26 20:10:21,"{""short_code"":""GU7tR0"",""original_url"":""https://example.com/dawn/orbit/1460""}"
1461,1461,346,created,2025-12-09 18:40:54,"{""short_code"":""X7C1oi"",""original_url"":""https://opswise.net/silver/canyon/1461""}"
1462,1462,258,created,2025-03-30 19:33:14,"{""short_code"":""RQsuUQ"",""original_url"":""https://acme.dev/lively/uplink/1462""}"
1463,1463,15,created,2025-01-19 13:00:32,"{""short_code"":""ixjKIg"",""original_url"":""https://example.com/tidy/network/1463""}"
1464,1464,170,created,2025-03-14 23:09:29,"{""short_code"":""hNLBnn"",""original_url"":""https://opswise.net/calm/engine/1464""}"
1465,1465,220,created,2025-12-28 23:57:50,"{""short_code"":""Ltkybk"",""original_url"":""https://hackstack.io/opal/engine/1465""}"
1466,1466,156,created,2025-08-09 05:33:15,"{""short_code"":""BkaMAy"",""original_url"":""https://hackstack.io/keen/trail/1466""}"
1467,1467,48,created,2025-01-03 18:50:03,"{""short_code"":""nUs5hq"",""original_url"":""https://opswise.net/lively/island/1467""}"
1468,1468,267,created,2025-05-01 04:31:21,"{""short_code"":""E6sRVg"",""original_url"":""https://opswise.net/tidy/uplink/1468""}"
1469,1469,180,created,2025-08-06 12:30:15,"{""short_code"":""koEJqa"",""original_url"":""https://seeded.app/ember/beacon/1469""}"
1470,1470,290,created,2025-03-10 07:54:20,"{""short_code"":""MDh2er"",""original_url"":""https://acme.dev/keen/window/1470""}"
1471,1471,133,created,2025-09-14 02:21:05,"{""short_code"":""05rCAf"",""original_url"":""https://seeded.app/navy/window/1471""}"
1472,1472,377,created,2025-06-13 11:17:55,"{""short_code"":""9RhX7Y"",""original_url"":""https://hackstack.io/vivid/valley/1472""}"
1473,1473,282,created,2025-02-25 18:14:43,"{""short_code"":""SjKccU"",""original_url"":""https://acme.dev/jade/delta/1473""}"
1474,1474,376,created,2025-04-09 23:24:12,"{""short_code"":""ey6WKf"",""original_url"":""https://seeded.app/lively/anchor/1474""}"
1475,1475,155,created,2026-01-20 21:27:04,"{""short_code"":""SYu7g2"",""original_url"":""https://hackstack.io/clear/lagoon/1475""}"
1476,1476,189,created,2025-09-11 04:36:42,"{""short_code"":""m2xGB5"",""original_url"":""https://hackstack.io/clear/river/1476""}"
1477,1477,215,created,2026-01-22 02:30:12,"{""short_code"":""0nns5N"",""original_url"":""https://relay.cloud/clear/zenith/1477""}"
1478,1478,327,created,2025-05-24 23:40:08,"{""short_code"":""jW90Dk"",""original_url"":""https://seeded.app/urban/zenith/1478""}"
1479,1479,295,created,2026-02-13 18:45:42,"{""short_code"":""0aWnr5"",""original_url"":""https://example.com/keen/island/1479""}"
1480,1480,340,created,2025-11-07 05:59:45,"{""short_code"":""W66sin"",""original_url"":""https://example.com/dawn/yard/1480""}"
1481,1481,147,created,2025-03-01 23:50:29,"{""short_code"":""bnexq0"",""original_url"":""https://relay.cloud/dawn/garden/1481""}"
1482,1482,199,created,2025-09-14 17:22:40,"{""short_code"":""2bLDY4"",""original_url"":""https://seeded.app/ivory/zenith/1482""}"
1483,1483,159,created,2025-12-10 18:21:36,"{""short_code"":""urG86h"",""original_url"":""https://hackstack.io/silver/zenith/1483""}"
1484,1484,168,created,2025-11-01 10:15:38,"{""short_code"":""qzwCTd"",""original_url"":""https://acme.dev/brisk/signal/1484""}"
1485,1485,160,created,2025-08-27 09:57:01,"{""short_code"":""gkOpyl"",""original_url"":""https://relay.cloud/ivory/meadow/1485""}"
1486,1486,337,created,2025-10-12 14:07:20,"{""short_code"":""KO7ljV"",""original_url"":""https://seeded.app/cobalt/garden/1486""}"
1487,1487,275,created,2025-02-21 14:11:04,"{""short_code"":""pQvuPS"",""original_url"":""https://acme.dev/opal/window/1487""}"
1488,1488,375,created,2025-10-12 11:24:53,"{""short_code"":""q5v99A"",""original_url"":""https://example.com/calm/valley/1488""}"
1489,1489,361,created,2026-01-18 10:13:15,"{""short_code"":""adZcfd"",""original_url"":""https://relay.cloud/ivory/engine/1489""}"
1490,1490,287,created,2026-01-15 19:30:34,"{""short_code"":""G4i6bg"",""original_url"":""https://acme.dev/clear/anchor/1490""}"
1491,1491,140,created,2025-09-06 17:12:45,"{""short_code"":""Lh3iId"",""original_url"":""https://relay.cloud/cobalt/meadow/1491""}"
1492,1492,91,created,2025-12-23 00:28:43,"{""short_code"":""8qo3Dx"",""original_url"":""https://example.com/warm/yard/1492""}"
1493,1493,250,created,2025-10-30 18:12:38,"{""short_code"":""Oa88w4"",""original_url"":""https://seeded.app/forest/kernel/1493""}"
1494,1494,160,created,2025-09-16 23:33:31,"{""short_code"":""NpKbKc"",""original_url"":""https://hackstack.io/cobalt/valley/1494""}"
1495,1495,319,created,2025-10-20 19:09:23,"{""short_code"":""RRiLM3"",""original_url"":""https://acme.dev/navy/uplink/1495""}"
1496,1496,272,created,2025-09-12 10:55:38,"{""short_code"":""78Ao91"",""original_url"":""https://acme.dev/rapid/journey/1496""}"
1497,1497,333,created,2025-08-28 09:23:54,"{""short_code"":""RGRZSU"",""original_url"":""https://example.com/warm/garden/1497""}"
1498,1498,254,created,2025-01-04 16:43:28,"{""short_code"":""iK5KFl"",""original_url"":""https://example.com/rapid/canyon/1498""}"
1499,1499,48,created,2025-06-06 17:27:41,"{""short_code"":""gnUxqQ"",""original_url"":""https://seeded.app/silver/valley/1499""}"
1500,1500,381,created,2025-08-10 15:18:18,"{""short_code"":""aVKoPj"",""original_url"":""https://seeded.app/amber/lagoon/1500""}"
1501,1501,240,created,2025-08-03 10:24:19,"{""short_code"":""TqEuow"",""original_url"":""https://acme.dev/opal/zenith/1501""}"
1502,1502,393,created,2025-07-15 21:28:56,"{""short_code"":""vU1UFz"",""original_url"":""https://seeded.app/ember/kernel/1502""}"
1503,1503,54,created,2025-09-27 11:49:37,"{""short_code"":""l3ymEW"",""original_url"":""https://opswise.net/navy/signal/1503""}"
1504,1504,240,created,2025-11-17 21:23:17,"{""short_code"":""r9IS2w"",""original_url"":""https://opswise.net/amber/trail/1504""}"
1505,1505,331,created,2025-08-08 11:00:10,"{""short_code"":""0SYlsf"",""original_url"":""https://acme.dev/jade/engine/1505""}"
1506,1506,358,created,2025-09-12 23:40:42,"{""short_code"":""rBIlV6"",""original_url"":""https://hackstack.io/young/pioneer/1506""}"
1507,1507,49,created,2025-02-02 09:01:52,"{""short_code"":""oMAQrY"",""original_url"":""https://hackstack.io/harbor/orbit/1507""}"
1508,1508,179,created,2025-04-09 03:47:26,"{""short_code"":""8hD1Rq"",""original_url"":""https://example.com/urban/zenith/1508""}"
1509,1509,11,created,2025-10-01 20:20:17,"{""short_code"":""QKByX2"",""original_url"":""https://relay.cloud/urban/valley/1509""}"
1510,1510,144,created,2025-08-04 03:48:47,"{""short_code"":""fAb8oz"",""original_url"":""https://opswise.net/harbor/yard/1510""}"
1511,1511,104,created,2026-02-04 02:11:09,"{""short_code"":""8NzJri"",""original_url"":""https://relay.cloud/amber/anchor/1511""}"
1512,1512,293,created,2025-11-09 14:33:47,"{""short_code"":""0GkBC4"",""original_url"":""https://hackstack.io/harbor/anchor/1512""}"
1513,1513,361,created,2025-07-16 01:08:05,"{""short_code"":""adQnin"",""original_url"":""https://acme.dev/forest/orbit/1513""}"
1514,1514,95,created,2026-01-01 19:52:53,"{""short_code"":""5PrtFD"",""original_url"":""https://hackstack.io/warm/island/1514""}"
1515,1515,359,created,2025-11-08 06:17:42,"{""short_code"":""MIxPph"",""original_url"":""https://example.com/clear/beacon/1515""}"
1516,1516,159,created,2025-10-12 11:27:34,"{""short_code"":""IopSrb"",""original_url"":""https://example.com/warm/signal/1516""}"
1517,1517,40,created,2025-03-19 22:28:52,"{""short_code"":""YKP2qC"",""original_url"":""https://acme.dev/warm/anchor/1517""}"
1518,1518,318,created,2025-10-19 09:36:01,"{""short_code"":""tHL69O"",""original_url"":""https://seeded.app/amber/beacon/1518""}"
1519,1519,31,created,2025-12-03 03:48:30,"{""short_code"":""yeScs8"",""original_url"":""https://seeded.app/keen/field/1519""}"
1520,1520,239,created,2026-01-20 20:17:33,"{""short_code"":""1vcOA7"",""original_url"":""https://opswise.net/amber/zenith/1520""}"
1521,1521,344,created,2025-01-15 18:17:38,"{""short_code"":""5tXl9u"",""original_url"":""https://opswise.net/navy/meadow/1521""}"
1522,1522,104,created,2025-01-12 11:00:07,"{""short_code"":""OLCRrc"",""original_url"":""https://seeded.app/mellow/uplink/1522""}"
1523,1523,392,created,2025-11-06 08:22:14,"{""short_code"":""s8ksLp"",""original_url"":""https://example.com/harbor/journey/1523""}"
1524,1524,290,created,2025-11-20 01:43:27,"{""short_code"":""W780YD"",""original_url"":""https://hackstack.io/forest/anchor/1524""}"
1525,1525,11,created,2025-07-17 02:18:10,"{""short_code"":""hQw4Yt"",""original_url"":""https://example.com/jade/river/1525""}"
1526,1526,169,created,2025-10-31 00:18:15,"{""short_code"":""LZHCLA"",""original_url"":""https://relay.cloud/warm/meadow/1526""}"
1527,1527,304,created,2025-04-06 04:08:35,"{""short_code"":""CXNi1V"",""original_url"":""https://hackstack.io/ivory/delta/1527""}"
1528,1528,297,created,2025-02-03 21:28:09,"{""short_code"":""qMY30S"",""original_url"":""https://opswise.net/quiet/journey/1528""}"
1529,1529,148,created,2025-10-15 08:09:44,"{""short_code"":""kjsIcg"",""original_url"":""https://acme.dev/clear/garden/1529""}"
1530,1530,74,created,2025-07-12 14:44:31,"{""short_code"":""klKmPG"",""original_url"":""https://acme.dev/tidy/signal/1530""}"
1531,1531,230,created,2025-09-20 14:35:51,"{""short_code"":""m192ZF"",""original_url"":""https://example.com/silver/meadow/1531""}"
1532,1532,130,created,2025-03-29 11:58:27,"{""short_code"":""LZ8t4c"",""original_url"":""https://relay.cloud/vivid/orbit/1532""}"
1533,1533,339,created,2025-12-27 11:28:06,"{""short_code"":""eW1lzW"",""original_url"":""https://acme.dev/lively/quartz/1533""}"
1534,1534,150,created,2025-02-15 11:49:07,"{""short_code"":""QTHBEf"",""original_url"":""https://acme.dev/ember/orbit/1534""}"
1535,1535,258,created,2025-01-03 04:50:04,"{""short_code"":""c2UIUN"",""original_url"":""https://example.com/rapid/pioneer/1535""}"
1536,1536,292,created,2025-10-24 22:39:07,"{""short_code"":""zvulBq"",""original_url"":""https://opswise.net/silver/network/1536""}"
1537,1537,220,created,2025-02-21 04:41:18,"{""short_code"":""FbQtYE"",""original_url"":""https://opswise.net/young/signal/1537""}"
1538,1538,312,created,2025-11-24 21:42:25,"{""short_code"":""FwI6u8"",""original_url"":""https://hackstack.io/urban/lagoon/1538""}"
1539,1539,349,created,2025-04-10 22:44:26,"{""short_code"":""9ipPoH"",""original_url"":""https://relay.cloud/navy/journey/1539""}"
1540,1540,51,created,2025-04-29 00:17:25,"{""short_code"":""ZXZnSl"",""original_url"":""https://opswise.net/harbor/delta/1540""}"
1541,1541,367,created,2025-05-23 09:04:52,"{""short_code"":""9mxCwr"",""original_url"":""https://opswise.net/forest/uplink/1541""}"
1542,1542,232,created,2025-02-11 07:35:29,"{""short_code"":""nYJ7eG"",""original_url"":""https://example.com/ivory/canyon/1542""}"
1543,1543,332,created,2025-05-06 16:26:15,"{""short_code"":""d2eZ6m"",""original_url"":""https://example.com/lively/meadow/1543""}"
1544,1544,386,created,2026-01-20 20:01:35,"{""short_code"":""dBUy46"",""original_url"":""https://seeded.app/mellow/lagoon/1544""}"
1545,1545,33,created,2026-02-12 01:00:13,"{""short_code"":""Xu2VJ9"",""original_url"":""https://seeded.app/rapid/network/1545""}"
1546,1546,89,created,2025-08-19 19:51:18,"{""short_code"":""qlg5ks"",""original_url"":""https://opswise.net/navy/kernel/1546""}"
1547,1547,270,created,2025-08-07 02:46:43,"{""short_code"":""3vusvU"",""original_url"":""https://acme.dev/mellow/signal/1547""}"
1548,1548,95,created,2025-11-05 07:37:06,"{""short_code"":""V5MORm"",""original_url"":""https://acme.dev/proud/lagoon/1548""}"
1549,1549,311,created,2025-02-15 14:03:34,"{""short_code"":""PnjMIN"",""original_url"":""https://hackstack.io/dawn/river/1549""}"
1550,1550,281,created,2025-01-22 04:26:59,"{""short_code"":""Hk5yzW"",""original_url"":""https://hackstack.io/tidy/lagoon/1550""}"
1551,1551,324,created,2025-09-20 01:39:46,"{""short_code"":""qUqJDw"",""original_url"":""https://relay.cloud/vivid/yard/1551""}"
1552,1552,291,created,2025-10-04 10:30:31,"{""short_code"":""XXG50p"",""original_url"":""https://opswise.net/harbor/journey/1552""}"
1553,1553,277,created,2025-11-16 15:29:02,"{""short_code"":""EHyZT1"",""original_url"":""https://acme.dev/gold/trail/1553""}"
1554,1554,391,created,2025-05-01 09:48:44,"{""short_code"":""KkK20E"",""original_url"":""https://opswise.net/forest/yard/1554""}"
1555,1555,217,created,2025-03-12 10:05:47,"{""short_code"":""ywiadI"",""original_url"":""https://seeded.app/calm/delta/1555""}"
1556,1556,120,created,2025-07-02 01:28:35,"{""short_code"":""eGZzFJ"",""original_url"":""https://relay.cloud/proud/canyon/1556""}"
1557,1557,394,created,2025-02-24 14:16:02,"{""short_code"":""G0jKyS"",""original_url"":""https://relay.cloud/dawn/orbit/1557""}"
1558,1558,268,created,2025-06-27 14:06:28,"{""short_code"":""1nwsVF"",""original_url"":""https://seeded.app/calm/canyon/1558""}"
1559,1559,77,created,2025-05-15 03:57:04,"{""short_code"":""orZXz5"",""original_url"":""https://acme.dev/harbor/quartz/1559""}"
1560,1560,315,created,2025-08-20 09:38:34,"{""short_code"":""pe0hXZ"",""original_url"":""https://example.com/young/kernel/1560""}"
1561,1561,180,created,2025-05-27 13:46:29,"{""short_code"":""HS534M"",""original_url"":""https://relay.cloud/ember/zenith/1561""}"
1562,1562,142,created,2025-09-07 00:04:10,"{""short_code"":""R5oMyr"",""original_url"":""https://relay.cloud/dawn/signal/1562""}"
1563,1563,171,created,2025-01-26 04:04:38,"{""short_code"":""M4QEnc"",""original_url"":""https://acme.dev/cobalt/anchor/1563""}"
1564,1564,201,created,2025-05-28 17:25:52,"{""short_code"":""FY0WyX"",""original_url"":""https://acme.dev/vivid/island/1564""}"
1565,1565,255,created,2025-05-23 11:21:38,"{""short_code"":""9fqds8"",""original_url"":""https://example.com/warm/engine/1565""}"
1566,1566,171,created,2026-02-13 07:34:02,"{""short_code"":""tI0zqe"",""original_url"":""https://relay.cloud/dawn/journey/1566""}"
1567,1567,298,created,2025-10-21 17:26:23,"{""short_code"":""To6wtv"",""original_url"":""https://acme.dev/calm/window/1567""}"
1568,1568,258,created,2025-09-11 21:32:03,"{""short_code"":""TnxYGK"",""original_url"":""https://example.com/proud/anchor/1568""}"
1569,1569,300,created,2025-12-10 17:15:51,"{""short_code"":""LWkabw"",""original_url"":""https://relay.cloud/young/trail/1569""}"
1570,1570,207,created,2025-03-09 09:55:21,"{""short_code"":""ZuOvUi"",""original_url"":""https://relay.cloud/forest/yard/1570""}"
1571,1571,241,created,2025-01-24 09:59:16,"{""short_code"":""HxRGUk"",""original_url"":""https://seeded.app/navy/pioneer/1571""}"
1572,1572,340,created,2025-02-26 12:56:38,"{""short_code"":""yDikgr"",""original_url"":""https://opswise.net/clear/pioneer/1572""}"
1573,1573,340,created,2025-12-21 04:54:16,"{""short_code"":""IIeGaR"",""original_url"":""https://acme.dev/calm/yard/1573""}"
1574,1574,20,created,2026-02-14 15:02:53,"{""short_code"":""8sWwHo"",""original_url"":""https://seeded.app/proud/pioneer/1574""}"
1575,1575,330,created,2025-03-03 22:03:30,"{""short_code"":""1QD8Eg"",""original_url"":""https://hackstack.io/ivory/engine/1575""}"
1576,1576,119,created,2025-03-26 15:06:31,"{""short_code"":""DT3wm8"",""original_url"":""https://example.com/harbor/island/1576""}"
1577,1577,20,created,2025-12-29 03:57:46,"{""short_code"":""wLMXGv"",""original_url"":""https://opswise.net/urban/zenith/1577""}"
1578,1578,209,created,2025-08-25 04:13:29,"{""short_code"":""yY1mUK"",""original_url"":""https://acme.dev/clear/field/1578""}"
1579,1579,35,created,2026-02-19 11:45:01,"{""short_code"":""kQ7tSO"",""original_url"":""https://opswise.net/opal/canyon/1579""}"
1580,1580,384,created,2025-12-04 02:44:08,"{""short_code"":""FFCmB5"",""original_url"":""https://opswise.net/keen/zenith/1580""}"
1581,1581,328,created,2026-01-15 14:54:12,"{""short_code"":""znanNg"",""original_url"":""https://seeded.app/gold/kernel/1581""}"
1582,1582,14,created,2025-02-10 23:12:07,"{""short_code"":""X4HPWQ"",""original_url"":""https://hackstack.io/warm/canyon/1582""}"
1583,1583,18,created,2026-02-12 01:55:18,"{""short_code"":""tf5ySp"",""original_url"":""https://relay.cloud/proud/harvest/1583""}"
1584,1584,190,created,2025-04-11 05:47:18,"{""short_code"":""38sfRA"",""original_url"":""https://example.com/amber/meadow/1584""}"
1585,1585,204,created,2026-01-22 20:24:42,"{""short_code"":""gE0PlO"",""original_url"":""https://seeded.app/jade/anchor/1585""}"
1586,1586,124,created,2025-11-20 17:44:48,"{""short_code"":""UX0gBl"",""original_url"":""https://acme.dev/clear/quartz/1586""}"
1587,1587,135,created,2025-02-26 11:45:01,"{""short_code"":""cBO045"",""original_url"":""https://example.com/warm/engine/1587""}"
1588,1588,203,created,2025-11-09 23:47:12,"{""short_code"":""9z1JZg"",""original_url"":""https://example.com/gold/anchor/1588""}"
1589,1589,325,created,2025-12-28 15:31:23,"{""short_code"":""oaLuBH"",""original_url"":""https://hackstack.io/brisk/valley/1589""}"
1590,1590,23,created,2025-11-04 23:02:44,"{""short_code"":""A7i2xz"",""original_url"":""https://opswise.net/calm/harvest/1590""}"
1591,1591,359,created,2026-01-08 02:19:44,"{""short_code"":""n1QFt8"",""original_url"":""https://acme.dev/dawn/kernel/1591""}"
1592,1592,390,created,2026-02-09 10:03:04,"{""short_code"":""8iGZFy"",""original_url"":""https://hackstack.io/navy/window/1592""}"
1593,1593,140,created,2025-02-02 07:47:41,"{""short_code"":""Y7qNH2"",""original_url"":""https://relay.cloud/navy/engine/1593""}"
1594,1594,54,created,2025-10-08 21:31:08,"{""short_code"":""3oHfVw"",""original_url"":""https://relay.cloud/silver/river/1594""}"
1595,1595,60,created,2025-09-08 21:20:40,"{""short_code"":""Vf0wJc"",""original_url"":""https://acme.dev/ivory/canyon/1595""}"
1596,1596,32,created,2025-07-28 15:25:59,"{""short_code"":""H4xrQY"",""original_url"":""https://acme.dev/young/yard/1596""}"
1597,1597,69,created,2025-08-26 00:00:51,"{""short_code"":""Up2DAT"",""original_url"":""https://seeded.app/opal/pioneer/1597""}"
1598,1598,182,created,2025-04-01 22:09:05,"{""short_code"":""zIw1fp"",""original_url"":""https://hackstack.io/vivid/lagoon/1598""}"
1599,1599,360,created,2025-09-11 13:43:03,"{""short_code"":""aupEke"",""original_url"":""https://opswise.net/ember/orbit/1599""}"
1600,1600,170,created,2025-12-18 11:32:30,"{""short_code"":""NjhTeT"",""original_url"":""https://opswise.net/young/network/1600""}"
1601,1601,343,created,2025-01-14 15:01:16,"{""short_code"":""09qksq"",""original_url"":""https://opswise.net/harbor/uplink/1601""}"
1602,1602,350,created,2025-04-07 11:55:25,"{""short_code"":""wFANP5"",""original_url"":""https://seeded.app/jade/pioneer/1602""}"
1603,1603,135,created,2025-10-22 13:02:46,"{""short_code"":""R7uc4G"",""original_url"":""https://example.com/warm/canyon/1603""}"
1604,1604,390,created,2026-01-28 20:08:59,"{""short_code"":""OgVFg7"",""original_url"":""https://relay.cloud/mellow/window/1604""}"
1605,1605,64,created,2025-06-27 09:28:24,"{""short_code"":""seuJ1C"",""original_url"":""https://hackstack.io/warm/pioneer/1605""}"
1606,1606,295,created,2025-09-20 19:46:39,"{""short_code"":""oHFLh3"",""original_url"":""https://acme.dev/harbor/pioneer/1606""}"
1607,1607,326,created,2026-01-24 10:45:10,"{""short_code"":""BCoYNa"",""original_url"":""https://acme.dev/vivid/orbit/1607""}"
1608,1608,327,created,2026-01-19 11:26:09,"{""short_code"":""mDKfLB"",""original_url"":""https://seeded.app/jade/river/1608""}"
1609,1609,259,created,2025-04-13 12:13:36,"{""short_code"":""Hd8I8G"",""original_url"":""https://example.com/cobalt/beacon/1609""}"
1610,1610,170,created,2026-01-28 13:01:49,"{""short_code"":""DUEIF1"",""original_url"":""https://hackstack.io/amber/network/1610""}"
1611,1611,194,created,2025-11-28 22:56:31,"{""short_code"":""p7AN0G"",""original_url"":""https://hackstack.io/amber/island/1611""}"
1612,1612,363,created,2025-03-13 06:32:55,"{""short_code"":""oGuWf9"",""original_url"":""https://opswise.net/vivid/island/1612""}"
1613,1613,84,created,2025-03-07 21:53:17,"{""short_code"":""25hSIW"",""original_url"":""https://hackstack.io/keen/meadow/1613""}"
1614,1614,18,created,2025-01-18 14:30:30,"{""short_code"":""FQFcaC"",""original_url"":""https://example.com/ember/window/1614""}"
1615,1615,370,created,2026-01-24 15:12:04,"{""short_code"":""sXCaWR"",""original_url"":""https://example.com/ember/canyon/1615""}"
1616,1616,30,created,2025-09-27 23:36:44,"{""short_code"":""Lcl5Oj"",""original_url"":""https://seeded.app/cobalt/island/1616""}"
1617,1617,17,created,2025-10-22 22:18:47,"{""short_code"":""zDxikS"",""original_url"":""https://seeded.app/silver/anchor/1617""}"
1618,1618,85,created,2025-06-21 06:03:14,"{""short_code"":""OFO52s"",""original_url"":""https://relay.cloud/mellow/journey/1618""}"
1619,1619,375,created,2025-11-17 12:41:11,"{""short_code"":""MSVjyL"",""original_url"":""https://example.com/ember/garden/1619""}"
1620,1620,332,created,2025-01-12 17:05:58,"{""short_code"":""h1kS8o"",""original_url"":""https://opswise.net/dawn/pioneer/1620""}"
1621,1621,106,created,2025-08-24 01:57:12,"{""short_code"":""n5MnvD"",""original_url"":""https://seeded.app/mellow/garden/1621""}"
1622,1622,352,created,2025-04-05 10:23:17,"{""short_code"":""kBpDKk"",""original_url"":""https://acme.dev/urban/garden/1622""}"
1623,1623,100,created,2025-12-04 11:31:05,"{""short_code"":""xKdkXV"",""original_url"":""https://acme.dev/clear/delta/1623""}"
1624,1624,147,created,2025-12-05 13:05:57,"{""short_code"":""gDsUQp"",""original_url"":""https://opswise.net/brisk/quartz/1624""}"
1625,1625,233,created,2025-08-26 13:34:23,"{""short_code"":""6rrKKY"",""original_url"":""https://example.com/gold/trail/1625""}"
1626,1626,391,created,2025-09-29 00:41:24,"{""short_code"":""q3YPPf"",""original_url"":""https://acme.dev/opal/window/1626""}"
1627,1627,202,created,2025-03-22 10:49:54,"{""short_code"":""MzffhK"",""original_url"":""https://relay.cloud/silver/canyon/1627""}"
1628,1628,279,created,2025-07-23 14:02:35,"{""short_code"":""nLLVIt"",""original_url"":""https://opswise.net/calm/quartz/1628""}"
1629,1629,168,created,2025-06-21 16:04:22,"{""short_code"":""uJv3L9"",""original_url"":""https://opswise.net/jade/uplink/1629""}"
1630,1630,241,created,2026-01-13 13:32:27,"{""short_code"":""UhtBzU"",""original_url"":""https://hackstack.io/cobalt/network/1630""}"
1631,1631,56,created,2025-04-27 01:22:01,"{""short_code"":""7Yz5cM"",""original_url"":""https://acme.dev/amber/meadow/1631""}"
1632,1632,136,created,2025-09-20 21:56:20,"{""short_code"":""zcsQ7A"",""original_url"":""https://relay.cloud/ivory/window/1632""}"
1633,1633,108,created,2025-10-12 22:09:55,"{""short_code"":""V5rt98"",""original_url"":""https://relay.cloud/mellow/orbit/1633""}"
1634,1634,125,created,2025-12-20 21:28:55,"{""short_code"":""NzImLY"",""original_url"":""https://seeded.app/navy/canyon/1634""}"
1635,1635,397,created,2025-03-08 23:43:41,"{""short_code"":""w1N8LP"",""original_url"":""https://opswise.net/ember/engine/1635""}"
1636,1636,96,created,2026-02-20 18:35:20,"{""short_code"":""aB38Me"",""original_url"":""https://seeded.app/warm/river/1636""}"
1637,1637,212,created,2026-01-09 21:21:49,"{""short_code"":""ptfqPw"",""original_url"":""https://seeded.app/urban/kernel/1637""}"
1638,1638,275,created,2025-07-08 22:32:25,"{""short_code"":""AloceU"",""original_url"":""https://acme.dev/ivory/engine/1638""}"
1639,1639,231,created,2025-12-20 13:20:45,"{""short_code"":""jGUo7n"",""original_url"":""https://seeded.app/cobalt/delta/1639""}"
1640,1640,136,created,2025-12-13 18:24:41,"{""short_code"":""OhZs67"",""original_url"":""https://acme.dev/cobalt/signal/1640""}"
1641,1641,383,created,2025-06-12 17:53:11,"{""short_code"":""0yUiGk"",""original_url"":""https://opswise.net/forest/network/1641""}"
1642,1642,36,created,2026-01-10 03:20:23,"{""short_code"":""BlKi1C"",""original_url"":""https://hackstack.io/calm/anchor/1642""}"
1643,1643,126,created,2025-05-17 12:00:17,"{""short_code"":""XFrBy3"",""original_url"":""https://acme.dev/calm/orbit/1643""}"
1644,1644,78,created,2025-09-11 08:21:10,"{""short_code"":""ikCNO5"",""original_url"":""https://hackstack.io/forest/signal/1644""}"
1645,1645,322,created,2025-12-16 03:08:08,"{""short_code"":""Srk6UQ"",""original_url"":""https://opswise.net/ivory/island/1645""}"
1646,1646,62,created,2025-08-03 20:53:17,"{""short_code"":""Ayz3vd"",""original_url"":""https://opswise.net/ivory/garden/1646""}"
1647,1647,287,created,2025-09-03 17:32:00,"{""short_code"":""a7ql7o"",""original_url"":""https://seeded.app/clear/harvest/1647""}"
1648,1648,332,created,2025-07-24 16:15:44,"{""short_code"":""LkTnLM"",""original_url"":""https://seeded.app/ivory/kernel/1648""}"
1649,1649,355,created,2025-03-02 14:50:05,"{""short_code"":""ip8V07"",""original_url"":""https://example.com/warm/delta/1649""}"
1650,1650,97,created,2025-10-16 01:06:15,"{""short_code"":""OhaAKf"",""original_url"":""https://opswise.net/harbor/pioneer/1650""}"
1651,1651,231,created,2025-03-03 14:31:01,"{""short_code"":""3plgMD"",""original_url"":""https://example.com/clear/beacon/1651""}"
1652,1652,184,created,2025-09-17 08:37:27,"{""short_code"":""LSa4YS"",""original_url"":""https://seeded.app/tidy/meadow/1652""}"
1653,1653,207,created,2025-03-09 09:10:19,"{""short_code"":""QZCBTE"",""original_url"":""https://hackstack.io/navy/canyon/1653""}"
1654,1654,169,created,2025-10-31 10:21:19,"{""short_code"":""rpIim6"",""original_url"":""https://opswise.net/lively/quartz/1654""}"
1655,1655,151,created,2026-02-02 16:06:02,"{""short_code"":""WyrGdh"",""original_url"":""https://hackstack.io/cobalt/delta/1655""}"
1656,1656,236,created,2025-05-13 07:27:30,"{""short_code"":""dg4JHN"",""original_url"":""https://opswise.net/urban/valley/1656""}"
1657,1657,136,created,2025-02-23 12:06:10,"{""short_code"":""XowdCQ"",""original_url"":""https://hackstack.io/urban/harvest/1657""}"
1658,1658,197,created,2025-03-27 09:24:06,"{""short_code"":""9NCGBz"",""original_url"":""https://seeded.app/harbor/orbit/1658""}"
1659,1659,288,created,2025-11-30 15:39:17,"{""short_code"":""DIuQdJ"",""original_url"":""https://relay.cloud/forest/garden/1659""}"
1660,1660,380,created,2025-05-15 06:56:16,"{""short_code"":""fOcLsv"",""original_url"":""https://hackstack.io/tidy/trail/1660""}"
1661,1661,37,created,2025-05-10 20:31:38,"{""short_code"":""RrpBON"",""original_url"":""https://opswise.net/proud/window/1661""}"
1662,1662,7,created,2025-07-01 19:12:30,"{""short_code"":""80iG63"",""original_url"":""https://relay.cloud/brisk/lagoon/1662""}"
1663,1663,278,created,2025-04-04 18:31:48,"{""short_code"":""xYexRr"",""original_url"":""https://hackstack.io/quiet/pioneer/1663""}"
1664,1664,230,created,2025-10-13 00:28:31,"{""short_code"":""5z38vr"",""original_url"":""https://opswise.net/calm/signal/1664""}"
1665,1665,25,created,2025-01-28 16:04:52,"{""short_code"":""Lq0WwQ"",""original_url"":""https://relay.cloud/lively/anchor/1665""}"
1666,1666,175,created,2025-07-25 06:20:49,"{""short_code"":""dLHoCi"",""original_url"":""https://seeded.app/dawn/yard/1666""}"
1667,1667,61,created,2025-10-18 02:24:07,"{""short_code"":""04Lhtr"",""original_url"":""https://example.com/mellow/uplink/1667""}"
1668,1668,301,created,2025-10-07 06:40:18,"{""short_code"":""bn3n6S"",""original_url"":""https://example.com/navy/window/1668""}"
1669,1669,359,created,2025-06-29 18:56:56,"{""short_code"":""RI0Lrj"",""original_url"":""https://acme.dev/young/kernel/1669""}"
1670,1670,55,created,2025-03-16 08:49:08,"{""short_code"":""3F6Loh"",""original_url"":""https://acme.dev/calm/window/1670""}"
1671,1671,74,created,2025-02-06 19:34:44,"{""short_code"":""VHH9zP"",""original_url"":""https://opswise.net/young/uplink/1671""}"
1672,1672,205,created,2025-05-10 16:29:36,"{""short_code"":""oubAGW"",""original_url"":""https://relay.cloud/opal/canyon/1672""}"
1673,1673,366,created,2025-06-20 21:01:07,"{""short_code"":""JS0Fuv"",""original_url"":""https://relay.cloud/navy/kernel/1673""}"
1674,1674,128,created,2025-07-19 17:57:57,"{""short_code"":""UnSq1n"",""original_url"":""https://hackstack.io/brisk/lagoon/1674""}"
1675,1675,71,created,2026-01-22 13:26:33,"{""short_code"":""SEeGCB"",""original_url"":""https://relay.cloud/keen/field/1675""}"
1676,1676,238,created,2025-05-22 10:11:30,"{""short_code"":""NnsECn"",""original_url"":""https://seeded.app/dawn/meadow/1676""}"
1677,1677,315,created,2026-01-24 15:51:33,"{""short_code"":""e7K28y"",""original_url"":""https://seeded.app/ivory/canyon/1677""}"
1678,1678,336,created,2025-10-18 06:09:17,"{""short_code"":""lODrXk"",""original_url"":""https://relay.cloud/silver/orbit/1678""}"
1679,1679,34,created,2025-06-16 11:25:43,"{""short_code"":""s7lD36"",""original_url"":""https://relay.cloud/keen/garden/1679""}"
1680,1680,233,created,2025-02-04 03:18:17,"{""short_code"":""ltbiPm"",""original_url"":""https://seeded.app/clear/beacon/1680""}"
1681,1681,69,created,2025-09-13 06:26:00,"{""short_code"":""v54FHr"",""original_url"":""https://example.com/rapid/garden/1681""}"
1682,1682,269,created,2026-01-10 12:38:34,"{""short_code"":""xtEHhz"",""original_url"":""https://seeded.app/keen/garden/1682""}"
1683,1683,94,created,2025-04-20 00:10:27,"{""short_code"":""ziaPwy"",""original_url"":""https://hackstack.io/forest/meadow/1683""}"
1684,1684,372,created,2026-01-15 15:27:05,"{""short_code"":""rgREcq"",""original_url"":""https://seeded.app/silver/zenith/1684""}"
1685,1685,388,created,2025-07-26 17:59:24,"{""short_code"":""3fzzt7"",""original_url"":""https://example.com/ivory/river/1685""}"
1686,1686,201,created,2025-10-04 22:33:15,"{""short_code"":""EnKRql"",""original_url"":""https://seeded.app/cobalt/trail/1686""}"
1687,1687,237,created,2025-12-02 21:51:34,"{""short_code"":""H7VpHi"",""original_url"":""https://example.com/brisk/kernel/1687""}"
1688,1688,210,created,2025-09-19 11:11:43,"{""short_code"":""V6qaWH"",""original_url"":""https://seeded.app/harbor/zenith/1688""}"
1689,1689,46,created,2025-08-02 14:39:31,"{""short_code"":""stBSnI"",""original_url"":""https://seeded.app/clear/field/1689""}"
1690,1690,270,created,2025-11-03 05:11:19,"{""short_code"":""L33OMA"",""original_url"":""https://acme.dev/navy/journey/1690""}"
1691,1691,253,created,2026-02-06 17:42:11,"{""short_code"":""s9AtxG"",""original_url"":""https://hackstack.io/dawn/anchor/1691""}"
1692,1692,293,created,2026-01-16 05:05:49,"{""short_code"":""SkQ39X"",""original_url"":""https://opswise.net/proud/beacon/1692""}"
1693,1693,226,created,2025-06-09 12:26:29,"{""short_code"":""fhh1XT"",""original_url"":""https://example.com/quiet/canyon/1693""}"
1694,1694,350,created,2025-11-24 04:29:34,"{""short_code"":""wLwlI7"",""original_url"":""https://example.com/clear/canyon/1694""}"
1695,1695,370,created,2026-02-03 13:53:23,"{""short_code"":""suzg3e"",""original_url"":""https://acme.dev/urban/lagoon/1695""}"
1696,1696,388,created,2025-08-09 18:03:46,"{""short_code"":""ylui6E"",""original_url"":""https://relay.cloud/vivid/delta/1696""}"
1697,1697,83,created,2025-12-04 15:04:28,"{""short_code"":""01aq7S"",""original_url"":""https://acme.dev/vivid/engine/1697""}"
1698,1698,325,created,2025-11-22 01:32:43,"{""short_code"":""NKTtL8"",""original_url"":""https://acme.dev/brisk/network/1698""}"
1699,1699,134,created,2025-10-23 12:50:50,"{""short_code"":""Bj4OMv"",""original_url"":""https://relay.cloud/keen/meadow/1699""}"
1700,1700,213,created,2026-01-31 01:27:49,"{""short_code"":""PWnGpZ"",""original_url"":""https://hackstack.io/urban/network/1700""}"
1701,1701,163,created,2025-04-24 19:45:16,"{""short_code"":""fHBT9T"",""original_url"":""https://relay.cloud/navy/orbit/1701""}"
1702,1702,148,created,2025-03-16 05:18:35,"{""short_code"":""NBLGak"",""original_url"":""https://example.com/opal/field/1702""}"
1703,1703,40,created,2025-05-24 15:20:02,"{""short_code"":""j5Ecjm"",""original_url"":""https://example.com/dawn/kernel/1703""}"
1704,1704,348,created,2025-04-12 07:55:23,"{""short_code"":""MWMptc"",""original_url"":""https://acme.dev/warm/quartz/1704""}"
1705,1705,59,created,2025-10-07 04:26:25,"{""short_code"":""dNALhs"",""original_url"":""https://seeded.app/gold/engine/1705""}"
1706,1706,182,created,2025-02-26 21:27:22,"{""short_code"":""EdvXEV"",""original_url"":""https://seeded.app/navy/harvest/1706""}"
1707,1707,67,created,2025-04-27 04:20:53,"{""short_code"":""2ZTyQs"",""original_url"":""https://relay.cloud/mellow/meadow/1707""}"
1708,1708,174,created,2025-01-12 18:44:23,"{""short_code"":""R4MfB1"",""original_url"":""https://seeded.app/navy/valley/1708""}"
1709,1709,253,created,2025-07-22 09:40:37,"{""short_code"":""Wy4iws"",""original_url"":""https://hackstack.io/dawn/journey/1709""}"
1710,1710,34,created,2025-06-04 07:04:23,"{""short_code"":""cJjAXc"",""original_url"":""https://opswise.net/ember/yard/1710""}"
1711,1711,36,created,2025-03-27 20:29:39,"{""short_code"":""erMSTh"",""original_url"":""https://example.com/silver/engine/1711""}"
1712,1712,216,created,2025-05-24 11:21:47,"{""short_code"":""tOs2Vr"",""original_url"":""https://relay.cloud/warm/meadow/1712""}"
1713,1713,363,created,2026-01-30 05:14:26,"{""short_code"":""jynknu"",""original_url"":""https://hackstack.io/silver/signal/1713""}"
1714,1714,250,created,2025-05-31 06:54:03,"{""short_code"":""Km53hd"",""original_url"":""https://acme.dev/cobalt/canyon/1714""}"
1715,1715,118,created,2025-02-14 07:12:53,"{""short_code"":""iPowSg"",""original_url"":""https://acme.dev/tidy/zenith/1715""}"
1716,1716,131,created,2025-10-30 19:20:54,"{""short_code"":""mXWDL6"",""original_url"":""https://opswise.net/forest/signal/1716""}"
1717,1717,41,created,2025-04-19 12:47:43,"{""short_code"":""lpQvDG"",""original_url"":""https://example.com/amber/yard/1717""}"
1718,1718,102,created,2025-04-19 13:35:52,"{""short_code"":""wFwLIg"",""original_url"":""https://relay.cloud/harbor/field/1718""}"
1719,1719,91,created,2025-07-23 00:47:57,"{""short_code"":""XCoQLd"",""original_url"":""https://example.com/amber/yard/1719""}"
1720,1720,100,created,2025-03-07 12:24:16,"{""short_code"":""88Wvlk"",""original_url"":""https://relay.cloud/young/zenith/1720""}"
1721,1721,10,created,2025-04-26 05:08:24,"{""short_code"":""OwtnWV"",""original_url"":""https://seeded.app/lively/field/1721""}"
1722,1722,255,created,2026-02-18 19:13:48,"{""short_code"":""kpoQ75"",""original_url"":""https://example.com/proud/valley/1722""}"
1723,1723,390,created,2025-01-16 01:12:39,"{""short_code"":""fiXvEx"",""original_url"":""https://acme.dev/navy/field/1723""}"
1724,1724,112,created,2025-10-14 15:39:08,"{""short_code"":""afGofz"",""original_url"":""https://acme.dev/amber/field/1724""}"
1725,1725,112,created,2026-01-25 10:19:28,"{""short_code"":""RM4tyz"",""original_url"":""https://relay.cloud/calm/engine/1725""}"
1726,1726,68,created,2025-04-25 08:39:36,"{""short_code"":""NvVvpF"",""original_url"":""https://seeded.app/vivid/yard/1726""}"
1727,1727,39,created,2025-02-20 23:46:08,"{""short_code"":""ldVZ8o"",""original_url"":""https://relay.cloud/brisk/meadow/1727""}"
1728,1728,358,created,2025-11-05 11:17:58,"{""short_code"":""90xbwV"",""original_url"":""https://hackstack.io/forest/yard/1728""}"
1729,1729,342,created,2025-02-01 08:51:15,"{""short_code"":""ZgGhF0"",""original_url"":""https://seeded.app/silver/harvest/1729""}"
1730,1730,359,created,2026-02-20 13:29:20,"{""short_code"":""R1k603"",""original_url"":""https://seeded.app/amber/beacon/1730""}"
1731,1731,154,created,2025-04-18 10:20:42,"{""short_code"":""RQ1Gci"",""original_url"":""https://acme.dev/rapid/engine/1731""}"
1732,1732,99,created,2025-10-17 23:07:03,"{""short_code"":""Dfl49R"",""original_url"":""https://example.com/jade/signal/1732""}"
1733,1733,182,created,2025-01-24 05:34:49,"{""short_code"":""SPoZLH"",""original_url"":""https://seeded.app/brisk/river/1733""}"
1734,1734,293,created,2025-05-27 06:03:27,"{""short_code"":""ZLEwdQ"",""original_url"":""https://relay.cloud/keen/field/1734""}"
1735,1735,170,created,2025-10-19 19:15:12,"{""short_code"":""ZJwetD"",""original_url"":""https://example.com/clear/trail/1735""}"
1736,1736,136,created,2025-01-12 15:17:03,"{""short_code"":""NezKtg"",""original_url"":""https://opswise.net/forest/quartz/1736""}"
1737,1737,267,created,2026-01-07 15:22:20,"{""short_code"":""Tg21me"",""original_url"":""https://acme.dev/vivid/delta/1737""}"
1738,1738,375,created,2025-05-18 15:43:28,"{""short_code"":""KoYOjm"",""original_url"":""https://seeded.app/calm/journey/1738""}"
1739,1739,174,created,2025-09-03 21:55:38,"{""short_code"":""WYbCDa"",""original_url"":""https://relay.cloud/vivid/window/1739""}"
1740,1740,23,created,2025-04-07 19:25:26,"{""short_code"":""8qCVtC"",""original_url"":""https://acme.dev/dawn/window/1740""}"
1741,1741,229,created,2025-01-07 03:31:05,"{""short_code"":""7vBJTq"",""original_url"":""https://hackstack.io/keen/garden/1741""}"
1742,1742,53,created,2025-10-25 06:09:53,"{""short_code"":""Ekkbju"",""original_url"":""https://example.com/young/pioneer/1742""}"
1743,1743,271,created,2025-11-27 13:56:24,"{""short_code"":""LXRLPE"",""original_url"":""https://acme.dev/lively/kernel/1743""}"
1744,1744,393,created,2025-12-22 14:51:47,"{""short_code"":""a3eova"",""original_url"":""https://relay.cloud/jade/journey/1744""}"
1745,1745,202,created,2025-01-04 02:20:55,"{""short_code"":""GSxq21"",""original_url"":""https://relay.cloud/lively/lagoon/1745""}"
1746,1746,223,created,2026-01-14 18:19:23,"{""short_code"":""ntDp6k"",""original_url"":""https://opswise.net/forest/trail/1746""}"
1747,1747,233,created,2025-04-13 02:45:50,"{""short_code"":""s9PGUT"",""original_url"":""https://acme.dev/proud/anchor/1747""}"
1748,1748,97,created,2025-03-04 12:58:07,"{""short_code"":""FAqk4t"",""original_url"":""https://relay.cloud/calm/quartz/1748""}"
1749,1749,257,created,2026-02-13 11:24:39,"{""short_code"":""zHAEPw"",""original_url"":""https://hackstack.io/rapid/pioneer/1749""}"
1750,1750,176,created,2025-03-10 09:41:05,"{""short_code"":""HeZhmS"",""original_url"":""https://example.com/navy/anchor/1750""}"
1751,1751,134,created,2026-01-13 11:57:11,"{""short_code"":""iGEKQv"",""original_url"":""https://opswise.net/clear/meadow/1751""}"
1752,1752,245,created,2025-01-12 21:04:39,"{""short_code"":""dIWOrc"",""original_url"":""https://acme.dev/dawn/yard/1752""}"
1753,1753,246,created,2025-05-21 05:38:57,"{""short_code"":""0DnTQ1"",""original_url"":""https://seeded.app/rapid/lagoon/1753""}"
1754,1754,127,created,2025-06-04 22:40:29,"{""short_code"":""JSXgA3"",""original_url"":""https://seeded.app/keen/beacon/1754""}"
1755,1755,387,created,2025-02-17 23:32:18,"{""short_code"":""WIFyPj"",""original_url"":""https://hackstack.io/proud/orbit/1755""}"
1756,1756,396,created,2025-07-01 07:01:08,"{""short_code"":""svBfug"",""original_url"":""https://acme.dev/young/meadow/1756""}"
1757,1757,20,created,2025-02-09 19:56:18,"{""short_code"":""GJWu7E"",""original_url"":""https://hackstack.io/young/garden/1757""}"
1758,1758,80,created,2025-11-06 19:58:56,"{""short_code"":""A3dKwY"",""original_url"":""https://hackstack.io/mellow/beacon/1758""}"
1759,1759,110,created,2025-09-08 19:13:50,"{""short_code"":""GUUJ8T"",""original_url"":""https://opswise.net/silver/harvest/1759""}"
1760,1760,35,created,2025-07-03 13:24:41,"{""short_code"":""0CyNwf"",""original_url"":""https://relay.cloud/keen/meadow/1760""}"
1761,1761,55,created,2025-02-06 06:23:37,"{""short_code"":""G4plLB"",""original_url"":""https://opswise.net/clear/garden/1761""}"
1762,1762,149,created,2025-08-28 21:59:40,"{""short_code"":""jl7a5L"",""original_url"":""https://hackstack.io/navy/kernel/1762""}"
1763,1763,333,created,2025-12-09 11:13:07,"{""short_code"":""Cj7jYp"",""original_url"":""https://relay.cloud/calm/anchor/1763""}"
1764,1764,110,created,2025-08-15 20:18:25,"{""short_code"":""VxHakx"",""original_url"":""https://hackstack.io/rapid/signal/1764""}"
1765,1765,210,created,2025-12-15 22:50:31,"{""short_code"":""aZMAPW"",""original_url"":""https://opswise.net/silver/river/1765""}"
1766,1766,76,created,2025-06-01 10:59:48,"{""short_code"":""PFli5E"",""original_url"":""https://seeded.app/ember/garden/1766""}"
1767,1767,126,created,2026-01-18 08:07:59,"{""short_code"":""fEjrQj"",""original_url"":""https://seeded.app/lively/pioneer/1767""}"
1768,1768,293,created,2025-09-28 05:18:38,"{""short_code"":""decRlQ"",""original_url"":""https://relay.cloud/brisk/delta/1768""}"
1769,1769,34,created,2025-06-24 01:14:30,"{""short_code"":""HRrlRJ"",""original_url"":""https://hackstack.io/brisk/canyon/1769""}"
1770,1770,304,created,2025-02-24 16:37:22,"{""short_code"":""VZXOi5"",""original_url"":""https://acme.dev/gold/river/1770""}"
1771,1771,316,created,2025-11-16 21:31:54,"{""short_code"":""1K9z2C"",""original_url"":""https://acme.dev/cobalt/harvest/1771""}"
1772,1772,210,created,2025-03-03 09:32:13,"{""short_code"":""UPAYab"",""original_url"":""https://acme.dev/dawn/engine/1772""}"
1773,1773,39,created,2025-02-15 16:49:47,"{""short_code"":""CzJqBg"",""original_url"":""https://example.com/lively/field/1773""}"
1774,1774,281,created,2025-03-19 16:18:44,"{""short_code"":""DOPDxp"",""original_url"":""https://example.com/proud/uplink/1774""}"
1775,1775,15,created,2025-01-18 04:51:41,"{""short_code"":""GOVgO4"",""original_url"":""https://hackstack.io/opal/delta/1775""}"
1776,1776,386,created,2025-01-16 18:55:00,"{""short_code"":""uRcdxb"",""original_url"":""https://example.com/forest/quartz/1776""}"
1777,1777,153,created,2025-04-18 23:32:57,"{""short_code"":""BKPgSK"",""original_url"":""https://acme.dev/jade/window/1777""}"
1778,1778,370,created,2025-11-08 08:08:28,"{""short_code"":""9qZe4R"",""original_url"":""https://opswise.net/vivid/window/1778""}"
1779,1779,72,created,2026-02-13 22:37:43,"{""short_code"":""ZfPAlC"",""original_url"":""https://relay.cloud/proud/harvest/1779""}"
1780,1780,32,created,2026-01-16 10:00:49,"{""short_code"":""kobDlE"",""original_url"":""https://opswise.net/urban/harvest/1780""}"
1781,1781,365,created,2025-07-07 21:00:58,"{""short_code"":""J0gptQ"",""original_url"":""https://example.com/quiet/beacon/1781""}"
1782,1782,226,created,2025-07-27 15:42:07,"{""short_code"":""SqCnkR"",""original_url"":""https://seeded.app/tidy/journey/1782""}"
1783,1783,355,created,2025-10-20 13:12:30,"{""short_code"":""NdRnpY"",""original_url"":""https://relay.cloud/clear/trail/1783""}"
1784,1784,360,created,2025-08-12 21:35:09,"{""short_code"":""WDyOMv"",""original_url"":""https://hackstack.io/lively/window/1784""}"
1785,1785,40,created,2025-11-24 21:38:58,"{""short_code"":""Eg9Ym7"",""original_url"":""https://opswise.net/opal/yard/1785""}"
1786,1786,232,created,2026-02-04 22:00:21,"{""short_code"":""OLzQRS"",""original_url"":""https://opswise.net/jade/signal/1786""}"
1787,1787,298,created,2025-08-03 12:24:59,"{""short_code"":""nlGFSq"",""original_url"":""https://opswise.net/ember/valley/1787""}"
1788,1788,62,created,2025-04-22 06:02:18,"{""short_code"":""A5RhVH"",""original_url"":""https://opswise.net/proud/uplink/1788""}"
1789,1789,70,created,2025-04-17 05:04:00,"{""short_code"":""rPauiY"",""original_url"":""https://acme.dev/calm/river/1789""}"
1790,1790,65,created,2025-09-27 08:45:28,"{""short_code"":""qVevvM"",""original_url"":""https://example.com/mellow/quartz/1790""}"
1791,1791,270,created,2025-04-18 16:20:48,"{""short_code"":""t7fvdb"",""original_url"":""https://seeded.app/mellow/anchor/1791""}"
1792,1792,388,created,2025-02-03 15:49:31,"{""short_code"":""1ys4GV"",""original_url"":""https://opswise.net/navy/field/1792""}"
1793,1793,91,created,2025-12-18 13:09:34,"{""short_code"":""ZTfwa4"",""original_url"":""https://acme.dev/gold/zenith/1793""}"
1794,1794,309,created,2025-08-24 03:12:50,"{""short_code"":""nNBfD9"",""original_url"":""https://acme.dev/ivory/window/1794""}"
1795,1795,356,created,2025-11-09 17:42:12,"{""short_code"":""zKLAFK"",""original_url"":""https://seeded.app/forest/garden/1795""}"
1796,1796,304,created,2025-05-30 01:45:15,"{""short_code"":""GN3lRF"",""original_url"":""https://acme.dev/rapid/field/1796""}"
1797,1797,208,created,2025-08-04 16:05:12,"{""short_code"":""0dp2Za"",""original_url"":""https://acme.dev/proud/pioneer/1797""}"
1798,1798,256,created,2025-11-12 02:05:31,"{""short_code"":""xLk2hM"",""original_url"":""https://relay.cloud/gold/valley/1798""}"
1799,1799,115,created,2025-12-09 17:00:37,"{""short_code"":""LCeiXn"",""original_url"":""https://hackstack.io/lively/field/1799""}"
1800,1800,316,created,2025-09-18 04:24:17,"{""short_code"":""Ad84Uj"",""original_url"":""https://acme.dev/navy/yard/1800""}"
1801,1801,92,created,2026-01-29 02:29:23,"{""short_code"":""LuztFl"",""original_url"":""https://hackstack.io/mellow/journey/1801""}"
1802,1802,335,created,2025-11-07 05:40:51,"{""short_code"":""90Khbj"",""original_url"":""https://hackstack.io/forest/trail/1802""}"
1803,1803,36,created,2025-04-20 08:12:55,"{""short_code"":""SEjcGZ"",""original_url"":""https://opswise.net/lively/pioneer/1803""}"
1804,1804,128,created,2025-12-24 21:18:58,"{""short_code"":""yt5fTo"",""original_url"":""https://opswise.net/harbor/anchor/1804""}"
1805,1805,61,created,2025-11-09 23:53:40,"{""short_code"":""oSUPMZ"",""original_url"":""https://acme.dev/dawn/signal/1805""}"
1806,1806,308,created,2025-04-29 05:53:58,"{""short_code"":""tBt7iw"",""original_url"":""https://example.com/tidy/pioneer/1806""}"
1807,1807,61,created,2025-05-23 06:37:55,"{""short_code"":""T7hCaW"",""original_url"":""https://hackstack.io/calm/valley/1807""}"
1808,1808,350,created,2025-07-24 21:18:43,"{""short_code"":""xazlJx"",""original_url"":""https://opswise.net/harbor/journey/1808""}"
1809,1809,135,created,2026-01-10 15:48:29,"{""short_code"":""YttUHE"",""original_url"":""https://seeded.app/ember/journey/1809""}"
1810,1810,170,created,2025-12-15 19:26:42,"{""short_code"":""UUpMmg"",""original_url"":""https://relay.cloud/forest/journey/1810""}"
1811,1811,329,created,2025-12-29 20:30:09,"{""short_code"":""2rgmdi"",""original_url"":""https://acme.dev/quiet/beacon/1811""}"
1812,1812,69,created,2025-07-08 14:50:39,"{""short_code"":""cQjvVW"",""original_url"":""https://opswise.net/proud/beacon/1812""}"
1813,1813,28,created,2025-02-19 05:32:45,"{""short_code"":""Q0G7S0"",""original_url"":""https://example.com/jade/yard/1813""}"
1814,1814,351,created,2025-04-09 08:52:43,"{""short_code"":""efF43T"",""original_url"":""https://hackstack.io/calm/pioneer/1814""}"
1815,1815,59,created,2025-06-27 03:27:42,"{""short_code"":""d1uNoK"",""original_url"":""https://example.com/quiet/journey/1815""}"
1816,1816,233,created,2026-01-05 10:06:36,"{""short_code"":""F2YvU0"",""original_url"":""https://hackstack.io/harbor/yard/1816""}"
1817,1817,182,created,2025-06-26 05:52:35,"{""short_code"":""0oyQSb"",""original_url"":""https://opswise.net/vivid/garden/1817""}"
1818,1818,101,created,2025-10-08 04:07:52,"{""short_code"":""632yzk"",""original_url"":""https://example.com/jade/window/1818""}"
1819,1819,304,created,2025-01-11 03:10:34,"{""short_code"":""Jh8QCW"",""original_url"":""https://hackstack.io/navy/signal/1819""}"
1820,1820,385,created,2026-01-03 07:13:23,"{""short_code"":""85Q9Y9"",""original_url"":""https://acme.dev/navy/lagoon/1820""}"
1821,1821,359,created,2025-09-29 03:10:57,"{""short_code"":""T8lKL7"",""original_url"":""https://relay.cloud/cobalt/garden/1821""}"
1822,1822,56,created,2025-03-08 07:50:33,"{""short_code"":""bnQq95"",""original_url"":""https://seeded.app/harbor/quartz/1822""}"
1823,1823,317,created,2026-02-12 09:25:14,"{""short_code"":""brWzu7"",""original_url"":""https://seeded.app/gold/pioneer/1823""}"
1824,1824,74,created,2026-02-01 16:49:44,"{""short_code"":""xrqh26"",""original_url"":""https://opswise.net/rapid/engine/1824""}"
1825,1825,173,created,2025-04-30 02:40:51,"{""short_code"":""7pvCPB"",""original_url"":""https://acme.dev/proud/window/1825""}"
1826,1826,155,created,2025-08-30 02:37:34,"{""short_code"":""pQ4U7X"",""original_url"":""https://seeded.app/quiet/engine/1826""}"
1827,1827,320,created,2025-09-18 13:52:25,"{""short_code"":""BYxOhq"",""original_url"":""https://acme.dev/tidy/delta/1827""}"
1828,1828,56,created,2025-03-21 04:11:36,"{""short_code"":""zSs3SJ"",""original_url"":""https://hackstack.io/ivory/beacon/1828""}"
1829,1829,145,created,2025-01-15 17:54:53,"{""short_code"":""WkIyIm"",""original_url"":""https://relay.cloud/warm/pioneer/1829""}"
1830,1830,287,created,2025-03-14 09:36:30,"{""short_code"":""TEb6C2"",""original_url"":""https://hackstack.io/brisk/lagoon/1830""}"
1831,1831,195,created,2025-01-05 18:06:29,"{""short_code"":""daQ9jq"",""original_url"":""https://opswise.net/warm/uplink/1831""}"
1832,1832,97,created,2025-02-18 23:25:57,"{""short_code"":""qmAjT9"",""original_url"":""https://acme.dev/vivid/network/1832""}"
1833,1833,156,created,2025-06-22 04:59:37,"{""short_code"":""HkBMjj"",""original_url"":""https://seeded.app/proud/yard/1833""}"
1834,1834,61,created,2025-03-20 10:14:52,"{""short_code"":""RGyXgh"",""original_url"":""https://seeded.app/quiet/canyon/1834""}"
1835,1835,304,created,2025-10-17 10:34:15,"{""short_code"":""0zjC2u"",""original_url"":""https://example.com/ember/quartz/1835""}"
1836,1836,163,created,2025-06-28 18:56:28,"{""short_code"":""pRgMYZ"",""original_url"":""https://seeded.app/tidy/trail/1836""}"
1837,1837,161,created,2025-09-15 03:04:10,"{""short_code"":""7PRhW1"",""original_url"":""https://seeded.app/warm/delta/1837""}"
1838,1838,218,created,2025-11-01 23:08:03,"{""short_code"":""iVSsLg"",""original_url"":""https://example.com/jade/engine/1838""}"
1839,1839,199,created,2025-04-22 00:27:00,"{""short_code"":""XSanrO"",""original_url"":""https://hackstack.io/opal/quartz/1839""}"
1840,1840,66,created,2025-04-19 16:20:36,"{""short_code"":""aD3B2f"",""original_url"":""https://relay.cloud/dawn/meadow/1840""}"
1841,1841,77,created,2025-06-22 22:24:41,"{""short_code"":""WPfJp5"",""original_url"":""https://seeded.app/opal/window/1841""}"
1842,1842,13,created,2025-08-09 14:56:38,"{""short_code"":""P1xaLf"",""original_url"":""https://acme.dev/rapid/network/1842""}"
1843,1843,374,created,2025-07-02 14:10:22,"{""short_code"":""7ubayq"",""original_url"":""https://opswise.net/harbor/lagoon/1843""}"
1844,1844,33,created,2025-10-03 22:12:01,"{""short_code"":""RfOA5e"",""original_url"":""https://opswise.net/amber/network/1844""}"
1845,1845,210,created,2025-11-15 02:49:46,"{""short_code"":""HnY0Bh"",""original_url"":""https://relay.cloud/gold/network/1845""}"
1846,1846,387,created,2026-01-22 16:02:31,"{""short_code"":""nJyFL2"",""original_url"":""https://hackstack.io/warm/pioneer/1846""}"
1847,1847,272,created,2025-09-18 08:56:31,"{""short_code"":""uutVNJ"",""original_url"":""https://opswise.net/brisk/pioneer/1847""}"
1848,1848,309,created,2026-02-02 12:04:20,"{""short_code"":""s2GMl8"",""original_url"":""https://example.com/warm/orbit/1848""}"
1849,1849,234,created,2025-03-12 23:14:32,"{""short_code"":""dC0lCA"",""original_url"":""https://example.com/harbor/valley/1849""}"
1850,1850,61,created,2025-10-29 14:55:32,"{""short_code"":""J68JGi"",""original_url"":""https://seeded.app/dawn/orbit/1850""}"
1851,1851,324,created,2025-07-03 21:37:29,"{""short_code"":""evNegA"",""original_url"":""https://acme.dev/gold/beacon/1851""}"
1852,1852,141,created,2025-06-01 01:04:46,"{""short_code"":""RzUUAh"",""original_url"":""https://acme.dev/urban/kernel/1852""}"
1853,1853,177,created,2025-03-04 15:52:59,"{""short_code"":""qpvOFr"",""original_url"":""https://acme.dev/keen/beacon/1853""}"
1854,1854,210,created,2025-01-28 03:22:27,"{""short_code"":""EuPzQK"",""original_url"":""https://hackstack.io/keen/engine/1854""}"
1855,1855,200,created,2025-04-01 12:24:24,"{""short_code"":""QW254A"",""original_url"":""https://seeded.app/dawn/anchor/1855""}"
1856,1856,342,created,2025-01-11 22:08:09,"{""short_code"":""grQcAk"",""original_url"":""https://opswise.net/urban/quartz/1856""}"
1857,1857,258,created,2025-08-20 18:39:02,"{""short_code"":""hgQkko"",""original_url"":""https://seeded.app/young/meadow/1857""}"
1858,1858,123,created,2025-03-02 15:07:31,"{""short_code"":""g9r052"",""original_url"":""https://acme.dev/rapid/harvest/1858""}"
1859,1859,180,created,2025-08-29 16:53:52,"{""short_code"":""r81d4C"",""original_url"":""https://seeded.app/rapid/canyon/1859""}"
1860,1860,384,created,2026-02-01 17:17:36,"{""short_code"":""gKt2As"",""original_url"":""https://acme.dev/silver/pioneer/1860""}"
1861,1861,207,created,2025-06-30 23:33:43,"{""short_code"":""lUa7P4"",""original_url"":""https://example.com/clear/engine/1861""}"
1862,1862,171,created,2025-01-24 17:04:14,"{""short_code"":""Rlb8qu"",""original_url"":""https://relay.cloud/silver/lagoon/1862""}"
1863,1863,107,created,2026-01-05 04:02:25,"{""short_code"":""eMMX6f"",""original_url"":""https://acme.dev/jade/uplink/1863""}"
1864,1864,325,created,2025-06-16 11:15:05,"{""short_code"":""jYqL56"",""original_url"":""https://hackstack.io/mellow/kernel/1864""}"
1865,1865,262,created,2025-01-08 05:54:47,"{""short_code"":""YMzEmz"",""original_url"":""https://relay.cloud/keen/garden/1865""}"
1866,1866,218,created,2025-07-14 13:02:56,"{""short_code"":""XWk33s"",""original_url"":""https://opswise.net/mellow/yard/1866""}"
1867,1867,226,created,2025-08-23 03:39:30,"{""short_code"":""qQfvok"",""original_url"":""https://example.com/navy/field/1867""}"
1868,1868,64,created,2026-01-20 05:08:37,"{""short_code"":""EeD7yg"",""original_url"":""https://example.com/jade/trail/1868""}"
1869,1869,221,created,2025-07-07 18:02:37,"{""short_code"":""evKuf4"",""original_url"":""https://opswise.net/jade/harvest/1869""}"
1870,1870,126,created,2025-09-15 02:25:11,"{""short_code"":""SwjNId"",""original_url"":""https://seeded.app/quiet/kernel/1870""}"
1871,1871,400,created,2025-01-17 04:37:37,"{""short_code"":""eT328f"",""original_url"":""https://opswise.net/keen/yard/1871""}"
1872,1872,323,created,2025-08-06 08:40:45,"{""short_code"":""a0WTYz"",""original_url"":""https://relay.cloud/opal/trail/1872""}"
1873,1873,194,created,2025-03-13 02:45:22,"{""short_code"":""1hHmrk"",""original_url"":""https://relay.cloud/urban/trail/1873""}"
1874,1874,352,created,2026-01-13 14:33:18,"{""short_code"":""5PPdLc"",""original_url"":""https://acme.dev/jade/island/1874""}"
1875,1875,223,created,2025-05-05 13:47:33,"{""short_code"":""UbUZr9"",""original_url"":""https://opswise.net/harbor/network/1875""}"
1876,1876,198,created,2025-09-13 15:06:29,"{""short_code"":""rxHcGW"",""original_url"":""https://hackstack.io/lively/zenith/1876""}"
1877,1877,348,created,2026-01-01 04:49:19,"{""short_code"":""Lyp7X6"",""original_url"":""https://relay.cloud/dawn/journey/1877""}"
1878,1878,100,created,2025-10-30 16:16:47,"{""short_code"":""fVy11R"",""original_url"":""https://opswise.net/proud/lagoon/1878""}"
1879,1879,134,created,2025-05-13 03:09:56,"{""short_code"":""TYczer"",""original_url"":""https://acme.dev/clear/window/1879""}"
1880,1880,140,created,2025-08-06 01:45:35,"{""short_code"":""w0oY2X"",""original_url"":""https://opswise.net/gold/kernel/1880""}"
1881,1881,213,created,2025-02-04 01:21:53,"{""short_code"":""wq3azO"",""original_url"":""https://hackstack.io/warm/network/1881""}"
1882,1882,302,created,2025-09-29 22:02:59,"{""short_code"":""VrNKgT"",""original_url"":""https://example.com/vivid/kernel/1882""}"
1883,1883,210,created,2025-07-11 18:51:19,"{""short_code"":""9WKxLm"",""original_url"":""https://example.com/lively/delta/1883""}"
1884,1884,392,created,2025-08-16 19:26:13,"{""short_code"":""s4IAA0"",""original_url"":""https://relay.cloud/ivory/quartz/1884""}"
1885,1885,102,created,2025-07-01 22:36:39,"{""short_code"":""N2hJMN"",""original_url"":""https://opswise.net/cobalt/engine/1885""}"
1886,1886,291,created,2025-05-08 21:13:06,"{""short_code"":""PRmqnT"",""original_url"":""https://acme.dev/jade/network/1886""}"
1887,1887,159,created,2025-05-01 19:22:28,"{""short_code"":""bV5HcL"",""original_url"":""https://acme.dev/opal/meadow/1887""}"
1888,1888,88,created,2025-11-03 14:25:43,"{""short_code"":""DpgtTA"",""original_url"":""https://hackstack.io/dawn/harvest/1888""}"
1889,1889,71,created,2025-03-20 05:07:56,"{""short_code"":""Jj1Ifc"",""original_url"":""https://relay.cloud/quiet/pioneer/1889""}"
1890,1890,280,created,2026-02-20 20:31:12,"{""short_code"":""fJc5Ec"",""original_url"":""https://acme.dev/ivory/lagoon/1890""}"
1891,1891,336,created,2025-12-05 01:40:12,"{""short_code"":""CHWI6B"",""original_url"":""https://opswise.net/gold/window/1891""}"
1892,1892,354,created,2025-06-04 04:37:22,"{""short_code"":""jRKusD"",""original_url"":""https://hackstack.io/quiet/delta/1892""}"
1893,1893,2,created,2025-02-08 01:54:04,"{""short_code"":""TroGqD"",""original_url"":""https://example.com/mellow/beacon/1893""}"
1894,1894,138,created,2026-01-27 00:31:09,"{""short_code"":""J7GMOM"",""original_url"":""https://hackstack.io/calm/yard/1894""}"
1895,1895,131,created,2025-09-24 05:50:52,"{""short_code"":""qGufOW"",""original_url"":""https://opswise.net/ivory/orbit/1895""}"
1896,1896,243,created,2025-10-07 22:13:52,"{""short_code"":""hvxt0C"",""original_url"":""https://seeded.app/navy/journey/1896""}"
1897,1897,59,created,2025-06-27 00:44:59,"{""short_code"":""RNx6vT"",""original_url"":""https://opswise.net/young/quartz/1897""}"
1898,1898,318,created,2025-08-24 11:52:07,"{""short_code"":""1VRj0A"",""original_url"":""https://opswise.net/harbor/orbit/1898""}"
1899,1899,12,created,2025-02-26 18:20:11,"{""short_code"":""fjkXA9"",""original_url"":""https://seeded.app/dawn/kernel/1899""}"
1900,1900,118,created,2025-01-21 10:59:16,"{""short_code"":""XZj8Uw"",""original_url"":""https://example.com/ivory/island/1900""}"
1901,1901,80,created,2025-10-09 00:51:14,"{""short_code"":""H3KiOi"",""original_url"":""https://seeded.app/keen/island/1901""}"
1902,1902,7,created,2025-08-27 00:09:13,"{""short_code"":""AsyW1P"",""original_url"":""https://example.com/keen/window/1902""}"
1903,1903,244,created,2025-04-16 02:18:13,"{""short_code"":""9WTq62"",""original_url"":""https://relay.cloud/tidy/island/1903""}"
1904,1904,297,created,2026-01-04 11:37:56,"{""short_code"":""Dayoxm"",""original_url"":""https://example.com/ivory/anchor/1904""}"
1905,1905,343,created,2025-03-12 08:56:08,"{""short_code"":""M9Wstn"",""original_url"":""https://example.com/urban/zenith/1905""}"
1906,1906,69,created,2025-06-11 11:25:49,"{""short_code"":""FGfHSR"",""original_url"":""https://seeded.app/young/kernel/1906""}"
1907,1907,363,created,2025-02-03 11:52:05,"{""short_code"":""91vHyD"",""original_url"":""https://hackstack.io/silver/harvest/1907""}"
1908,1908,61,created,2025-04-19 18:39:04,"{""short_code"":""5ebhnl"",""original_url"":""https://hackstack.io/gold/garden/1908""}"
1909,1909,259,created,2025-06-22 03:55:59,"{""short_code"":""Y9vMLV"",""original_url"":""https://example.com/jade/pioneer/1909""}"
1910,1910,70,created,2025-04-15 08:36:22,"{""short_code"":""hUW4Qt"",""original_url"":""https://example.com/quiet/uplink/1910""}"
1911,1911,238,created,2025-11-21 03:11:35,"{""short_code"":""e7Yrol"",""original_url"":""https://acme.dev/urban/beacon/1911""}"
1912,1912,343,created,2025-01-20 02:55:46,"{""short_code"":""HGNXJZ"",""original_url"":""https://acme.dev/gold/uplink/1912""}"
1913,1913,25,created,2025-04-13 03:23:49,"{""short_code"":""aMPbBB"",""original_url"":""https://acme.dev/amber/signal/1913""}"
1914,1914,108,created,2025-10-29 00:00:32,"{""short_code"":""QbjB18"",""original_url"":""https://acme.dev/ember/garden/1914""}"
1915,1915,91,created,2025-10-22 03:23:55,"{""short_code"":""m4oyuS"",""original_url"":""https://example.com/gold/harvest/1915""}"
1916,1916,210,created,2025-07-27 08:04:29,"{""short_code"":""0fzHPD"",""original_url"":""https://acme.dev/calm/harvest/1916""}"
1917,1917,352,created,2026-02-11 22:55:32,"{""short_code"":""5km9N9"",""original_url"":""https://acme.dev/quiet/window/1917""}"
1918,1918,140,created,2026-01-14 22:51:24,"{""short_code"":""8XxJUG"",""original_url"":""https://opswise.net/lively/window/1918""}"
1919,1919,393,created,2025-05-18 23:21:15,"{""short_code"":""mKd8W9"",""original_url"":""https://opswise.net/clear/signal/1919""}"
1920,1920,388,created,2025-10-10 00:36:57,"{""short_code"":""fvpLjI"",""original_url"":""https://hackstack.io/rapid/network/1920""}"
1921,1921,32,created,2025-09-04 00:28:44,"{""short_code"":""LpMupP"",""original_url"":""https://relay.cloud/urban/lagoon/1921""}"
1922,1922,276,created,2025-12-05 11:53:15,"{""short_code"":""nFiXwU"",""original_url"":""https://acme.dev/ivory/orbit/1922""}"
1923,1923,257,created,2025-02-19 04:05:36,"{""short_code"":""Rd8XX0"",""original_url"":""https://opswise.net/quiet/signal/1923""}"
1924,1924,7,created,2026-01-07 21:19:27,"{""short_code"":""wsE2If"",""original_url"":""https://hackstack.io/lively/zenith/1924""}"
1925,1925,59,created,2025-09-05 20:38:24,"{""short_code"":""ULyHai"",""original_url"":""https://seeded.app/dawn/harvest/1925""}"
1926,1926,1,created,2025-10-20 22:54:54,"{""short_code"":""9yGBVc"",""original_url"":""https://hackstack.io/calm/canyon/1926""}"
1927,1927,77,created,2025-06-06 11:06:11,"{""short_code"":""1KxGIh"",""original_url"":""https://example.com/ivory/yard/1927""}"
1928,1928,223,created,2025-11-02 05:17:55,"{""short_code"":""plbUmL"",""original_url"":""https://acme.dev/navy/delta/1928""}"
1929,1929,342,created,2025-08-30 20:37:36,"{""short_code"":""cNIsAe"",""original_url"":""https://example.com/calm/quartz/1929""}"
1930,1930,132,created,2026-02-04 19:00:11,"{""short_code"":""ahJrAB"",""original_url"":""https://relay.cloud/quiet/signal/1930""}"
1931,1931,52,created,2026-02-04 07:49:44,"{""short_code"":""1Y1ocS"",""original_url"":""https://seeded.app/harbor/harvest/1931""}"
1932,1932,333,created,2025-07-23 05:56:57,"{""short_code"":""AR6XiZ"",""original_url"":""https://hackstack.io/warm/garden/1932""}"
1933,1933,217,created,2025-06-21 01:23:57,"{""short_code"":""VQT0ye"",""original_url"":""https://opswise.net/quiet/pioneer/1933""}"
1934,1934,215,created,2026-02-16 00:15:12,"{""short_code"":""DPq1LV"",""original_url"":""https://opswise.net/warm/window/1934""}"
1935,1935,388,created,2025-12-22 01:03:46,"{""short_code"":""olZg5S"",""original_url"":""https://seeded.app/harbor/island/1935""}"
1936,1936,244,created,2025-02-13 08:28:19,"{""short_code"":""kOr22I"",""original_url"":""https://hackstack.io/forest/pioneer/1936""}"
1937,1937,308,created,2025-07-11 11:33:04,"{""short_code"":""YX4dG6"",""original_url"":""https://seeded.app/quiet/beacon/1937""}"
1938,1938,181,created,2025-03-18 01:11:48,"{""short_code"":""GrYCDH"",""original_url"":""https://acme.dev/forest/meadow/1938""}"
1939,1939,296,created,2025-07-31 12:06:49,"{""short_code"":""txLIaP"",""original_url"":""https://seeded.app/navy/network/1939""}"
1940,1940,23,created,2025-09-13 18:41:50,"{""short_code"":""TQCP72"",""original_url"":""https://acme.dev/amber/quartz/1940""}"
1941,1941,330,created,2025-09-14 10:12:55,"{""short_code"":""MvjiSM"",""original_url"":""https://hackstack.io/ivory/orbit/1941""}"
1942,1942,291,created,2025-10-20 21:24:59,"{""short_code"":""poIOdF"",""original_url"":""https://hackstack.io/calm/signal/1942""}"
1943,1943,331,created,2025-02-11 18:12:45,"{""short_code"":""HQoj6W"",""original_url"":""https://relay.cloud/vivid/yard/1943""}"
1944,1944,127,created,2025-08-12 17:42:50,"{""short_code"":""ov4X3U"",""original_url"":""https://hackstack.io/ember/field/1944""}"
1945,1945,332,created,2025-03-08 14:08:47,"{""short_code"":""cWBcBu"",""original_url"":""https://example.com/vivid/engine/1945""}"
1946,1946,86,created,2025-07-23 04:24:03,"{""short_code"":""MM8JaK"",""original_url"":""https://relay.cloud/rapid/kernel/1946""}"
1947,1947,176,created,2025-11-21 03:06:55,"{""short_code"":""jLI5ub"",""original_url"":""https://hackstack.io/clear/harvest/1947""}"
1948,1948,400,created,2025-01-22 00:44:37,"{""short_code"":""hCN8wF"",""original_url"":""https://relay.cloud/tidy/network/1948""}"
1949,1949,73,created,2026-02-05 23:35:58,"{""short_code"":""fx7OCn"",""original_url"":""https://example.com/quiet/harvest/1949""}"
1950,1950,371,created,2026-02-20 07:41:35,"{""short_code"":""wiA1CY"",""original_url"":""https://acme.dev/proud/yard/1950""}"
1951,1951,313,created,2025-08-18 22:59:07,"{""short_code"":""X5s04N"",""original_url"":""https://example.com/ivory/uplink/1951""}"
1952,1952,74,created,2025-04-26 03:49:02,"{""short_code"":""EAqrqd"",""original_url"":""https://example.com/cobalt/island/1952""}"
1953,1953,315,created,2025-07-16 17:48:58,"{""short_code"":""tFftZN"",""original_url"":""https://example.com/warm/yard/1953""}"
1954,1954,294,created,2025-12-05 18:43:19,"{""short_code"":""6DBXem"",""original_url"":""https://acme.dev/rapid/orbit/1954""}"
1955,1955,92,created,2025-02-26 08:17:13,"{""short_code"":""ELJYGg"",""original_url"":""https://relay.cloud/warm/orbit/1955""}"
1956,1956,211,created,2025-07-30 07:09:55,"{""short_code"":""0bsQmW"",""original_url"":""https://acme.dev/dawn/journey/1956""}"
1957,1957,115,created,2025-09-25 06:06:47,"{""short_code"":""cMZKLt"",""original_url"":""https://acme.dev/navy/network/1957""}"
1958,1958,304,created,2025-02-06 22:59:16,"{""short_code"":""dcMYHD"",""original_url"":""https://opswise.net/ivory/trail/1958""}"
1959,1959,352,created,2026-01-25 15:29:13,"{""short_code"":""EojanR"",""original_url"":""https://acme.dev/opal/valley/1959""}"
1960,1960,120,created,2026-01-22 11:52:45,"{""short_code"":""wSpxM1"",""original_url"":""https://hackstack.io/brisk/uplink/1960""}"
1961,1961,111,created,2025-01-28 08:57:48,"{""short_code"":""pL4a8M"",""original_url"":""https://seeded.app/harbor/yard/1961""}"
1962,1962,273,created,2025-06-25 19:02:19,"{""short_code"":""ZRVNVA"",""original_url"":""https://example.com/opal/uplink/1962""}"
1963,1963,100,created,2025-08-26 06:20:11,"{""short_code"":""dgiRR7"",""original_url"":""https://hackstack.io/cobalt/engine/1963""}"
1964,1964,327,created,2025-06-25 07:40:42,"{""short_code"":""JvVgZ4"",""original_url"":""https://example.com/urban/quartz/1964""}"
1965,1965,205,created,2025-10-28 22:47:16,"{""short_code"":""s04fCA"",""original_url"":""https://seeded.app/mellow/field/1965""}"
1966,1966,132,created,2025-07-03 01:35:46,"{""short_code"":""2iPL6z"",""original_url"":""https://opswise.net/rapid/uplink/1966""}"
1967,1967,151,created,2025-11-04 13:05:21,"{""short_code"":""1Pj6E0"",""original_url"":""https://opswise.net/opal/signal/1967""}"
1968,1968,182,created,2025-09-07 05:12:58,"{""short_code"":""O91Q4J"",""original_url"":""https://relay.cloud/gold/journey/1968""}"
1969,1969,257,created,2025-03-25 15:27:13,"{""short_code"":""QcAEpW"",""original_url"":""https://acme.dev/young/meadow/1969""}"
1970,1970,208,created,2025-08-14 16:26:47,"{""short_code"":""hnmgcM"",""original_url"":""https://hackstack.io/silver/field/1970""}"
1971,1971,32,created,2025-03-18 03:46:18,"{""short_code"":""Zo9dlz"",""original_url"":""https://relay.cloud/quiet/window/1971""}"
1972,1972,37,created,2025-02-19 18:15:29,"{""short_code"":""jp1LTI"",""original_url"":""https://example.com/amber/lagoon/1972""}"
1973,1973,21,created,2025-09-11 19:38:38,"{""short_code"":""LiFARi"",""original_url"":""https://opswise.net/lively/island/1973""}"
1974,1974,39,created,2025-09-03 16:02:45,"{""short_code"":""LQqCqM"",""original_url"":""https://example.com/quiet/network/1974""}"
1975,1975,47,created,2025-06-17 02:01:02,"{""short_code"":""cvjINT"",""original_url"":""https://seeded.app/ember/engine/1975""}"
1976,1976,14,created,2026-01-03 06:27:17,"{""short_code"":""LUwcPx"",""original_url"":""https://hackstack.io/ember/pioneer/1976""}"
1977,1977,342,created,2025-01-15 16:42:12,"{""short_code"":""HvvSI1"",""original_url"":""https://relay.cloud/vivid/network/1977""}"
1978,1978,134,created,2025-07-04 03:22:15,"{""short_code"":""TMtFVY"",""original_url"":""https://seeded.app/young/uplink/1978""}"
1979,1979,279,created,2025-06-06 05:01:49,"{""short_code"":""yAZNbK"",""original_url"":""https://example.com/cobalt/island/1979""}"
1980,1980,137,created,2025-09-06 05:47:36,"{""short_code"":""aQY4g7"",""original_url"":""https://seeded.app/calm/uplink/1980""}"
1981,1981,256,created,2025-09-23 02:53:31,"{""short_code"":""ncaBfq"",""original_url"":""https://example.com/opal/yard/1981""}"
1982,1982,121,created,2025-01-25 04:38:17,"{""short_code"":""pOteo8"",""original_url"":""https://seeded.app/harbor/pioneer/1982""}"
1983,1983,9,created,2026-01-22 12:47:14,"{""short_code"":""pUtiuQ"",""original_url"":""https://opswise.net/cobalt/beacon/1983""}"
1984,1984,338,created,2025-11-30 08:21:12,"{""short_code"":""Mcsj2Q"",""original_url"":""https://opswise.net/ivory/canyon/1984""}"
1985,1985,70,created,2025-06-21 22:30:11,"{""short_code"":""MyxKPE"",""original_url"":""https://opswise.net/rapid/yard/1985""}"
1986,1986,161,created,2025-06-30 00:28:54,"{""short_code"":""1VX6v1"",""original_url"":""https://seeded.app/cobalt/anchor/1986""}"
1987,1987,358,created,2025-09-03 14:30:55,"{""short_code"":""UUDnT9"",""original_url"":""https://acme.dev/amber/beacon/1987""}"
1988,1988,343,created,2025-09-23 23:09:08,"{""short_code"":""TDnoNg"",""original_url"":""https://opswise.net/brisk/meadow/1988""}"
1989,1989,110,created,2025-07-12 11:44:55,"{""short_code"":""wcepgj"",""original_url"":""https://example.com/proud/garden/1989""}"
1990,1990,245,created,2025-11-18 09:01:57,"{""short_code"":""5mcR4E"",""original_url"":""https://opswise.net/keen/signal/1990""}"
1991,1991,168,created,2025-03-03 04:20:44,"{""short_code"":""tPuRm5"",""original_url"":""https://relay.cloud/tidy/delta/1991""}"
1992,1992,136,created,2025-05-24 08:13:06,"{""short_code"":""Mw6MFP"",""original_url"":""https://hackstack.io/warm/pioneer/1992""}"
1993,1993,394,created,2025-06-02 10:41:31,"{""short_code"":""4IwLuz"",""original_url"":""https://relay.cloud/tidy/field/1993""}"
1994,1994,361,created,2025-10-07 21:21:11,"{""short_code"":""iZXAi0"",""original_url"":""https://acme.dev/cobalt/yard/1994""}"
1995,1995,254,created,2025-01-25 17:39:38,"{""short_code"":""gf1R4S"",""original_url"":""https://example.com/urban/beacon/1995""}"
1996,1996,169,created,2025-03-25 11:49:11,"{""short_code"":""t79dQs"",""original_url"":""https://opswise.net/dawn/pioneer/1996""}"
1997,1997,247,created,2025-10-28 21:58:00,"{""short_code"":""fyXmvC"",""original_url"":""https://hackstack.io/rapid/lagoon/1997""}"
1998,1998,278,created,2025-11-13 18:50:27,"{""short_code"":""rX3yFf"",""original_url"":""https://acme.dev/keen/signal/1998""}"
1999,1999,143,created,2025-12-19 00:43:31,"{""short_code"":""YOlzIO"",""original_url"":""https://acme.dev/calm/canyon/1999""}"
2000,2000,212,created,2026-01-05 12:21:30,"{""short_code"":""L2Ncu1"",""original_url"":""https://example.com/cobalt/anchor/2000""}"
2001,1,1,updated,2025-10-01 21:30:47,"{""field"":""original_url"",""new_value"":""https://relay.cloud/meadow/5488""}"
2002,116,183,updated,2025-04-26 08:52:15,"{""field"":""title"",""new_value"":""refined""}"
2003,923,345,updated,2025-03-19 19:52:30,"{""field"":""title"",""new_value"":""refined""}"
2004,1206,381,updated,2025-09-14 04:40:25,"{""field"":""is_active"",""new_value"":""quieted""}"
2005,70,378,updated,2025-08-20 11:42:34,"{""field"":""original_url"",""new_value"":""https://hackstack.io/quartz/2419""}"
2006,1970,208,updated,2025-10-27 12:33:05,"{""field"":""original_url"",""new_value"":""https://example.com/journey/6157""}"
2007,1443,147,updated,2025-04-30 21:35:40,"{""field"":""original_url"",""new_value"":""https://relay.cloud/trail/9930""}"
2008,40,286,updated,2026-02-11 04:25:51,"{""field"":""title"",""new_value"":""rerouted""}"
2009,1164,185,updated,2025-05-07 12:24:54,"{""field"":""title"",""new_value"":""boosted""}"
2010,1188,374,updated,2025-04-08 04:06:14,"{""field"":""is_active"",""new_value"":""rerouted""}"
2011,1413,259,updated,2025-04-25 12:01:17,"{""field"":""title"",""new_value"":""quieted""}"
2012,1087,337,updated,2025-04-20 02:58:30,"{""field"":""original_url"",""new_value"":""https://acme.dev/quartz/8111""}"
2013,1050,395,updated,2025-12-20 06:12:15,"{""field"":""is_active"",""new_value"":""archived""}"
2014,1072,130,updated,2025-05-31 12:00:30,"{""field"":""title"",""new_value"":""archived""}"
2015,1694,350,updated,2025-01-09 12:15:08,"{""field"":""title"",""new_value"":""rerouted""}"
2016,366,221,updated,2025-01-21 12:31:20,"{""field"":""is_active"",""new_value"":""boosted""}"
2017,1554,391,updated,2026-01-13 16:59:59,"{""field"":""is_active"",""new_value"":""archived""}"
2018,681,162,updated,2025-04-17 10:57:20,"{""field"":""is_active"",""new_value"":""patched""}"
2019,1019,59,updated,2025-11-21 15:02:13,"{""field"":""is_active"",""new_value"":""refined""}"
2020,1949,73,updated,2025-07-09 03:32:08,"{""field"":""is_active"",""new_value"":""patched""}"
2021,1776,386,updated,2025-09-18 01:39:19,"{""field"":""title"",""new_value"":""rotated""}"
2022,641,162,updated,2025-07-03 09:58:53,"{""field"":""is_active"",""new_value"":""rotated""}"
2023,920,152,updated,2025-07-04 22:41:26,"{""field"":""is_active"",""new_value"":""rerouted""}"
2024,657,71,updated,2025-01-03 09:31:44,"{""field"":""title"",""new_value"":""quieted""}"
2025,1216,118,updated,2025-03-26 13:43:45,"{""field"":""is_active"",""new_value"":""boosted""}"
2026,1844,33,updated,2025-09-15 00:18:32,"{""field"":""original_url"",""new_value"":""https://hackstack.io/field/1879""}"
2027,1553,277,updated,2025-06-17 09:10:59,"{""field"":""is_active"",""new_value"":""promoted""}"
2028,1860,384,updated,2025-06-13 05:30:05,"{""field"":""is_active"",""new_value"":""rotated""}"
2029,456,388,updated,2025-02-12 22:30:16,"{""field"":""original_url"",""new_value"":""https://hackstack.io/journey/4590""}"
2030,522,139,updated,2025-02-04 01:13:46,"{""field"":""title"",""new_value"":""rerouted""}"
2031,1881,213,updated,2025-05-21 19:06:14,"{""field"":""title"",""new_value"":""archived""}"
2032,942,160,updated,2025-11-24 22:45:55,"{""field"":""title"",""new_value"":""refined""}"
2033,1375,60,updated,2025-02-24 22:14:26,"{""field"":""title"",""new_value"":""quieted""}"
2034,571,275,updated,2025-06-07 12:59:49,"{""field"":""is_active"",""new_value"":""rotated""}"
2035,1734,293,updated,2025-07-07 11:37:23,"{""field"":""original_url"",""new_value"":""https://seeded.app/canyon/7443""}"
2036,1619,375,updated,2025-02-20 12:50:07,"{""field"":""is_active"",""new_value"":""rerouted""}"
2037,810,230,updated,2025-08-16 07:29:48,"{""field"":""title"",""new_value"":""rotated""}"
2038,1607,326,updated,2025-01-08 10:57:27,"{""field"":""original_url"",""new_value"":""https://example.com/harvest/6526""}"
2039,368,51,updated,2025-02-18 00:35:09,"{""field"":""title"",""new_value"":""promoted""}"
2040,1771,316,updated,2025-01-13 12:51:18,"{""field"":""is_active"",""new_value"":""rotated""}"
2041,1652,184,updated,2025-10-18 01:45:55,"{""field"":""is_active"",""new_value"":""promoted""}"
2042,1121,336,updated,2025-12-11 23:21:58,"{""field"":""title"",""new_value"":""quieted""}"
2043,1475,155,updated,2025-06-07 20:08:09,"{""field"":""is_active"",""new_value"":""quieted""}"
2044,1561,180,updated,2025-08-29 16:34:00,"{""field"":""title"",""new_value"":""promoted""}"
2045,1268,95,updated,2025-05-31 19:08:10,"{""field"":""is_active"",""new_value"":""rerouted""}"
2046,1861,207,updated,2025-11-20 15:07:50,"{""field"":""is_active"",""new_value"":""rerouted""}"
2047,43,336,updated,2025-03-06 02:09:32,"{""field"":""original_url"",""new_value"":""https://relay.cloud/kernel/4261""}"
2048,1781,365,updated,2025-11-29 16:41:04,"{""field"":""original_url"",""new_value"":""https://example.com/uplink/9704""}"
2049,1658,197,updated,2025-07-30 18:17:28,"{""field"":""title"",""new_value"":""promoted""}"
2050,825,156,updated,2025-04-07 10:55:53,"{""field"":""original_url"",""new_value"":""https://relay.cloud/delta/7128""}"
2051,1201,355,updated,2025-02-05 02:32:26,"{""field"":""original_url"",""new_value"":""https://acme.dev/signal/5328""}"
2052,1263,373,updated,2025-02-20 15:16:16,"{""field"":""original_url"",""new_value"":""https://example.com/quartz/6284""}"
2053,1789,70,updated,2025-11-12 09:57:17,"{""field"":""title"",""new_value"":""quieted""}"
2054,1932,333,updated,2025-03-25 10:14:52,"{""field"":""is_active"",""new_value"":""archived""}"
2055,1924,7,updated,2025-08-19 23:29:46,"{""field"":""title"",""new_value"":""rerouted""}"
2056,1266,111,updated,2026-01-31 18:32:48,"{""field"":""is_active"",""new_value"":""promoted""}"
2057,1386,34,updated,2025-07-13 21:25:39,"{""field"":""original_url"",""new_value"":""https://hackstack.io/canyon/2475""}"
2058,1430,108,updated,2025-01-15 03:27:18,"{""field"":""title"",""new_value"":""archived""}"
2059,1968,182,updated,2025-09-09 13:43:52,"{""field"":""title"",""new_value"":""refined""}"
2060,873,226,updated,2025-12-01 17:07:25,"{""field"":""title"",""new_value"":""refined""}"
2061,990,319,updated,2025-10-20 00:08:32,"{""field"":""is_active"",""new_value"":""boosted""}"
2062,1578,209,updated,2025-02-04 10:34:14,"{""field"":""original_url"",""new_value"":""https://acme.dev/zenith/3557""}"
2063,1414,243,updated,2025-12-29 20:55:04,"{""field"":""title"",""new_value"":""rerouted""}"
2064,1612,363,updated,2025-05-26 15:27:51,"{""field"":""original_url"",""new_value"":""https://acme.dev/orbit/6490""}"
2065,1513,361,updated,2025-10-04 19:26:46,"{""field"":""original_url"",""new_value"":""https://example.com/lagoon/8439""}"
2066,376,124,updated,2025-11-09 08:25:00,"{""field"":""original_url"",""new_value"":""https://seeded.app/delta/7679""}"
2067,532,181,updated,2026-02-16 01:46:36,"{""field"":""original_url"",""new_value"":""https://hackstack.io/lagoon/9167""}"
2068,797,261,updated,2025-11-10 06:10:36,"{""field"":""is_active"",""new_value"":""rotated""}"
2069,1802,335,updated,2025-02-23 18:30:48,"{""field"":""is_active"",""new_value"":""rerouted""}"
2070,1271,253,updated,2025-09-13 08:45:35,"{""field"":""original_url"",""new_value"":""https://opswise.net/signal/6772""}"
2071,165,85,updated,2025-07-23 01:22:52,"{""field"":""original_url"",""new_value"":""https://hackstack.io/quartz/2283""}"
2072,39,379,updated,2026-01-02 21:04:26,"{""field"":""is_active"",""new_value"":""promoted""}"
2073,1155,189,updated,2025-09-28 16:10:56,"{""field"":""title"",""new_value"":""patched""}"
2074,953,53,updated,2025-06-13 16:09:10,"{""field"":""is_active"",""new_value"":""patched""}"
2075,979,100,updated,2025-07-24 16:55:29,"{""field"":""title"",""new_value"":""archived""}"
2076,583,225,updated,2026-01-30 00:26:00,"{""field"":""is_active"",""new_value"":""patched""}"
2077,435,155,updated,2025-03-28 13:49:47,"{""field"":""is_active"",""new_value"":""quieted""}"
2078,276,119,updated,2025-04-11 13:48:17,"{""field"":""title"",""new_value"":""rotated""}"
2079,1129,143,updated,2025-04-30 09:36:05,"{""field"":""original_url"",""new_value"":""https://hackstack.io/signal/1279""}"
2080,1890,280,updated,2025-09-04 03:10:34,"{""field"":""title"",""new_value"":""patched""}"
2081,1369,300,updated,2025-08-05 15:54:12,"{""field"":""original_url"",""new_value"":""https://seeded.app/valley/4028""}"
2082,347,167,updated,2025-04-08 21:56:51,"{""field"":""original_url"",""new_value"":""https://acme.dev/meadow/6639""}"
2083,42,176,updated,2025-03-13 21:39:06,"{""field"":""is_active"",""new_value"":""patched""}"
2084,1735,170,updated,2025-12-03 04:42:56,"{""field"":""is_active"",""new_value"":""rerouted""}"
2085,736,59,updated,2025-07-21 06:09:06,"{""field"":""original_url"",""new_value"":""https://relay.cloud/harvest/2482""}"
2086,1014,81,updated,2025-11-25 06:41:48,"{""field"":""title"",""new_value"":""refined""}"
2087,1372,342,updated,2025-09-26 08:03:35,"{""field"":""is_active"",""new_value"":""refined""}"
2088,1459,247,updated,2025-07-05 09:45:19,"{""field"":""title"",""new_value"":""archived""}"
2089,989,190,updated,2025-08-19 18:40:18,"{""field"":""is_active"",""new_value"":""boosted""}"
2090,1876,198,updated,2025-06-06 11:02:58,"{""field"":""title"",""new_value"":""patched""}"
2091,621,69,updated,2025-05-02 19:02:55,"{""field"":""title"",""new_value"":""promoted""}"
2092,150,312,updated,2025-01-25 04:02:19,"{""field"":""is_active"",""new_value"":""promoted""}"
2093,1257,249,updated,2025-08-24 21:01:50,"{""field"":""title"",""new_value"":""patched""}"
2094,1311,188,updated,2025-10-12 04:52:29,"{""field"":""is_active"",""new_value"":""boosted""}"
2095,1957,115,updated,2025-06-19 03:32:46,"{""field"":""is_active"",""new_value"":""promoted""}"
2096,1433,278,updated,2025-09-26 01:33:14,"{""field"":""is_active"",""new_value"":""quieted""}"
2097,396,321,updated,2025-12-01 04:10:59,"{""field"":""title"",""new_value"":""rotated""}"
2098,1871,400,updated,2025-01-30 16:01:11,"{""field"":""title"",""new_value"":""quieted""}"
2099,364,397,updated,2025-07-25 18:42:36,"{""field"":""is_active"",""new_value"":""refined""}"
2100,1684,372,updated,2025-07-12 05:11:07,"{""field"":""title"",""new_value"":""patched""}"
2101,593,84,updated,2025-01-06 01:37:45,"{""field"":""title"",""new_value"":""archived""}"
2102,1139,146,updated,2025-10-18 05:45:52,"{""field"":""is_active"",""new_value"":""rotated""}"
2103,986,268,updated,2025-08-31 09:16:39,"{""field"":""is_active"",""new_value"":""boosted""}"
2104,1999,143,updated,2025-12-24 18:36:17,"{""field"":""is_active"",""new_value"":""boosted""}"
2105,906,49,updated,2025-06-25 04:35:47,"{""field"":""original_url"",""new_value"":""https://example.com/journey/2381""}"
2106,314,73,updated,2026-01-18 01:20:44,"{""field"":""original_url"",""new_value"":""https://seeded.app/kernel/5978""}"
2107,1367,20,updated,2026-01-17 13:36:55,"{""field"":""is_active"",""new_value"":""patched""}"
2108,1223,12,updated,2025-08-25 06:18:39,"{""field"":""is_active"",""new_value"":""archived""}"
2109,99,220,updated,2026-01-06 00:28:04,"{""field"":""is_active"",""new_value"":""rerouted""}"
2110,1641,383,updated,2025-08-17 14:16:04,"{""field"":""is_active"",""new_value"":""rotated""}"
2111,1114,384,updated,2026-02-11 15:54:44,"{""field"":""is_active"",""new_value"":""boosted""}"
2112,356,166,updated,2025-08-24 14:04:31,"{""field"":""is_active"",""new_value"":""boosted""}"
2113,1651,231,updated,2025-12-17 18:01:41,"{""field"":""is_active"",""new_value"":""patched""}"
2114,943,375,updated,2026-01-04 17:53:15,"{""field"":""original_url"",""new_value"":""https://hackstack.io/delta/7265""}"
2115,44,47,updated,2025-08-07 19:23:33,"{""field"":""title"",""new_value"":""rerouted""}"
2116,1292,325,updated,2025-08-22 02:33:10,"{""field"":""is_active"",""new_value"":""boosted""}"
2117,205,164,updated,2025-04-12 05:34:53,"{""field"":""original_url"",""new_value"":""https://acme.dev/yard/7865""}"
2118,1910,70,updated,2025-11-01 17:14:14,"{""field"":""title"",""new_value"":""rotated""}"
2119,1556,120,updated,2025-07-26 08:25:14,"{""field"":""original_url"",""new_value"":""https://hackstack.io/quartz/580""}"
2120,1604,390,updated,2025-11-07 10:30:03,"{""field"":""title"",""new_value"":""refined""}"
2121,135,70,updated,2025-03-13 15:19:49,"{""field"":""original_url"",""new_value"":""https://hackstack.io/trail/2139""}"
2122,1953,315,updated,2025-08-14 09:25:12,"{""field"":""is_active"",""new_value"":""promoted""}"
2123,229,355,updated,2025-09-30 19:35:33,"{""field"":""title"",""new_value"":""rerouted""}"
2124,1476,189,updated,2025-04-14 16:54:34,"{""field"":""original_url"",""new_value"":""https://relay.cloud/journey/6821""}"
2125,1521,344,updated,2026-02-04 03:26:55,"{""field"":""title"",""new_value"":""archived""}"
2126,1055,24,updated,2025-04-18 10:07:59,"{""field"":""is_active"",""new_value"":""rotated""}"
2127,384,280,updated,2025-07-26 20:46:25,"{""field"":""is_active"",""new_value"":""patched""}"
2128,1650,97,updated,2025-05-15 17:21:09,"{""field"":""title"",""new_value"":""rerouted""}"
2129,1296,25,updated,2025-09-26 06:40:33,"{""field"":""is_active"",""new_value"":""rotated""}"
2130,1053,296,updated,2025-08-15 01:26:05,"{""field"":""original_url"",""new_value"":""https://opswise.net/engine/998""}"
2131,148,237,updated,2025-01-28 10:15:54,"{""field"":""original_url"",""new_value"":""https://opswise.net/river/5830""}"
2132,740,9,updated,2025-01-27 13:18:16,"{""field"":""is_active"",""new_value"":""quieted""}"
2133,748,282,updated,2025-09-12 22:42:37,"{""field"":""is_active"",""new_value"":""patched""}"
2134,490,230,updated,2025-08-22 09:16:36,"{""field"":""title"",""new_value"":""archived""}"
2135,232,268,updated,2025-10-03 01:18:52,"{""field"":""title"",""new_value"":""boosted""}"
2136,769,273,updated,2025-04-15 12:08:01,"{""field"":""is_active"",""new_value"":""refined""}"
2137,1756,396,updated,2026-02-14 03:29:36,"{""field"":""title"",""new_value"":""refined""}"
2138,1405,126,updated,2026-01-03 04:14:27,"{""field"":""original_url"",""new_value"":""https://seeded.app/uplink/4655""}"
2139,1467,48,updated,2025-04-16 07:41:25,"{""field"":""original_url"",""new_value"":""https://opswise.net/lagoon/9399""}"
2140,1804,128,updated,2026-02-11 11:24:22,"{""field"":""original_url"",""new_value"":""https://relay.cloud/journey/4462""}"
2141,1710,34,updated,2025-01-26 09:23:40,"{""field"":""title"",""new_value"":""boosted""}"
2142,1492,91,updated,2025-04-11 07:42:02,"{""field"":""is_active"",""new_value"":""patched""}"
2143,495,39,updated,2025-08-01 05:19:20,"{""field"":""title"",""new_value"":""rotated""}"
2144,1675,71,updated,2025-04-23 23:59:30,"{""field"":""is_active"",""new_value"":""patched""}"
2145,547,7,updated,2025-10-02 23:09:41,"{""field"":""original_url"",""new_value"":""https://hackstack.io/river/4011""}"
2146,1317,63,updated,2026-02-01 12:46:33,"{""field"":""is_active"",""new_value"":""boosted""}"
2147,1803,36,updated,2025-01-23 16:55:54,"{""field"":""original_url"",""new_value"":""https://seeded.app/pioneer/834""}"
2148,824,295,updated,2025-07-26 13:33:18,"{""field"":""is_active"",""new_value"":""patched""}"
2149,1422,93,updated,2025-11-21 16:52:57,"{""field"":""is_active"",""new_value"":""boosted""}"
2150,1885,102,updated,2025-12-26 07:59:56,"{""field"":""original_url"",""new_value"":""https://opswise.net/quartz/7026""}"
2151,706,15,updated,2025-04-18 01:04:30,"{""field"":""title"",""new_value"":""boosted""}"
2152,691,361,updated,2025-03-01 19:42:11,"{""field"":""original_url"",""new_value"":""https://example.com/beacon/4357""}"
2153,1233,365,updated,2026-01-21 17:13:03,"{""field"":""original_url"",""new_value"":""https://hackstack.io/journey/1403""}"
2154,1538,312,updated,2025-02-13 18:31:01,"{""field"":""original_url"",""new_value"":""https://acme.dev/delta/5806""}"
2155,1456,96,updated,2025-06-18 19:39:14,"{""field"":""is_active"",""new_value"":""refined""}"
2156,732,325,updated,2025-02-03 08:22:05,"{""field"":""title"",""new_value"":""patched""}"
2157,1247,348,updated,2025-03-01 17:56:26,"{""field"":""original_url"",""new_value"":""https://seeded.app/uplink/9731""}"
2158,1946,86,updated,2025-01-19 00:27:44,"{""field"":""original_url"",""new_value"":""https://seeded.app/signal/4307""}"
2159,543,94,updated,2025-09-04 17:30:21,"{""field"":""is_active"",""new_value"":""refined""}"
2160,422,199,updated,2025-06-12 12:39:08,"{""field"":""original_url"",""new_value"":""https://hackstack.io/island/9334""}"
2161,1901,80,updated,2025-12-13 21:25:40,"{""field"":""title"",""new_value"":""rerouted""}"
2162,665,189,updated,2025-03-30 21:11:00,"{""field"":""title"",""new_value"":""rotated""}"
2163,785,343,updated,2026-01-06 00:43:02,"{""field"":""is_active"",""new_value"":""promoted""}"
2164,1181,87,updated,2025-01-02 20:17:31,"{""field"":""original_url"",""new_value"":""https://opswise.net/network/9797""}"
2165,1529,148,updated,2025-11-04 08:58:38,"{""field"":""original_url"",""new_value"":""https://hackstack.io/valley/9265""}"
2166,10,253,updated,2025-08-25 19:39:58,"{""field"":""original_url"",""new_value"":""https://seeded.app/pioneer/4957""}"
2167,1217,253,updated,2026-01-07 10:52:34,"{""field"":""title"",""new_value"":""rotated""}"
2168,115,339,updated,2025-06-04 23:57:31,"{""field"":""title"",""new_value"":""rotated""}"
2169,1875,223,updated,2025-01-25 10:01:19,"{""field"":""title"",""new_value"":""rerouted""}"
2170,235,241,updated,2025-12-09 19:48:04,"{""field"":""title"",""new_value"":""refined""}"
2171,1991,168,updated,2025-11-06 10:35:11,"{""field"":""is_active"",""new_value"":""quieted""}"
2172,966,34,updated,2025-02-20 06:32:16,"{""field"":""is_active"",""new_value"":""promoted""}"
2173,470,108,updated,2025-01-18 14:59:48,"{""field"":""original_url"",""new_value"":""https://relay.cloud/zenith/5844""}"
2174,1762,149,updated,2025-11-05 08:55:18,"{""field"":""title"",""new_value"":""rotated""}"
2175,1401,21,updated,2025-10-12 10:42:08,"{""field"":""title"",""new_value"":""rotated""}"
2176,259,14,updated,2025-05-15 03:28:54,"{""field"":""is_active"",""new_value"":""promoted""}"
2177,496,13,updated,2025-03-07 05:27:45,"{""field"":""original_url"",""new_value"":""https://example.com/window/221""}"
2178,175,320,updated,2025-09-13 11:58:54,"{""field"":""is_active"",""new_value"":""refined""}"
2179,98,101,updated,2025-05-24 09:21:36,"{""field"":""title"",""new_value"":""patched""}"
2180,1196,210,updated,2026-01-15 12:20:32,"{""field"":""original_url"",""new_value"":""https://opswise.net/kernel/6730""}"
2181,812,268,updated,2026-01-16 08:59:15,"{""field"":""title"",""new_value"":""archived""}"
2182,1800,316,updated,2026-02-08 15:29:36,"{""field"":""title"",""new_value"":""quieted""}"
2183,664,234,updated,2025-10-06 07:52:59,"{""field"":""is_active"",""new_value"":""quieted""}"
2184,1315,150,updated,2026-02-24 11:39:42,"{""field"":""title"",""new_value"":""promoted""}"
2185,52,239,updated,2025-11-26 05:15:59,"{""field"":""is_active"",""new_value"":""rerouted""}"
2186,516,65,updated,2025-04-22 21:51:32,"{""field"":""is_active"",""new_value"":""rerouted""}"
2187,933,335,updated,2026-02-23 08:40:20,"{""field"":""is_active"",""new_value"":""promoted""}"
2188,213,25,updated,2025-03-16 21:02:31,"{""field"":""original_url"",""new_value"":""https://example.com/garden/8390""}"
2189,795,111,updated,2025-04-30 03:06:32,"{""field"":""title"",""new_value"":""archived""}"
2190,423,101,updated,2025-10-23 05:42:18,"{""field"":""title"",""new_value"":""rerouted""}"
2191,837,201,updated,2025-04-13 00:42:54,"{""field"":""original_url"",""new_value"":""https://example.com/window/3281""}"
2192,679,347,updated,2025-01-07 06:47:48,"{""field"":""original_url"",""new_value"":""https://acme.dev/orbit/7793""}"
2193,410,383,updated,2025-09-14 03:41:32,"{""field"":""original_url"",""new_value"":""https://opswise.net/pioneer/2556""}"
2194,941,49,updated,2026-02-02 00:51:48,"{""field"":""is_active"",""new_value"":""rerouted""}"
2195,633,261,updated,2026-02-07 08:54:27,"{""field"":""original_url"",""new_value"":""https://acme.dev/yard/8587""}"
2196,1100,63,updated,2025-01-04 09:12:26,"{""field"":""title"",""new_value"":""patched""}"
2197,1572,340,updated,2025-01-24 08:45:12,"{""field"":""is_active"",""new_value"":""archived""}"
2198,1423,387,updated,2025-08-10 10:59:26,"{""field"":""is_active"",""new_value"":""promoted""}"
2199,708,151,updated,2025-04-11 05:40:49,"{""field"":""title"",""new_value"":""promoted""}"
2200,479,114,updated,2025-12-15 20:00:17,"{""field"":""title"",""new_value"":""quieted""}"
2201,962,284,updated,2025-07-19 01:49:54,"{""field"":""is_active"",""new_value"":""boosted""}"
2202,1544,386,updated,2026-01-23 16:56:25,"{""field"":""original_url"",""new_value"":""https://seeded.app/lagoon/1436""}"
2203,195,82,updated,2025-10-25 16:37:51,"{""field"":""original_url"",""new_value"":""https://relay.cloud/garden/6959""}"
2204,696,367,updated,2025-01-08 22:32:46,"{""field"":""original_url"",""new_value"":""https://seeded.app/pioneer/7768""}"
2205,817,66,updated,2025-03-21 04:25:51,"{""field"":""original_url"",""new_value"":""https://hackstack.io/canyon/1984""}"
2206,140,257,updated,2025-04-06 16:56:53,"{""field"":""title"",""new_value"":""refined""}"
2207,220,8,updated,2025-02-21 19:11:50,"{""field"":""original_url"",""new_value"":""https://relay.cloud/anchor/6422""}"
2208,1101,59,updated,2025-06-02 06:49:37,"{""field"":""is_active"",""new_value"":""promoted""}"
2209,1811,329,updated,2025-04-23 01:51:01,"{""field"":""is_active"",""new_value"":""rotated""}"
2210,1629,168,updated,2025-03-11 02:47:02,"{""field"":""is_active"",""new_value"":""boosted""}"
2211,159,55,updated,2025-07-14 00:29:47,"{""field"":""is_active"",""new_value"":""quieted""}"
2212,818,336,updated,2025-11-26 16:25:15,"{""field"":""title"",""new_value"":""refined""}"
2213,68,387,updated,2025-11-26 14:11:17,"{""field"":""original_url"",""new_value"":""https://seeded.app/river/7603""}"
2214,285,35,updated,2025-03-15 20:48:24,"{""field"":""title"",""new_value"":""patched""}"
2215,1774,281,updated,2025-09-24 17:56:08,"{""field"":""title"",""new_value"":""rerouted""}"
2216,1825,173,updated,2026-01-22 18:52:59,"{""field"":""is_active"",""new_value"":""boosted""}"
2217,1995,254,updated,2025-01-21 09:01:39,"{""field"":""is_active"",""new_value"":""patched""}"
2218,1324,172,updated,2026-02-26 23:19:14,"{""field"":""original_url"",""new_value"":""https://hackstack.io/quartz/5604""}"
2219,1510,144,updated,2026-01-03 21:45:43,"{""field"":""is_active"",""new_value"":""promoted""}"
2220,1579,35,updated,2025-08-19 06:00:17,"{""field"":""title"",""new_value"":""patched""}"
2221,1740,23,updated,2025-12-13 16:26:12,"{""field"":""title"",""new_value"":""archived""}"
2222,1349,305,updated,2025-05-24 10:45:14,"{""field"":""original_url"",""new_value"":""https://example.com/island/6183""}"
2223,81,141,updated,2025-03-14 18:37:36,"{""field"":""title"",""new_value"":""quieted""}"
2224,1355,33,updated,2026-01-17 16:29:08,"{""field"":""is_active"",""new_value"":""quieted""}"
2225,1161,381,updated,2025-07-16 21:22:08,"{""field"":""title"",""new_value"":""archived""}"
2226,179,116,updated,2025-12-26 03:02:20,"{""field"":""original_url"",""new_value"":""https://seeded.app/island/4854""}"
2227,1215,317,updated,2025-11-10 17:16:58,"{""field"":""is_active"",""new_value"":""boosted""}"
2228,253,205,updated,2026-02-28 18:50:12,"{""field"":""is_active"",""new_value"":""refined""}"
2229,1622,352,updated,2026-01-12 02:03:56,"{""field"":""title"",""new_value"":""promoted""}"
2230,1449,147,updated,2025-10-13 19:52:26,"{""field"":""title"",""new_value"":""boosted""}"
2231,51,388,updated,2025-09-16 17:18:06,"{""field"":""title"",""new_value"":""boosted""}"
2232,1146,165,updated,2025-10-12 13:09:01,"{""field"":""original_url"",""new_value"":""https://hackstack.io/trail/382""}"
2233,1336,15,updated,2026-02-10 05:50:07,"{""field"":""is_active"",""new_value"":""rerouted""}"
2234,354,352,updated,2025-02-04 23:15:56,"{""field"":""title"",""new_value"":""refined""}"
2235,27,234,updated,2025-10-31 16:35:29,"{""field"":""original_url"",""new_value"":""https://seeded.app/island/8972""}"
2236,931,130,updated,2025-02-18 10:54:04,"{""field"":""is_active"",""new_value"":""promoted""}"
2237,729,296,updated,2025-07-20 02:28:16,"{""field"":""is_active"",""new_value"":""promoted""}"
2238,93,347,updated,2025-04-29 10:24:50,"{""field"":""original_url"",""new_value"":""https://seeded.app/journey/1466""}"
2239,1980,137,updated,2025-04-15 11:52:54,"{""field"":""is_active"",""new_value"":""rerouted""}"
2240,1307,24,updated,2025-03-29 11:17:20,"{""field"":""original_url"",""new_value"":""https://opswise.net/meadow/2249""}"
2241,77,382,updated,2025-10-29 03:25:57,"{""field"":""title"",""new_value"":""refined""}"
2242,323,146,updated,2025-08-13 03:24:09,"{""field"":""original_url"",""new_value"":""https://relay.cloud/garden/6608""}"
2243,1134,175,updated,2026-02-08 10:43:37,"{""field"":""title"",""new_value"":""archived""}"
2244,1656,236,updated,2025-08-12 18:34:01,"{""field"":""is_active"",""new_value"":""boosted""}"
2245,1552,291,updated,2025-09-04 20:53:06,"{""field"":""title"",""new_value"":""boosted""}"
2246,441,29,updated,2026-01-27 08:16:16,"{""field"":""title"",""new_value"":""patched""}"
2247,3,287,updated,2025-03-23 17:23:45,"{""field"":""title"",""new_value"":""quieted""}"
2248,711,225,updated,2025-01-31 06:00:13,"{""field"":""title"",""new_value"":""boosted""}"
2249,1996,169,updated,2025-04-04 17:32:45,"{""field"":""original_url"",""new_value"":""https://acme.dev/orbit/9690""}"
2250,14,138,updated,2025-02-18 22:21:44,"{""field"":""is_active"",""new_value"":""refined""}"
2251,1213,310,updated,2025-09-26 13:56:29,"{""field"":""original_url"",""new_value"":""https://acme.dev/canyon/5501""}"
2252,594,53,updated,2025-11-28 05:30:44,"{""field"":""is_active"",""new_value"":""promoted""}"
2253,623,52,updated,2025-07-16 17:22:29,"{""field"":""title"",""new_value"":""patched""}"
2254,1028,361,updated,2025-08-29 14:38:18,"{""field"":""title"",""new_value"":""promoted""}"
2255,389,260,updated,2025-02-17 04:05:35,"{""field"":""title"",""new_value"":""refined""}"
2256,224,340,updated,2025-01-06 03:11:14,"{""field"":""original_url"",""new_value"":""https://example.com/river/6314""}"
2257,847,341,updated,2025-12-27 05:47:33,"{""field"":""is_active"",""new_value"":""refined""}"
2258,1089,135,updated,2025-04-15 18:09:55,"{""field"":""title"",""new_value"":""quieted""}"
2259,1173,177,updated,2025-01-31 17:36:51,"{""field"":""original_url"",""new_value"":""https://hackstack.io/kernel/8824""}"
2260,577,230,updated,2025-11-27 19:39:10,"{""field"":""is_active"",""new_value"":""boosted""}"
2261,1936,244,updated,2025-09-06 18:52:19,"{""field"":""is_active"",""new_value"":""rotated""}"
2262,982,378,updated,2025-07-05 11:07:14,"{""field"":""original_url"",""new_value"":""https://seeded.app/valley/2197""}"
2263,198,171,updated,2026-02-12 16:57:52,"{""field"":""title"",""new_value"":""rotated""}"
2264,206,89,updated,2025-03-07 02:01:47,"{""field"":""is_active"",""new_value"":""quieted""}"
2265,799,282,updated,2025-08-08 15:21:52,"{""field"":""is_active"",""new_value"":""archived""}"
2266,1258,363,updated,2026-01-24 16:15:37,"{""field"":""original_url"",""new_value"":""https://hackstack.io/pioneer/5899""}"
2267,551,306,updated,2025-08-16 05:54:56,"{""field"":""title"",""new_value"":""boosted""}"
2268,480,319,updated,2025-08-17 14:16:34,"{""field"":""title"",""new_value"":""promoted""}"
2269,613,174,updated,2025-06-05 09:52:27,"{""field"":""title"",""new_value"":""refined""}"
2270,890,121,updated,2026-01-12 06:49:52,"{""field"":""original_url"",""new_value"":""https://hackstack.io/signal/8112""}"
2271,946,205,updated,2025-10-23 06:01:20,"{""field"":""title"",""new_value"":""boosted""}"
2272,1792,388,updated,2025-08-06 21:45:40,"{""field"":""title"",""new_value"":""quieted""}"
2273,903,354,updated,2025-07-16 17:03:08,"{""field"":""is_active"",""new_value"":""promoted""}"
2274,25,151,updated,2025-09-12 03:46:56,"{""field"":""is_active"",""new_value"":""quieted""}"
2275,1048,91,updated,2025-10-17 21:05:44,"{""field"":""is_active"",""new_value"":""boosted""}"
2276,2,217,updated,2025-01-05 23:30:57,"{""field"":""title"",""new_value"":""rerouted""}"
2277,1795,356,updated,2025-02-01 23:09:56,"{""field"":""original_url"",""new_value"":""https://acme.dev/valley/6140""}"
2278,427,176,updated,2025-10-25 00:11:02,"{""field"":""title"",""new_value"":""patched""}"
2279,1273,176,updated,2025-09-15 11:25:30,"{""field"":""title"",""new_value"":""rotated""}"
2280,1785,40,updated,2025-07-07 11:03:05,"{""field"":""title"",""new_value"":""patched""}"
2281,632,142,updated,2025-03-10 16:23:04,"{""field"":""is_active"",""new_value"":""boosted""}"
2282,1123,395,updated,2026-02-28 12:41:44,"{""field"":""title"",""new_value"":""refined""}"
2283,1806,308,updated,2026-02-08 11:42:38,"{""field"":""title"",""new_value"":""promoted""}"
2284,400,119,updated,2025-06-03 00:26:46,"{""field"":""title"",""new_value"":""rotated""}"
2285,1373,397,updated,2025-12-21 01:32:35,"{""field"":""original_url"",""new_value"":""https://hackstack.io/zenith/9326""}"
2286,820,252,updated,2025-02-12 07:13:10,"{""field"":""title"",""new_value"":""promoted""}"
2287,1116,113,updated,2026-01-20 11:59:35,"{""field"":""original_url"",""new_value"":""https://hackstack.io/quartz/1097""}"
2288,403,291,updated,2025-12-07 10:58:56,"{""field"":""original_url"",""new_value"":""https://seeded.app/field/6721""}"
2289,1168,111,updated,2025-05-13 05:43:43,"{""field"":""is_active"",""new_value"":""boosted""}"
2290,497,229,updated,2025-12-15 20:49:45,"{""field"":""original_url"",""new_value"":""https://relay.cloud/field/5019""}"
2291,1256,211,updated,2025-11-21 11:08:35,"{""field"":""original_url"",""new_value"":""https://example.com/island/1259""}"
2292,131,386,updated,2025-01-02 21:22:35,"{""field"":""original_url"",""new_value"":""https://seeded.app/orbit/90""}"
2293,1149,135,updated,2026-02-18 20:44:25,"{""field"":""title"",""new_value"":""archived""}"
2294,1706,182,updated,2025-09-25 19:55:45,"{""field"":""original_url"",""new_value"":""https://hackstack.io/uplink/2889""}"
2295,995,109,updated,2025-12-16 09:54:43,"{""field"":""is_active"",""new_value"":""rotated""}"
2296,772,271,updated,2025-03-14 18:36:22,"{""field"":""original_url"",""new_value"":""https://seeded.app/delta/6969""}"
2297,1488,375,updated,2025-04-30 14:05:42,"{""field"":""is_active"",""new_value"":""rerouted""}"
2298,1568,258,updated,2025-11-23 11:00:04,"{""field"":""is_active"",""new_value"":""rotated""}"
2299,1661,37,updated,2026-02-17 00:29:45,"{""field"":""is_active"",""new_value"":""promoted""}"
2300,1665,25,updated,2025-05-08 05:07:08,"{""field"":""title"",""new_value"":""rotated""}"
2301,1176,339,updated,2025-10-14 14:15:08,"{""field"":""title"",""new_value"":""refined""}"
2302,1859,180,updated,2026-01-08 13:54:47,"{""field"":""is_active"",""new_value"":""patched""}"
2303,550,377,updated,2026-02-08 01:31:35,"{""field"":""is_active"",""new_value"":""rerouted""}"
2304,137,72,updated,2025-05-06 18:52:44,"{""field"":""is_active"",""new_value"":""boosted""}"
2305,626,293,updated,2026-01-07 11:22:02,"{""field"":""original_url"",""new_value"":""https://hackstack.io/engine/2665""}"
2306,1051,118,updated,2025-11-14 02:39:30,"{""field"":""title"",""new_value"":""boosted""}"
2307,1839,199,updated,2025-08-23 13:40:21,"{""field"":""original_url"",""new_value"":""https://seeded.app/river/3224""}"
2308,502,33,updated,2025-09-19 11:05:38,"{""field"":""title"",""new_value"":""rotated""}"
2309,1038,259,updated,2025-01-09 14:35:28,"{""field"":""title"",""new_value"":""patched""}"
2310,1395,247,updated,2025-12-04 19:11:05,"{""field"":""is_active"",""new_value"":""rerouted""}"
2311,1595,60,updated,2025-09-20 05:25:12,"{""field"":""original_url"",""new_value"":""https://relay.cloud/trail/8597""}"
2312,628,269,updated,2025-09-19 16:12:32,"{""field"":""title"",""new_value"":""archived""}"
2313,49,381,updated,2025-04-02 18:11:49,"{""field"":""is_active"",""new_value"":""promoted""}"
2314,1657,136,updated,2025-09-18 02:29:10,"{""field"":""is_active"",""new_value"":""promoted""}"
2315,1978,134,updated,2025-05-12 08:22:44,"{""field"":""title"",""new_value"":""quieted""}"
2316,144,36,updated,2026-02-12 23:48:14,"{""field"":""is_active"",""new_value"":""refined""}"
2317,47,227,updated,2025-10-07 11:06:40,"{""field"":""title"",""new_value"":""quieted""}"
2318,386,284,updated,2026-02-20 16:59:08,"{""field"":""original_url"",""new_value"":""https://acme.dev/window/1996""}"
2319,1548,95,updated,2025-01-09 17:45:33,"{""field"":""is_active"",""new_value"":""patched""}"
2320,964,189,updated,2025-04-24 22:46:57,"{""field"":""title"",""new_value"":""patched""}"
2321,1941,330,updated,2026-02-14 19:25:56,"{""field"":""original_url"",""new_value"":""https://seeded.app/anchor/6775""}"
2322,651,47,updated,2025-08-20 21:25:16,"{""field"":""is_active"",""new_value"":""rotated""}"
2323,1396,191,updated,2026-01-29 19:44:51,"{""field"":""is_active"",""new_value"":""boosted""}"
2324,104,99,updated,2025-05-02 08:46:56,"{""field"":""is_active"",""new_value"":""rerouted""}"
2325,503,357,updated,2025-11-05 11:02:02,"{""field"":""is_active"",""new_value"":""promoted""}"
2326,1761,55,updated,2025-06-30 20:12:35,"{""field"":""title"",""new_value"":""rotated""}"
2327,1814,351,updated,2025-01-14 06:14:11,"{""field"":""is_active"",""new_value"":""quieted""}"
2328,271,154,updated,2026-01-30 07:12:16,"{""field"":""original_url"",""new_value"":""https://seeded.app/meadow/9991""}"
2329,280,352,updated,2025-07-14 01:38:42,"{""field"":""is_active"",""new_value"":""quieted""}"
2330,320,11,updated,2025-02-24 08:44:17,"{""field"":""original_url"",""new_value"":""https://acme.dev/beacon/2541""}"
2331,1653,207,updated,2025-02-16 06:51:44,"{""field"":""original_url"",""new_value"":""https://opswise.net/garden/5561""}"
2332,1303,49,updated,2026-01-04 18:07:55,"{""field"":""title"",""new_value"":""archived""}"
2333,861,383,updated,2025-04-28 18:44:58,"{""field"":""title"",""new_value"":""quieted""}"
2334,66,26,updated,2026-02-22 02:34:32,"{""field"":""is_active"",""new_value"":""patched""}"
2335,491,134,updated,2025-05-08 01:49:14,"{""field"":""title"",""new_value"":""promoted""}"
2336,570,399,updated,2026-02-21 06:08:31,"{""field"":""title"",""new_value"":""archived""}"
2337,121,229,updated,2025-03-28 04:42:38,"{""field"":""original_url"",""new_value"":""https://relay.cloud/lagoon/1371""}"
2338,723,186,updated,2025-05-16 05:09:33,"{""field"":""original_url"",""new_value"":""https://acme.dev/anchor/1434""}"
2339,374,242,updated,2025-02-17 01:01:15,"{""field"":""title"",""new_value"":""quieted""}"
2340,1378,25,updated,2025-07-07 09:28:47,"{""field"":""is_active"",""new_value"":""quieted""}"
2341,1966,132,updated,2025-10-31 00:50:22,"{""field"":""original_url"",""new_value"":""https://hackstack.io/anchor/1458""}"
2342,439,242,updated,2025-09-19 05:24:38,"{""field"":""title"",""new_value"":""boosted""}"
2343,1127,222,updated,2025-04-07 09:27:10,"{""field"":""original_url"",""new_value"":""https://opswise.net/window/5131""}"
2344,1962,273,updated,2025-12-21 16:30:54,"{""field"":""title"",""new_value"":""refined""}"
2345,406,135,updated,2026-02-02 07:48:43,"{""field"":""is_active"",""new_value"":""patched""}"
2346,454,370,updated,2025-03-04 23:43:25,"{""field"":""is_active"",""new_value"":""quieted""}"
2347,1587,135,updated,2026-01-21 18:28:34,"{""field"":""title"",""new_value"":""boosted""}"
2348,1620,332,updated,2025-01-25 17:33:50,"{""field"":""title"",""new_value"":""refined""}"
2349,1065,94,updated,2025-02-22 13:36:59,"{""field"":""original_url"",""new_value"":""https://seeded.app/uplink/9175""}"
2350,540,183,updated,2025-11-22 08:38:46,"{""field"":""title"",""new_value"":""refined""}"
2351,1773,39,updated,2025-07-20 08:34:30,"{""field"":""original_url"",""new_value"":""https://opswise.net/anchor/5745""}"
2352,793,266,updated,2025-06-17 21:02:08,"{""field"":""is_active"",""new_value"":""rerouted""}"
2353,1144,50,updated,2025-07-25 09:40:39,"{""field"":""title"",""new_value"":""refined""}"
2354,228,1,updated,2026-01-23 15:01:08,"{""field"":""title"",""new_value"":""rerouted""}"
2355,7,352,updated,2025-06-02 12:24:46,"{""field"":""title"",""new_value"":""promoted""}"
2356,122,240,updated,2025-07-14 12:40:28,"{""field"":""original_url"",""new_value"":""https://hackstack.io/valley/8859""}"
2357,1673,366,updated,2025-04-06 08:26:12,"{""field"":""original_url"",""new_value"":""https://example.com/delta/5521""}"
2358,1606,295,updated,2026-02-06 00:27:02,"{""field"":""title"",""new_value"":""patched""}"
2359,692,222,updated,2026-02-26 03:25:37,"{""field"":""original_url"",""new_value"":""https://seeded.app/engine/5574""}"
2360,63,326,updated,2025-05-01 12:51:49,"{""field"":""is_active"",""new_value"":""refined""}"
2361,596,60,updated,2025-05-23 21:58:21,"{""field"":""original_url"",""new_value"":""https://hackstack.io/river/7961""}"
2362,282,331,updated,2025-02-19 12:11:27,"{""field"":""original_url"",""new_value"":""https://seeded.app/yard/3791""}"
2363,432,177,updated,2025-04-24 13:55:39,"{""field"":""title"",""new_value"":""promoted""}"
2364,1640,136,updated,2025-07-17 18:42:08,"{""field"":""original_url"",""new_value"":""https://acme.dev/zenith/6112""}"
2365,802,10,updated,2025-11-23 09:57:40,"{""field"":""original_url"",""new_value"":""https://hackstack.io/journey/1190""}"
2366,1030,112,updated,2025-12-02 15:13:35,"{""field"":""title"",""new_value"":""refined""}"
2367,73,21,updated,2025-06-20 23:37:27,"{""field"":""is_active"",""new_value"":""rotated""}"
2368,1322,390,updated,2025-06-14 11:00:36,"{""field"":""is_active"",""new_value"":""rotated""}"
2369,1207,351,updated,2025-04-21 08:00:47,"{""field"":""original_url"",""new_value"":""https://seeded.app/signal/9508""}"
2370,1746,223,updated,2025-09-28 06:27:56,"{""field"":""original_url"",""new_value"":""https://relay.cloud/river/1264""}"
2371,1242,34,updated,2026-01-23 06:59:22,"{""field"":""original_url"",""new_value"":""https://acme.dev/trail/8972""}"
2372,1547,270,updated,2025-10-24 18:42:50,"{""field"":""original_url"",""new_value"":""https://relay.cloud/canyon/3229""}"
2373,273,44,updated,2025-06-10 16:54:58,"{""field"":""title"",""new_value"":""refined""}"
2374,1713,363,updated,2025-11-25 12:40:10,"{""field"":""title"",""new_value"":""refined""}"
2375,21,84,updated,2025-11-14 06:11:46,"{""field"":""original_url"",""new_value"":""https://seeded.app/quartz/1194""}"
2376,95,71,updated,2025-04-19 08:33:01,"{""field"":""is_active"",""new_value"":""quieted""}"
2377,191,389,updated,2025-12-09 15:25:15,"{""field"":""title"",""new_value"":""refined""}"
2378,713,250,updated,2025-03-26 06:41:49,"{""field"":""original_url"",""new_value"":""https://relay.cloud/engine/1585""}"
2379,739,189,updated,2025-08-23 15:29:06,"{""field"":""title"",""new_value"":""promoted""}"
2380,264,203,updated,2025-05-03 21:44:28,"{""field"":""title"",""new_value"":""archived""}"
2381,211,14,updated,2025-04-13 00:17:38,"{""field"":""original_url"",""new_value"":""https://relay.cloud/engine/7576""}"
2382,167,333,updated,2025-10-15 09:20:55,"{""field"":""title"",""new_value"":""promoted""}"
2383,1682,269,updated,2025-09-03 13:23:10,"{""field"":""title"",""new_value"":""boosted""}"
2384,892,7,updated,2025-10-16 23:26:13,"{""field"":""original_url"",""new_value"":""https://relay.cloud/lagoon/4437""}"
2385,189,365,updated,2025-12-13 08:09:25,"{""field"":""title"",""new_value"":""archived""}"
2386,286,1,updated,2025-05-11 12:36:38,"{""field"":""original_url"",""new_value"":""https://example.com/island/6629""}"
2387,1883,210,updated,2025-05-26 01:12:46,"{""field"":""title"",""new_value"":""rerouted""}"
2388,204,217,updated,2025-09-03 21:47:25,"{""field"":""title"",""new_value"":""archived""}"
2389,493,62,updated,2025-05-18 11:56:26,"{""field"":""is_active"",""new_value"":""archived""}"
2390,1846,387,updated,2025-02-16 10:33:54,"{""field"":""original_url"",""new_value"":""https://hackstack.io/island/5322""}"
2391,1293,349,updated,2025-11-16 23:54:29,"{""field"":""title"",""new_value"":""promoted""}"
2392,689,288,updated,2026-01-11 12:41:14,"{""field"":""original_url"",""new_value"":""https://opswise.net/pioneer/3912""}"
2393,201,153,updated,2026-01-03 18:32:20,"{""field"":""is_active"",""new_value"":""refined""}"
2394,75,282,updated,2025-12-24 08:34:44,"{""field"":""title"",""new_value"":""quieted""}"
2395,1484,168,updated,2025-10-06 07:20:46,"{""field"":""title"",""new_value"":""boosted""}"
2396,1272,28,updated,2025-03-25 21:35:06,"{""field"":""original_url"",""new_value"":""https://hackstack.io/yard/2642""}"
2397,1624,147,updated,2025-07-06 05:41:59,"{""field"":""is_active"",""new_value"":""archived""}"
2398,803,31,updated,2025-07-03 06:58:35,"{""field"":""original_url"",""new_value"":""https://opswise.net/signal/2521""}"
2399,119,192,updated,2025-03-01 01:33:11,"{""field"":""original_url"",""new_value"":""https://example.com/uplink/6410""}"
2400,756,181,updated,2025-06-03 02:07:50,"{""field"":""original_url"",""new_value"":""https://opswise.net/trail/6263""}"
2401,1908,61,updated,2025-06-21 02:47:54,"{""field"":""is_active"",""new_value"":""rotated""}"
2402,780,111,updated,2025-03-17 15:04:27,"{""field"":""is_active"",""new_value"":""patched""}"
2403,994,385,updated,2025-10-03 20:59:01,"{""field"":""is_active"",""new_value"":""promoted""}"
2404,1540,51,updated,2025-04-16 11:55:48,"{""field"":""is_active"",""new_value"":""rerouted""}"
2405,819,297,updated,2025-04-25 03:59:14,"{""field"":""original_url"",""new_value"":""https://opswise.net/zenith/6197""}"
2406,192,255,updated,2025-05-23 15:27:43,"{""field"":""title"",""new_value"":""promoted""}"
2407,1228,109,updated,2026-01-07 14:18:46,"{""field"":""title"",""new_value"":""boosted""}"
2408,859,25,updated,2025-07-18 00:14:07,"{""field"":""is_active"",""new_value"":""archived""}"
2409,1833,156,updated,2025-09-19 16:13:24,"{""field"":""original_url"",""new_value"":""https://hackstack.io/meadow/120""}"
2410,1872,323,updated,2025-07-20 17:22:12,"{""field"":""title"",""new_value"":""quieted""}"
2411,768,343,updated,2026-02-06 02:14:34,"{""field"":""title"",""new_value"":""quieted""}"
2412,1025,228,updated,2025-12-01 09:07:36,"{""field"":""title"",""new_value"":""promoted""}"
2413,475,313,updated,2025-08-18 07:18:18,"{""field"":""is_active"",""new_value"":""rotated""}"
2414,1993,394,updated,2025-07-31 09:22:09,"{""field"":""original_url"",""new_value"":""https://example.com/kernel/7023""}"
2415,1428,245,updated,2025-03-05 07:16:02,"{""field"":""title"",""new_value"":""promoted""}"
2416,1601,343,updated,2026-02-02 09:48:44,"{""field"":""original_url"",""new_value"":""https://relay.cloud/quartz/3371""}"
2417,523,145,updated,2025-01-14 06:06:07,"{""field"":""is_active"",""new_value"":""rotated""}"
2418,509,45,updated,2025-04-13 09:18:31,"{""field"":""title"",""new_value"":""patched""}"
2419,1447,220,updated,2025-12-17 09:49:42,"{""field"":""is_active"",""new_value"":""patched""}"
2420,913,380,updated,2025-12-27 14:43:22,"{""field"":""is_active"",""new_value"":""rerouted""}"
2421,1878,100,updated,2026-02-01 21:55:23,"{""field"":""original_url"",""new_value"":""https://acme.dev/anchor/6448""}"
2422,749,264,updated,2025-11-15 13:10:49,"{""field"":""is_active"",""new_value"":""rotated""}"
2423,1939,296,updated,2025-02-23 14:25:40,"{""field"":""is_active"",""new_value"":""refined""}"
2424,299,283,updated,2025-07-14 22:48:48,"{""field"":""title"",""new_value"":""quieted""}"
2425,558,77,updated,2025-06-19 14:42:50,"{""field"":""is_active"",""new_value"":""quieted""}"
2426,1597,69,updated,2026-01-28 03:05:35,"{""field"":""title"",""new_value"":""quieted""}"
2427,916,254,updated,2025-06-04 00:01:46,"{""field"":""title"",""new_value"":""archived""}"
2428,518,293,updated,2025-11-27 13:07:25,"{""field"":""is_active"",""new_value"":""promoted""}"
2429,1585,204,updated,2025-06-23 20:09:43,"{""field"":""original_url"",""new_value"":""https://relay.cloud/valley/8310""}"
2430,1767,126,updated,2025-04-10 14:23:59,"{""field"":""original_url"",""new_value"":""https://opswise.net/river/8218""}"
2431,1558,268,updated,2025-11-18 02:11:04,"{""field"":""original_url"",""new_value"":""https://opswise.net/uplink/2489""}"
2432,642,171,updated,2025-08-18 02:11:25,"{""field"":""original_url"",""new_value"":""https://relay.cloud/garden/8938""}"
2433,1507,49,updated,2025-08-08 14:22:47,"{""field"":""original_url"",""new_value"":""https://relay.cloud/meadow/1927""}"
2434,1593,140,updated,2026-02-21 11:43:18,"{""field"":""original_url"",""new_value"":""https://hackstack.io/orbit/7339""}"
2435,1073,345,updated,2025-06-30 09:50:29,"{""field"":""original_url"",""new_value"":""https://hackstack.io/window/8098""}"
2436,1501,240,updated,2025-04-16 17:00:27,"{""field"":""title"",""new_value"":""boosted""}"
2437,609,37,updated,2025-01-01 21:25:27,"{""field"":""is_active"",""new_value"":""refined""}"
2438,557,258,updated,2025-10-17 18:43:03,"{""field"":""original_url"",""new_value"":""https://hackstack.io/meadow/2879""}"
2439,591,396,updated,2025-01-22 09:19:03,"{""field"":""original_url"",""new_value"":""https://example.com/journey/9928""}"
2440,1080,257,updated,2025-06-03 13:31:09,"{""field"":""is_active"",""new_value"":""refined""}"
2441,555,21,updated,2025-12-05 23:17:38,"{""field"":""is_active"",""new_value"":""quieted""}"
2442,1987,358,updated,2025-07-08 04:18:15,"{""field"":""title"",""new_value"":""boosted""}"
2443,251,358,updated,2025-10-10 14:44:47,"{""field"":""is_active"",""new_value"":""rerouted""}"
2444,1645,322,updated,2026-01-04 12:19:30,"{""field"":""title"",""new_value"":""quieted""}"
2445,1404,247,updated,2026-01-29 01:05:14,"{""field"":""original_url"",""new_value"":""https://relay.cloud/garden/4893""}"
2446,844,188,updated,2025-01-12 18:17:41,"{""field"":""is_active"",""new_value"":""patched""}"
2447,492,157,updated,2025-12-16 16:04:26,"{""field"":""title"",""new_value"":""patched""}"
2448,149,370,updated,2025-11-20 02:50:06,"{""field"":""is_active"",""new_value"":""archived""}"
2449,284,243,updated,2025-08-19 11:11:17,"{""field"":""original_url"",""new_value"":""https://hackstack.io/orbit/7690""}"
2450,862,11,updated,2025-04-22 04:22:21,"{""field"":""original_url"",""new_value"":""https://relay.cloud/window/1021""}"
2451,485,387,updated,2025-01-28 06:01:46,"{""field"":""is_active"",""new_value"":""quieted""}"
2452,209,341,updated,2025-01-27 23:59:52,"{""field"":""title"",""new_value"":""patched""}"
2453,1442,67,updated,2025-12-13 21:24:18,"{""field"":""original_url"",""new_value"":""https://hackstack.io/anchor/5116""}"
2454,449,132,updated,2025-09-12 11:04:48,"{""field"":""title"",""new_value"":""patched""}"
2455,600,97,updated,2025-08-17 08:15:25,"{""field"":""title"",""new_value"":""promoted""}"
2456,778,12,updated,2025-04-19 06:25:10,"{""field"":""original_url"",""new_value"":""https://hackstack.io/delta/1491""}"
2457,1333,169,updated,2025-09-22 08:00:04,"{""field"":""title"",""new_value"":""quieted""}"
2458,1489,361,updated,2025-01-20 08:17:52,"{""field"":""is_active"",""new_value"":""boosted""}"
2459,1526,169,updated,2025-08-31 01:02:32,"{""field"":""is_active"",""new_value"":""patched""}"
2460,510,335,updated,2025-01-08 14:00:48,"{""field"":""original_url"",""new_value"":""https://opswise.net/kernel/3779""}"
2461,1948,400,updated,2026-02-27 21:49:29,"{""field"":""original_url"",""new_value"":""https://hackstack.io/trail/4170""}"
2462,973,180,updated,2025-12-01 07:15:42,"{""field"":""original_url"",""new_value"":""https://example.com/uplink/1526""}"
2463,62,10,updated,2025-12-25 14:18:46,"{""field"":""is_active"",""new_value"":""boosted""}"
2464,1465,220,updated,2025-02-19 13:22:04,"{""field"":""title"",""new_value"":""patched""}"
2465,1575,330,updated,2025-04-08 15:49:56,"{""field"":""is_active"",""new_value"":""patched""}"
2466,1124,99,updated,2025-05-17 00:07:54,"{""field"":""is_active"",""new_value"":""rerouted""}"
2467,82,97,updated,2025-05-29 09:33:28,"{""field"":""is_active"",""new_value"":""patched""}"
2468,1870,126,updated,2025-02-24 15:06:44,"{""field"":""is_active"",""new_value"":""promoted""}"
2469,194,400,updated,2025-06-25 03:35:39,"{""field"":""original_url"",""new_value"":""https://relay.cloud/engine/5606""}"
2470,312,310,updated,2025-03-05 10:57:50,"{""field"":""is_active"",""new_value"":""rotated""}"
2471,1956,211,updated,2025-05-30 23:48:26,"{""field"":""original_url"",""new_value"":""https://opswise.net/journey/7575""}"
2472,1075,126,updated,2025-10-15 18:26:21,"{""field"":""is_active"",""new_value"":""refined""}"
2473,208,326,updated,2025-11-27 03:26:02,"{""field"":""original_url"",""new_value"":""https://opswise.net/anchor/3119""}"
2474,1064,179,updated,2026-01-19 04:51:07,"{""field"":""original_url"",""new_value"":""https://example.com/journey/9458""}"
2475,1167,252,updated,2025-08-27 15:53:01,"{""field"":""title"",""new_value"":""promoted""}"
2476,520,399,updated,2025-10-13 01:13:40,"{""field"":""title"",""new_value"":""promoted""}"
2477,1288,318,updated,2025-07-17 04:44:34,"{""field"":""is_active"",""new_value"":""archived""}"
2478,1035,18,updated,2025-07-05 02:30:56,"{""field"":""original_url"",""new_value"":""https://acme.dev/harvest/1961""}"
2479,1880,140,updated,2025-06-02 00:03:43,"{""field"":""is_active"",""new_value"":""archived""}"
2480,1062,397,updated,2025-03-21 14:48:55,"{""field"":""title"",""new_value"":""promoted""}"
2481,1826,155,updated,2025-04-23 14:26:08,"{""field"":""original_url"",""new_value"":""https://seeded.app/field/3686""}"
2482,1691,253,updated,2025-11-11 02:36:32,"{""field"":""is_active"",""new_value"":""archived""}"
2483,1584,190,updated,2025-01-17 20:44:08,"{""field"":""original_url"",""new_value"":""https://opswise.net/journey/1105""}"
2484,295,268,updated,2025-04-29 12:25:37,"{""field"":""title"",""new_value"":""boosted""}"
2485,1304,326,updated,2026-01-04 04:12:54,"{""field"":""title"",""new_value"":""patched""}"
2486,1508,179,updated,2025-10-24 21:51:43,"{""field"":""title"",""new_value"":""promoted""}"
2487,127,285,updated,2025-04-23 09:05:21,"{""field"":""is_active"",""new_value"":""archived""}"
2488,507,178,updated,2026-02-21 03:45:56,"{""field"":""title"",""new_value"":""patched""}"
2489,1810,170,updated,2026-02-23 15:53:12,"{""field"":""original_url"",""new_value"":""https://relay.cloud/engine/2563""}"
2490,176,12,updated,2026-02-17 13:55:46,"{""field"":""original_url"",""new_value"":""https://hackstack.io/field/4860""}"
2491,1525,11,updated,2026-02-17 12:33:28,"{""field"":""is_active"",""new_value"":""rotated""}"
2492,909,71,updated,2025-03-01 06:16:08,"{""field"":""title"",""new_value"":""boosted""}"
2493,918,276,updated,2025-02-25 18:28:44,"{""field"":""title"",""new_value"":""boosted""}"
2494,78,92,updated,2025-09-02 14:39:24,"{""field"":""original_url"",""new_value"":""https://seeded.app/kernel/2299""}"
2495,106,141,updated,2025-06-27 06:34:01,"{""field"":""title"",""new_value"":""boosted""}"
2496,580,104,updated,2025-06-18 12:48:45,"{""field"":""title"",""new_value"":""archived""}"
2497,1567,298,updated,2025-08-04 06:22:25,"{""field"":""title"",""new_value"":""quieted""}"
2498,1530,74,updated,2025-09-27 05:30:07,"{""field"":""is_active"",""new_value"":""refined""}"
2499,1915,91,updated,2025-11-24 11:31:07,"{""field"":""is_active"",""new_value"":""promoted""}"
2500,1208,311,updated,2025-06-23 05:51:41,"{""field"":""original_url"",""new_value"":""https://example.com/island/5747""}"
2501,1531,230,updated,2025-12-28 01:27:21,"{""field"":""original_url"",""new_value"":""https://example.com/journey/8405""}"
2502,853,35,updated,2025-03-30 22:30:54,"{""field"":""is_active"",""new_value"":""rerouted""}"
2503,622,71,updated,2025-11-25 04:30:20,"{""field"":""is_active"",""new_value"":""archived""}"
2504,926,333,updated,2025-12-07 20:36:41,"{""field"":""is_active"",""new_value"":""patched""}"
2505,1679,34,updated,2025-09-19 23:54:06,"{""field"":""title"",""new_value"":""boosted""}"
2506,46,92,updated,2025-04-18 22:17:46,"{""field"":""title"",""new_value"":""rotated""}"
2507,688,191,updated,2025-02-20 18:41:09,"{""field"":""is_active"",""new_value"":""patched""}"
2508,1697,83,updated,2025-08-13 17:55:56,"{""field"":""title"",""new_value"":""refined""}"
2509,602,258,updated,2025-05-06 06:08:57,"{""field"":""title"",""new_value"":""rotated""}"
2510,1889,71,updated,2025-02-17 18:01:03,"{""field"":""title"",""new_value"":""boosted""}"
2511,1976,14,updated,2025-11-20 19:18:52,"{""field"":""is_active"",""new_value"":""archived""}"
2512,1533,339,updated,2026-02-27 22:33:31,"{""field"":""is_active"",""new_value"":""promoted""}"
2513,896,379,updated,2025-08-31 16:01:57,"{""field"":""original_url"",""new_value"":""https://seeded.app/harvest/4707""}"
2514,967,212,updated,2025-12-08 08:50:11,"{""field"":""is_active"",""new_value"":""refined""}"
2515,257,399,updated,2025-11-16 19:03:44,"{""field"":""original_url"",""new_value"":""https://opswise.net/orbit/4405""}"
2516,1248,133,updated,2025-05-23 10:21:39,"{""field"":""original_url"",""new_value"":""https://acme.dev/network/3352""}"
2517,1835,304,updated,2025-01-20 22:10:37,"{""field"":""is_active"",""new_value"":""patched""}"
2518,18,245,updated,2025-09-26 13:22:55,"{""field"":""is_active"",""new_value"":""patched""}"
2519,566,94,updated,2025-09-21 04:02:35,"{""field"":""is_active"",""new_value"":""quieted""}"
2520,1454,74,updated,2025-09-30 07:32:37,"{""field"":""original_url"",""new_value"":""https://seeded.app/kernel/2419""}"
2521,467,63,updated,2025-04-04 17:32:12,"{""field"":""title"",""new_value"":""patched""}"
2522,1639,231,updated,2025-07-05 15:36:13,"{""field"":""title"",""new_value"":""refined""}"
2523,1998,278,updated,2025-10-06 13:22:54,"{""field"":""is_active"",""new_value"":""quieted""}"
2524,1765,210,updated,2025-12-19 13:26:48,"{""field"":""title"",""new_value"":""rotated""}"
2525,1616,30,updated,2025-08-15 03:37:52,"{""field"":""is_active"",""new_value"":""patched""}"
2526,663,151,updated,2026-01-07 17:50:39,"{""field"":""is_active"",""new_value"":""patched""}"
2527,1574,20,updated,2025-09-20 04:10:50,"{""field"":""original_url"",""new_value"":""https://example.com/lagoon/6968""}"
2528,272,259,updated,2026-02-16 02:34:20,"{""field"":""is_active"",""new_value"":""refined""}"
2529,988,390,updated,2025-02-14 18:57:22,"{""field"":""original_url"",""new_value"":""https://acme.dev/yard/8953""}"
2530,1632,136,updated,2025-09-15 05:04:53,"{""field"":""is_active"",""new_value"":""refined""}"
2531,346,363,updated,2025-08-27 12:35:42,"{""field"":""original_url"",""new_value"":""https://relay.cloud/quartz/7312""}"
2532,249,90,updated,2025-06-20 20:42:47,"{""field"":""title"",""new_value"":""patched""}"
2533,1914,108,updated,2025-09-19 19:57:39,"{""field"":""original_url"",""new_value"":""https://example.com/garden/9531""}"
2534,782,280,updated,2025-01-26 08:22:53,"{""field"":""title"",""new_value"":""refined""}"
2535,959,222,updated,2025-06-06 13:19:09,"{""field"":""original_url"",""new_value"":""https://acme.dev/river/5828""}"
2536,1495,319,updated,2025-06-18 05:40:33,"{""field"":""original_url"",""new_value"":""https://seeded.app/engine/6589""}"
2537,1452,347,updated,2025-08-20 03:55:20,"{""field"":""original_url"",""new_value"":""https://opswise.net/network/6651""}"
2538,378,243,updated,2025-12-06 23:03:02,"{""field"":""title"",""new_value"":""promoted""}"
2539,1135,339,updated,2026-01-20 14:18:48,"{""field"":""title"",""new_value"":""rerouted""}"
2540,562,231,updated,2026-01-17 11:13:45,"{""field"":""is_active"",""new_value"":""patched""}"
2541,1286,398,updated,2026-01-15 16:38:55,"{""field"":""original_url"",""new_value"":""https://example.com/lagoon/4200""}"
2542,1592,390,updated,2025-11-03 01:30:40,"{""field"":""original_url"",""new_value"":""https://opswise.net/uplink/4455""}"
2543,1770,304,updated,2025-01-21 00:45:37,"{""field"":""title"",""new_value"":""patched""}"
2544,1775,15,updated,2026-01-23 04:14:53,"{""field"":""original_url"",""new_value"":""https://relay.cloud/network/6444""}"
2545,1751,134,updated,2026-01-26 14:10:58,"{""field"":""original_url"",""new_value"":""https://acme.dev/harvest/6650""}"
2546,869,52,updated,2025-01-17 22:42:12,"{""field"":""original_url"",""new_value"":""https://opswise.net/signal/9402""}"
2547,243,209,updated,2025-11-11 17:15:38,"{""field"":""original_url"",""new_value"":""https://seeded.app/quartz/2818""}"
2548,60,339,updated,2026-02-26 12:09:56,"{""field"":""original_url"",""new_value"":""https://acme.dev/kernel/7489""}"
2549,975,93,updated,2025-04-09 03:05:46,"{""field"":""title"",""new_value"":""promoted""}"
2550,852,95,updated,2025-04-30 07:38:44,"{""field"":""original_url"",""new_value"":""https://relay.cloud/trail/8890""}"
2551,61,113,updated,2025-04-03 14:29:36,"{""field"":""title"",""new_value"":""promoted""}"
2552,120,369,updated,2025-12-18 22:03:44,"{""field"":""original_url"",""new_value"":""https://seeded.app/signal/2457""}"
2553,952,161,updated,2025-03-11 16:01:15,"{""field"":""original_url"",""new_value"":""https://acme.dev/beacon/5104""}"
2554,351,3,updated,2026-02-17 21:41:28,"{""field"":""original_url"",""new_value"":""https://example.com/beacon/1781""}"
2555,1623,100,updated,2025-07-02 09:30:29,"{""field"":""is_active"",""new_value"":""quieted""}"
2556,337,97,updated,2026-01-05 01:25:13,"{""field"":""is_active"",""new_value"":""rotated""}"
2557,537,111,updated,2026-01-06 08:46:32,"{""field"":""is_active"",""new_value"":""patched""}"
2558,1274,88,updated,2025-03-16 14:56:00,"{""field"":""title"",""new_value"":""promoted""}"
2559,1850,61,updated,2025-01-28 23:44:16,"{""field"":""title"",""new_value"":""patched""}"
2560,1822,56,updated,2025-01-22 23:54:25,"{""field"":""title"",""new_value"":""refined""}"
2561,559,393,updated,2025-12-14 19:20:05,"{""field"":""is_active"",""new_value"":""boosted""}"
2562,107,127,updated,2025-07-23 21:02:46,"{""field"":""title"",""new_value"":""patched""}"
2563,684,348,updated,2025-04-07 05:54:41,"{""field"":""original_url"",""new_value"":""https://example.com/window/4111""}"
2564,1598,182,updated,2025-06-25 17:05:08,"{""field"":""title"",""new_value"":""patched""}"
2565,15,378,updated,2025-09-20 01:02:12,"{""field"":""title"",""new_value"":""refined""}"
2566,1989,110,updated,2025-04-19 01:36:37,"{""field"":""original_url"",""new_value"":""https://hackstack.io/yard/6962""}"
2567,505,373,updated,2025-07-12 15:17:37,"{""field"":""title"",""new_value"":""quieted""}"
2568,1043,308,updated,2025-12-10 09:45:00,"{""field"":""title"",""new_value"":""rotated""}"
2569,672,201,updated,2025-03-28 03:01:35,"{""field"":""title"",""new_value"":""promoted""}"
2570,268,3,updated,2025-10-15 02:13:43,"{""field"":""original_url"",""new_value"":""https://hackstack.io/network/7235""}"
2571,1755,387,updated,2025-09-04 15:24:35,"{""field"":""title"",""new_value"":""patched""}"
2572,745,395,updated,2025-10-15 16:05:12,"{""field"":""title"",""new_value"":""refined""}"
2573,1700,213,updated,2025-08-24 14:54:40,"{""field"":""is_active"",""new_value"":""rerouted""}"
2574,446,381,updated,2026-02-21 17:21:12,"{""field"":""is_active"",""new_value"":""rerouted""}"
2575,1388,97,updated,2025-08-25 22:45:26,"{""field"":""title"",""new_value"":""promoted""}"
2576,1451,24,updated,2025-03-30 00:51:51,"{""field"":""is_active"",""new_value"":""rerouted""}"
2577,1269,160,updated,2026-01-31 01:33:22,"{""field"":""title"",""new_value"":""rerouted""}"
2578,1743,271,updated,2025-11-01 01:17:53,"{""field"":""original_url"",""new_value"":""https://hackstack.io/orbit/6471""}"
2579,997,181,updated,2025-05-07 07:50:17,"{""field"":""title"",""new_value"":""archived""}"
2580,848,360,updated,2025-04-15 23:02:43,"{""field"":""is_active"",""new_value"":""quieted""}"
2581,67,323,updated,2025-07-31 22:34:29,"{""field"":""original_url"",""new_value"":""https://acme.dev/kernel/1101""}"
2582,765,182,updated,2025-05-07 17:52:57,"{""field"":""is_active"",""new_value"":""archived""}"
2583,1158,362,updated,2026-02-02 14:47:44,"{""field"":""title"",""new_value"":""rotated""}"
2584,1816,233,updated,2025-12-10 22:27:50,"{""field"":""is_active"",""new_value"":""promoted""}"
2585,76,391,updated,2025-10-25 02:06:29,"{""field"":""title"",""new_value"":""promoted""}"
2586,716,269,updated,2025-05-05 05:14:22,"{""field"":""is_active"",""new_value"":""rerouted""}"
2587,1102,86,updated,2025-01-01 00:37:28,"{""field"":""is_active"",""new_value"":""refined""}"
2588,1000,198,updated,2025-01-25 11:15:18,"{""field"":""is_active"",""new_value"":""promoted""}"
2589,1516,159,updated,2026-02-20 20:25:53,"{""field"":""is_active"",""new_value"":""rotated""}"
2590,1817,182,updated,2025-06-04 23:04:17,"{""field"":""original_url"",""new_value"":""https://acme.dev/beacon/4843""}"
2591,761,15,updated,2025-04-22 08:25:24,"{""field"":""title"",""new_value"":""refined""}"
2592,1589,325,updated,2025-06-17 02:18:36,"{""field"":""original_url"",""new_value"":""https://example.com/river/5639""}"
2593,1893,2,updated,2025-03-22 11:17:01,"{""field"":""title"",""new_value"":""patched""}"
2594,1904,297,updated,2025-07-24 04:03:56,"{""field"":""title"",""new_value"":""quieted""}"
2595,375,132,updated,2025-06-08 15:36:11,"{""field"":""original_url"",""new_value"":""https://seeded.app/valley/3325""}"
2596,1078,375,updated,2025-10-04 06:36:54,"{""field"":""title"",""new_value"":""archived""}"
2597,1195,353,updated,2025-05-09 07:20:28,"{""field"":""title"",""new_value"":""promoted""}"
2598,1264,130,updated,2025-10-28 05:37:26,"{""field"":""title"",""new_value"":""promoted""}"
2599,1039,353,updated,2025-10-11 20:47:59,"{""field"":""original_url"",""new_value"":""https://seeded.app/orbit/6643""}"
2600,1194,264,updated,2025-04-17 13:50:24,"{""field"":""title"",""new_value"":""refined""}"
2601,766,9,updated,2025-08-09 03:46:34,"{""field"":""original_url"",""new_value"":""https://opswise.net/trail/3379""}"
2602,1716,131,updated,2025-05-07 15:11:06,"{""field"":""is_active"",""new_value"":""rotated""}"
2603,1190,318,updated,2025-09-04 16:46:01,"{""field"":""original_url"",""new_value"":""https://acme.dev/lagoon/3829""}"
2604,447,124,updated,2025-11-25 12:22:56,"{""field"":""is_active"",""new_value"":""archived""}"
2605,1171,314,updated,2026-01-03 00:39:43,"{""field"":""title"",""new_value"":""quieted""}"
2606,1647,287,updated,2025-05-27 20:59:00,"{""field"":""is_active"",""new_value"":""refined""}"
2607,1056,329,updated,2026-02-14 23:20:18,"{""field"":""title"",""new_value"":""patched""}"
2608,440,98,updated,2025-12-12 09:35:19,"{""field"":""original_url"",""new_value"":""https://opswise.net/pioneer/8137""}"
2609,1306,246,updated,2025-01-12 00:52:50,"{""field"":""is_active"",""new_value"":""quieted""}"
2610,424,3,updated,2025-02-17 15:59:38,"{""field"":""title"",""new_value"":""promoted""}"
2611,472,174,updated,2025-12-15 01:14:18,"{""field"":""title"",""new_value"":""patched""}"
2612,650,157,updated,2025-08-20 23:29:37,"{""field"":""original_url"",""new_value"":""https://example.com/trail/4491""}"
2613,1077,24,updated,2025-05-31 20:39:18,"{""field"":""is_active"",""new_value"":""rotated""}"
2614,630,262,updated,2026-02-18 07:30:08,"{""field"":""title"",""new_value"":""archived""}"
2615,340,206,updated,2026-02-03 22:24:29,"{""field"":""is_active"",""new_value"":""boosted""}"
2616,252,55,updated,2025-05-12 17:04:16,"{""field"":""is_active"",""new_value"":""refined""}"
2617,1500,381,updated,2025-09-06 10:14:54,"{""field"":""original_url"",""new_value"":""https://acme.dev/meadow/8298""}"
2618,146,176,updated,2025-05-08 08:41:29,"{""field"":""original_url"",""new_value"":""https://example.com/river/8755""}"
2619,1363,46,updated,2026-01-01 17:34:04,"{""field"":""original_url"",""new_value"":""https://example.com/window/7927""}"
2620,388,30,updated,2025-02-04 14:00:59,"{""field"":""title"",""new_value"":""boosted""}"
2621,783,255,updated,2025-01-03 12:44:40,"{""field"":""title"",""new_value"":""promoted""}"
2622,911,114,updated,2025-08-25 15:28:35,"{""field"":""original_url"",""new_value"":""https://opswise.net/uplink/2402""}"
2623,443,192,updated,2025-01-16 00:12:56,"{""field"":""original_url"",""new_value"":""https://hackstack.io/trail/287""}"
2624,1243,271,updated,2025-12-21 20:14:10,"{""field"":""is_active"",""new_value"":""quieted""}"
2625,815,298,updated,2025-04-24 07:48:18,"{""field"":""title"",""new_value"":""promoted""}"
2626,1994,361,updated,2026-01-13 02:22:43,"{""field"":""original_url"",""new_value"":""https://example.com/uplink/6214""}"
2627,71,69,updated,2025-07-19 15:27:38,"{""field"":""title"",""new_value"":""quieted""}"
2628,1017,361,updated,2025-02-20 07:16:16,"{""field"":""title"",""new_value"":""patched""}"
2629,1664,230,updated,2025-04-11 21:14:10,"{""field"":""title"",""new_value"":""boosted""}"
2630,1919,393,updated,2025-03-28 13:12:40,"{""field"":""title"",""new_value"":""promoted""}"
2631,1437,245,updated,2025-09-11 21:44:15,"{""field"":""original_url"",""new_value"":""https://opswise.net/garden/4025""}"
2632,415,337,updated,2025-04-01 15:14:08,"{""field"":""original_url"",""new_value"":""https://relay.cloud/garden/3902""}"
2633,88,99,updated,2025-06-11 19:22:56,"{""field"":""title"",""new_value"":""promoted""}"
2634,1923,257,updated,2025-09-17 05:01:03,"{""field"":""original_url"",""new_value"":""https://example.com/river/8566""}"
2635,1858,123,updated,2025-08-13 07:19:17,"{""field"":""is_active"",""new_value"":""refined""}"
2636,878,79,updated,2025-02-10 09:37:57,"{""field"":""title"",""new_value"":""boosted""}"
2637,474,94,updated,2025-01-26 00:30:38,"{""field"":""title"",""new_value"":""refined""}"
2638,234,9,updated,2025-07-07 22:48:59,"{""field"":""is_active"",""new_value"":""promoted""}"
2639,1913,25,updated,2026-02-16 03:50:51,"{""field"":""original_url"",""new_value"":""https://opswise.net/pioneer/3375""}"
2640,1791,270,updated,2026-01-01 08:19:44,"{""field"":""is_active"",""new_value"":""patched""}"
2641,1808,350,updated,2025-09-09 05:44:39,"{""field"":""title"",""new_value"":""promoted""}"
2642,1225,306,updated,2025-03-22 07:10:30,"{""field"":""is_active"",""new_value"":""rerouted""}"
2643,1466,156,updated,2025-10-12 11:35:53,"{""field"":""is_active"",""new_value"":""refined""}"
2644,1106,373,updated,2025-11-26 02:25:57,"{""field"":""original_url"",""new_value"":""https://seeded.app/meadow/7713""}"
2645,541,201,updated,2025-02-05 16:50:28,"{""field"":""is_active"",""new_value"":""archived""}"
2646,74,268,updated,2025-10-10 00:25:11,"{""field"":""is_active"",""new_value"":""refined""}"
2647,1015,5,updated,2025-08-05 21:29:36,"{""field"":""title"",""new_value"":""rotated""}"
2648,1354,118,updated,2025-04-19 21:49:00,"{""field"":""is_active"",""new_value"":""refined""}"
2649,1182,294,updated,2026-01-25 04:52:53,"{""field"":""is_active"",""new_value"":""quieted""}"
2650,1573,340,updated,2025-02-22 21:04:06,"{""field"":""title"",""new_value"":""quieted""}"
2651,1925,59,updated,2025-08-13 06:27:11,"{""field"":""original_url"",""new_value"":""https://acme.dev/harvest/7795""}"
2652,353,119,updated,2026-02-23 16:14:05,"{""field"":""is_active"",""new_value"":""rotated""}"
2653,944,174,updated,2025-06-03 23:49:49,"{""field"":""title"",""new_value"":""quieted""}"
2654,20,24,updated,2025-01-06 11:52:02,"{""field"":""is_active"",""new_value"":""promoted""}"
2655,125,76,updated,2025-11-21 14:56:01,"{""field"":""title"",""new_value"":""boosted""}"
2656,1117,371,updated,2025-03-15 01:32:48,"{""field"":""original_url"",""new_value"":""https://seeded.app/canyon/5497""}"
2657,670,315,updated,2025-06-13 10:10:35,"{""field"":""original_url"",""new_value"":""https://acme.dev/quartz/9256""}"
2658,1229,152,updated,2025-01-27 07:52:11,"{""field"":""is_active"",""new_value"":""refined""}"
2659,1503,54,updated,2025-05-20 23:47:15,"{""field"":""original_url"",""new_value"":""https://hackstack.io/trail/3587""}"
2660,1708,174,updated,2025-07-23 23:28:04,"{""field"":""is_active"",""new_value"":""patched""}"
2661,1439,186,updated,2026-01-29 11:27:25,"{""field"":""original_url"",""new_value"":""https://opswise.net/garden/1874""}"
2662,1309,312,updated,2025-01-26 13:49:23,"{""field"":""original_url"",""new_value"":""https://hackstack.io/signal/5988""}"
2663,1692,293,updated,2025-10-08 02:29:28,"{""field"":""is_active"",""new_value"":""refined""}"
2664,304,234,updated,2025-05-19 17:44:41,"{""field"":""title"",""new_value"":""quieted""}"
2665,1906,69,updated,2025-08-01 21:44:28,"{""field"":""original_url"",""new_value"":""https://example.com/yard/8371""}"
2666,606,140,updated,2026-01-09 08:47:26,"{""field"":""title"",""new_value"":""refined""}"
2667,1267,297,updated,2025-05-31 20:49:30,"{""field"":""original_url"",""new_value"":""https://relay.cloud/valley/4643""}"
2668,416,138,updated,2025-07-03 03:14:14,"{""field"":""is_active"",""new_value"":""boosted""}"
2669,156,290,updated,2025-05-23 09:45:25,"{""field"":""original_url"",""new_value"":""https://example.com/canyon/5688""}"
2670,128,10,updated,2025-05-09 16:18:11,"{""field"":""title"",""new_value"":""boosted""}"
2671,1627,202,updated,2025-10-13 16:01:45,"{""field"":""original_url"",""new_value"":""https://hackstack.io/harvest/2551""}"
2672,1992,136,updated,2025-12-18 22:11:05,"{""field"":""is_active"",""new_value"":""quieted""}"
2673,882,150,updated,2025-08-29 17:20:23,"{""field"":""original_url"",""new_value"":""https://opswise.net/quartz/1716""}"
2674,1685,388,updated,2025-10-15 14:34:33,"{""field"":""title"",""new_value"":""boosted""}"
2675,1291,361,updated,2025-02-10 02:53:23,"{""field"":""title"",""new_value"":""rotated""}"
2676,506,55,updated,2025-11-20 09:20:55,"{""field"":""original_url"",""new_value"":""https://relay.cloud/pioneer/5109""}"
2677,1003,327,updated,2025-01-07 11:48:34,"{""field"":""original_url"",""new_value"":""https://relay.cloud/zenith/9314""}"
2678,640,202,updated,2025-08-30 19:05:41,"{""field"":""original_url"",""new_value"":""https://seeded.app/signal/3971""}"
2679,529,30,updated,2025-09-06 19:44:44,"{""field"":""is_active"",""new_value"":""patched""}"
2680,1427,69,updated,2025-11-04 04:51:59,"{""field"":""title"",""new_value"":""patched""}"
2681,592,150,updated,2025-03-01 02:33:34,"{""field"":""is_active"",""new_value"":""rerouted""}"
2682,1461,346,updated,2025-09-18 03:00:44,"{""field"":""title"",""new_value"":""rerouted""}"
2683,1007,353,updated,2025-03-12 19:57:40,"{""field"":""original_url"",""new_value"":""https://relay.cloud/delta/5728""}"
2684,1849,234,updated,2025-05-25 08:30:36,"{""field"":""title"",""new_value"":""quieted""}"
2685,1718,102,updated,2025-12-13 05:37:22,"{""field"":""is_active"",""new_value"":""refined""}"
2686,893,385,updated,2025-10-07 15:29:30,"{""field"":""is_active"",""new_value"":""promoted""}"
2687,1105,263,updated,2025-11-12 11:57:23,"{""field"":""original_url"",""new_value"":""https://example.com/signal/442""}"
2688,1262,210,updated,2025-09-17 00:41:05,"{""field"":""original_url"",""new_value"":""https://relay.cloud/island/4948""}"
2689,1234,370,updated,2025-12-28 11:27:36,"{""field"":""original_url"",""new_value"":""https://hackstack.io/trail/8307""}"
2690,428,319,updated,2025-04-23 21:02:21,"{""field"":""original_url"",""new_value"":""https://opswise.net/engine/3901""}"
2691,1052,317,updated,2026-02-08 15:57:05,"{""field"":""is_active"",""new_value"":""boosted""}"
2692,1186,127,updated,2025-04-04 14:42:26,"{""field"":""original_url"",""new_value"":""https://hackstack.io/anchor/484""}"
2693,1265,363,updated,2025-04-10 00:33:25,"{""field"":""title"",""new_value"":""boosted""}"
2694,426,60,updated,2025-10-08 11:09:53,"{""field"":""title"",""new_value"":""boosted""}"
2695,601,187,updated,2025-11-20 14:03:28,"{""field"":""is_active"",""new_value"":""boosted""}"
2696,889,393,updated,2025-06-14 20:28:32,"{""field"":""is_active"",""new_value"":""boosted""}"
2697,1178,8,updated,2025-07-22 01:21:13,"{""field"":""title"",""new_value"":""promoted""}"
2698,1829,145,updated,2025-08-19 12:36:28,"{""field"":""original_url"",""new_value"":""https://hackstack.io/journey/9206""}"
2699,111,253,updated,2026-02-27 20:57:00,"{""field"":""title"",""new_value"":""rotated""}"
2700,981,122,updated,2025-01-28 01:33:36,"{""field"":""original_url"",""new_value"":""https://opswise.net/trail/8937""}"
2701,631,326,updated,2025-11-22 05:59:00,"{""field"":""is_active"",""new_value"":""boosted""}"
2702,473,250,updated,2025-08-09 06:57:42,"{""field"":""title"",""new_value"":""promoted""}"
2703,1203,104,updated,2026-01-09 07:17:00,"{""field"":""original_url"",""new_value"":""https://acme.dev/yard/6197""}"
2704,575,346,updated,2026-01-01 03:13:10,"{""field"":""original_url"",""new_value"":""https://relay.cloud/harvest/7164""}"
2705,1549,311,updated,2025-10-28 12:03:04,"{""field"":""is_active"",""new_value"":""rotated""}"
2706,725,271,updated,2025-09-09 08:38:31,"{""field"":""original_url"",""new_value"":""https://hackstack.io/yard/6760""}"
2707,515,17,updated,2025-03-29 07:36:16,"{""field"":""original_url"",""new_value"":""https://relay.cloud/beacon/6384""}"
2708,1671,74,updated,2025-06-26 13:29:46,"{""field"":""title"",""new_value"":""promoted""}"
2709,871,292,updated,2025-09-27 05:08:48,"{""field"":""is_active"",""new_value"":""promoted""}"
2710,1131,368,updated,2025-03-20 09:11:31,"{""field"":""title"",""new_value"":""rotated""}"
2711,1338,286,updated,2025-08-26 21:14:16,"{""field"":""title"",""new_value"":""rerouted""}"
2712,1300,244,updated,2025-09-06 07:09:53,"{""field"":""title"",""new_value"":""promoted""}"
2713,999,164,updated,2025-09-12 11:13:45,"{""field"":""original_url"",""new_value"":""https://relay.cloud/harvest/6241""}"
2714,420,75,updated,2025-08-15 04:06:28,"{""field"":""original_url"",""new_value"":""https://opswise.net/zenith/7222""}"
2715,1412,5,updated,2025-01-18 23:45:34,"{""field"":""title"",""new_value"":""promoted""}"
2716,1947,176,updated,2026-01-16 16:51:46,"{""field"":""original_url"",""new_value"":""https://example.com/island/3878""}"
2717,1599,360,updated,2025-01-28 14:03:35,"{""field"":""is_active"",""new_value"":""patched""}"
2718,1777,153,updated,2025-08-12 14:45:59,"{""field"":""original_url"",""new_value"":""https://hackstack.io/signal/8640""}"
2719,166,281,updated,2025-01-22 13:50:33,"{""field"":""original_url"",""new_value"":""https://seeded.app/quartz/7886""}"
2720,136,189,updated,2025-11-07 10:57:29,"{""field"":""title"",""new_value"":""quieted""}"
2721,200,362,updated,2025-08-22 07:38:37,"{""field"":""is_active"",""new_value"":""rotated""}"
2722,1728,358,updated,2025-07-07 15:55:17,"{""field"":""is_active"",""new_value"":""rotated""}"
2723,1096,362,updated,2025-05-06 05:15:20,"{""field"":""original_url"",""new_value"":""https://hackstack.io/river/4410""}"
2724,867,145,updated,2025-12-25 13:11:28,"{""field"":""original_url"",""new_value"":""https://seeded.app/valley/8203""}"
2725,1230,174,updated,2025-10-29 21:44:23,"{""field"":""is_active"",""new_value"":""promoted""}"
2726,1954,294,updated,2025-03-31 04:40:07,"{""field"":""is_active"",""new_value"":""promoted""}"
2727,1197,109,updated,2025-10-05 12:32:32,"{""field"":""title"",""new_value"":""patched""}"
2728,1059,20,updated,2025-01-31 14:29:33,"{""field"":""title"",""new_value"":""archived""}"
2729,1431,32,updated,2025-08-31 11:31:29,"{""field"":""title"",""new_value"":""refined""}"
2730,1382,21,updated,2025-08-12 11:41:34,"{""field"":""is_active"",""new_value"":""patched""}"
2731,1798,256,updated,2025-07-30 11:54:19,"{""field"":""is_active"",""new_value"":""patched""}"
2732,1353,385,updated,2025-11-12 21:33:00,"{""field"":""title"",""new_value"":""patched""}"
2733,130,98,updated,2025-12-11 21:18:35,"{""field"":""title"",""new_value"":""rotated""}"
2734,1469,180,updated,2026-01-28 15:40:47,"{""field"":""is_active"",""new_value"":""refined""}"
2735,1979,279,updated,2025-12-20 04:29:28,"{""field"":""original_url"",""new_value"":""https://example.com/canyon/361""}"
2736,735,159,updated,2025-04-19 21:00:55,"{""field"":""title"",""new_value"":""rotated""}"
2737,1118,360,updated,2025-07-25 08:03:44,"{""field"":""original_url"",""new_value"":""https://acme.dev/garden/5855""}"
2738,1945,332,updated,2025-10-05 01:17:45,"{""field"":""original_url"",""new_value"":""https://example.com/harvest/8858""}"
2739,586,145,updated,2025-07-08 19:31:39,"{""field"":""original_url"",""new_value"":""https://hackstack.io/kernel/6193""}"
2740,574,317,updated,2026-01-09 04:19:43,"{""field"":""original_url"",""new_value"":""https://hackstack.io/pioneer/7788""}"
2741,655,105,updated,2025-12-12 00:38:38,"{""field"":""is_active"",""new_value"":""quieted""}"
2742,344,299,updated,2025-02-20 14:08:31,"{""field"":""is_active"",""new_value"":""rotated""}"
2743,1219,310,updated,2025-01-15 10:30:05,"{""field"":""original_url"",""new_value"":""https://acme.dev/delta/3571""}"
2744,934,309,updated,2025-10-15 08:16:15,"{""field"":""title"",""new_value"":""refined""}"
2745,1856,342,updated,2025-01-26 22:57:43,"{""field"":""is_active"",""new_value"":""rotated""}"
2746,1869,221,updated,2025-08-18 00:50:40,"{""field"":""original_url"",""new_value"":""https://example.com/network/5274""}"
2747,763,155,updated,2025-12-29 08:58:40,"{""field"":""is_active"",""new_value"":""archived""}"
2748,1541,367,updated,2025-11-11 12:12:48,"{""field"":""is_active"",""new_value"":""boosted""}"
2749,247,84,updated,2025-10-14 05:20:17,"{""field"":""is_active"",""new_value"":""quieted""}"
2750,460,152,updated,2025-12-14 12:05:49,"{""field"":""title"",""new_value"":""archived""}"
2751,895,291,updated,2025-12-11 10:34:30,"{""field"":""title"",""new_value"":""rerouted""}"
2752,1202,5,updated,2025-01-03 12:25:10,"{""field"":""title"",""new_value"":""boosted""}"
2753,1365,8,updated,2026-02-12 03:41:56,"{""field"":""title"",""new_value"":""boosted""}"
2754,1022,203,updated,2025-10-18 16:38:02,"{""field"":""title"",""new_value"":""rerouted""}"
2755,1420,182,updated,2025-02-04 17:25:07,"{""field"":""title"",""new_value"":""quieted""}"
2756,450,324,updated,2026-02-21 04:16:35,"{""field"":""original_url"",""new_value"":""https://acme.dev/engine/1675""}"
2757,370,67,updated,2025-03-26 21:32:15,"{""field"":""original_url"",""new_value"":""https://example.com/journey/3803""}"
2758,1517,40,updated,2025-07-03 08:43:06,"{""field"":""is_active"",""new_value"":""patched""}"
2759,1944,127,updated,2025-11-23 05:11:05,"{""field"":""is_active"",""new_value"":""boosted""}"
2760,110,6,updated,2025-09-11 14:42:27,"{""field"":""is_active"",""new_value"":""quieted""}"
2761,182,38,updated,2026-01-09 06:47:02,"{""field"":""is_active"",""new_value"":""rotated""}"
2762,1185,156,updated,2025-10-04 17:13:00,"{""field"":""is_active"",""new_value"":""promoted""}"
2763,1610,170,updated,2025-01-29 00:06:00,"{""field"":""original_url"",""new_value"":""https://hackstack.io/orbit/2888""}"
2764,1226,277,updated,2026-02-11 05:07:06,"{""field"":""title"",""new_value"":""patched""}"
2765,1581,328,updated,2025-09-11 08:38:09,"{""field"":""original_url"",""new_value"":""https://relay.cloud/quartz/6042""}"
2766,1586,124,updated,2025-04-09 04:07:49,"{""field"":""original_url"",""new_value"":""https://acme.dev/signal/2086""}"
2767,1838,218,updated,2025-11-01 22:41:00,"{""field"":""title"",""new_value"":""rerouted""}"
2768,900,225,updated,2025-01-09 11:33:20,"{""field"":""original_url"",""new_value"":""https://opswise.net/meadow/6793""}"
2769,8,178,updated,2026-01-02 08:37:56,"{""field"":""original_url"",""new_value"":""https://hackstack.io/orbit/9316""}"
2770,741,36,updated,2025-02-15 04:08:11,"{""field"":""title"",""new_value"":""boosted""}"
2771,568,383,updated,2025-09-23 13:49:33,"{""field"":""is_active"",""new_value"":""archived""}"
2772,879,261,updated,2025-07-25 14:40:57,"{""field"":""original_url"",""new_value"":""https://hackstack.io/trail/4325""}"
2773,1903,244,updated,2025-01-24 20:12:35,"{""field"":""title"",""new_value"":""archived""}"
2774,1512,293,updated,2025-09-08 18:42:58,"{""field"":""original_url"",""new_value"":""https://example.com/beacon/4268""}"
2775,1714,250,updated,2025-05-04 23:05:22,"{""field"":""is_active"",""new_value"":""rotated""}"
2776,527,307,updated,2025-02-18 17:28:52,"{""field"":""is_active"",""new_value"":""boosted""}"
2777,1040,301,updated,2026-02-10 01:32:56,"{""field"":""original_url"",""new_value"":""https://seeded.app/orbit/1015""}"
2778,1329,18,updated,2025-03-08 12:14:24,"{""field"":""is_active"",""new_value"":""rotated""}"
2779,455,12,updated,2026-02-26 04:11:20,"{""field"":""title"",""new_value"":""boosted""}"
2780,1486,337,updated,2025-12-02 07:12:23,"{""field"":""original_url"",""new_value"":""https://relay.cloud/beacon/8821""}"
2781,1668,301,updated,2025-12-11 11:28:14,"{""field"":""original_url"",""new_value"":""https://example.com/meadow/4111""}"
2782,1252,299,updated,2025-08-23 07:36:28,"{""field"":""is_active"",""new_value"":""patched""}"
2783,1505,331,updated,2025-05-28 02:02:47,"{""field"":""is_active"",""new_value"":""rerouted""}"
2784,114,63,updated,2025-10-10 13:01:14,"{""field"":""is_active"",""new_value"":""archived""}"
2785,207,241,updated,2025-01-17 03:32:02,"{""field"":""title"",""new_value"":""boosted""}"
2786,1308,11,updated,2025-10-26 20:54:14,"{""field"":""is_active"",""new_value"":""archived""}"
2787,738,121,updated,2026-02-14 02:11:57,"{""field"":""title"",""new_value"":""archived""}"
2788,1211,191,updated,2025-11-16 14:00:45,"{""field"":""title"",""new_value"":""quieted""}"
2789,1824,74,updated,2025-03-14 13:08:54,"{""field"":""is_active"",""new_value"":""archived""}"
2790,79,186,updated,2025-09-11 13:49:44,"{""field"":""original_url"",""new_value"":""https://opswise.net/quartz/4943""}"
2791,1193,280,updated,2025-10-18 11:16:58,"{""field"":""original_url"",""new_value"":""https://seeded.app/garden/4631""}"
2792,1277,95,updated,2025-12-27 22:51:35,"{""field"":""is_active"",""new_value"":""archived""}"
2793,242,145,updated,2025-11-10 21:07:47,"{""field"":""is_active"",""new_value"":""promoted""}"
2794,1748,97,updated,2025-04-09 07:43:39,"{""field"":""is_active"",""new_value"":""archived""}"
2795,517,189,updated,2025-12-13 15:00:53,"{""field"":""is_active"",""new_value"":""promoted""}"
2796,1557,394,updated,2025-03-22 22:41:37,"{""field"":""title"",""new_value"":""refined""}"
2797,325,76,updated,2025-04-13 03:58:18,"{""field"":""title"",""new_value"":""refined""}"
2798,1441,278,updated,2025-09-08 06:06:50,"{""field"":""original_url"",""new_value"":""https://relay.cloud/engine/8122""}"
2799,1672,205,updated,2025-10-24 03:26:44,"{""field"":""is_active"",""new_value"":""rotated""}"
2800,1950,371,updated,2025-09-16 09:32:19,"{""field"":""title"",""new_value"":""archived""}"
2801,1562,142,updated,2025-05-14 15:52:02,"{""field"":""title"",""new_value"":""rerouted""}"
2802,1220,95,updated,2026-01-05 14:30:28,"{""field"":""is_active"",""new_value"":""rerouted""}"
2803,1081,14,updated,2025-05-14 15:59:45,"{""field"":""original_url"",""new_value"":""https://seeded.app/delta/2602""}"
2804,1693,226,updated,2025-12-18 12:58:58,"{""field"":""title"",""new_value"":""rerouted""}"
2805,528,322,updated,2025-06-12 01:44:15,"{""field"":""original_url"",""new_value"":""https://acme.dev/engine/9413""}"
2806,1628,279,updated,2025-10-04 00:33:58,"{""field"":""is_active"",""new_value"":""quieted""}"
2807,1170,302,updated,2025-12-25 16:51:54,"{""field"":""original_url"",""new_value"":""https://hackstack.io/uplink/2537""}"
2808,412,221,updated,2025-02-01 21:29:10,"{""field"":""original_url"",""new_value"":""https://relay.cloud/signal/4845""}"
2809,1246,155,updated,2025-05-20 12:46:41,"{""field"":""title"",""new_value"":""patched""}"
2810,582,321,updated,2025-03-12 10:39:25,"{""field"":""title"",""new_value"":""rerouted""}"
2811,1095,206,updated,2025-11-05 20:11:06,"{""field"":""title"",""new_value"":""rerouted""}"
2812,791,348,updated,2025-07-17 05:16:09,"{""field"":""original_url"",""new_value"":""https://seeded.app/valley/189""}"
2813,327,357,updated,2025-04-11 16:11:53,"{""field"":""original_url"",""new_value"":""https://hackstack.io/meadow/2543""}"
2814,342,265,updated,2025-06-29 11:37:19,"{""field"":""is_active"",""new_value"":""refined""}"
2815,72,255,updated,2025-12-23 13:56:57,"{""field"":""title"",""new_value"":""rotated""}"
2816,1057,56,updated,2026-02-05 06:00:54,"{""field"":""is_active"",""new_value"":""rotated""}"
2817,728,93,updated,2025-04-18 07:31:45,"{""field"":""original_url"",""new_value"":""https://example.com/island/8539""}"
2818,172,183,updated,2026-02-21 15:22:23,"{""field"":""title"",""new_value"":""patched""}"
2819,405,375,updated,2025-12-01 00:31:56,"{""field"":""original_url"",""new_value"":""https://relay.cloud/uplink/5409""}"
2820,31,203,updated,2025-12-17 00:42:52,"{""field"":""title"",""new_value"":""refined""}"
2821,1725,112,updated,2025-01-04 19:08:58,"{""field"":""original_url"",""new_value"":""https://hackstack.io/harvest/7062""}"
2822,1834,61,updated,2025-10-02 07:08:00,"{""field"":""is_active"",""new_value"":""rerouted""}"
2823,1009,311,updated,2025-04-14 11:56:46,"{""field"":""is_active"",""new_value"":""refined""}"
2824,471,162,updated,2025-09-03 08:52:22,"{""field"":""title"",""new_value"":""patched""}"
2825,838,230,updated,2025-02-16 18:53:01,"{""field"":""original_url"",""new_value"":""https://seeded.app/quartz/4031""}"
2826,1334,101,updated,2025-01-05 08:25:44,"{""field"":""original_url"",""new_value"":""https://relay.cloud/valley/9148""}"
2827,1455,362,updated,2025-08-25 13:19:38,"{""field"":""is_active"",""new_value"":""rotated""}"
2828,1588,203,updated,2026-01-17 21:10:43,"{""field"":""original_url"",""new_value"":""https://relay.cloud/uplink/9265""}"
2829,814,107,updated,2025-11-14 02:36:39,"{""field"":""title"",""new_value"":""promoted""}"
2830,680,196,updated,2026-02-21 21:35:16,"{""field"":""title"",""new_value"":""rotated""}"
2831,707,68,updated,2025-10-12 05:03:45,"{""field"":""is_active"",""new_value"":""patched""}"
2832,1986,161,updated,2025-10-23 08:54:29,"{""field"":""title"",""new_value"":""patched""}"
2833,705,214,updated,2025-01-01 22:48:43,"{""field"":""original_url"",""new_value"":""https://acme.dev/anchor/9290""}"
2834,1044,224,updated,2025-10-11 04:59:19,"{""field"":""original_url"",""new_value"":""https://example.com/window/4566""}"
2835,1669,359,updated,2025-10-26 08:06:02,"{""field"":""original_url"",""new_value"":""https://seeded.app/trail/424""}"
2836,223,315,updated,2025-05-08 22:06:12,"{""field"":""original_url"",""new_value"":""https://opswise.net/field/9970""}"
2837,1389,400,updated,2025-06-07 03:48:47,"{""field"":""title"",""new_value"":""rerouted""}"
2838,1711,36,updated,2025-05-26 00:57:05,"{""field"":""title"",""new_value"":""rotated""}"
2839,151,275,updated,2025-04-24 22:43:00,"{""field"":""title"",""new_value"":""boosted""}"
2840,1457,330,updated,2025-05-25 03:16:43,"{""field"":""is_active"",""new_value"":""refined""}"
2841,627,330,updated,2025-06-15 09:21:17,"{""field"":""original_url"",""new_value"":""https://example.com/canyon/2407""}"
2842,1350,150,updated,2025-10-24 10:23:57,"{""field"":""original_url"",""new_value"":""https://seeded.app/river/7251""}"
2843,1895,131,updated,2025-05-22 03:00:02,"{""field"":""original_url"",""new_value"":""https://acme.dev/trail/6276""}"
2844,197,6,updated,2025-07-21 19:48:17,"{""field"":""title"",""new_value"":""patched""}"
2845,1407,35,updated,2025-03-16 04:49:52,"{""field"":""original_url"",""new_value"":""https://example.com/field/4293""}"
2846,390,351,updated,2025-10-22 18:43:49,"{""field"":""original_url"",""new_value"":""https://opswise.net/lagoon/5591""}"
2847,835,257,updated,2025-04-22 02:26:26,"{""field"":""title"",""new_value"":""refined""}"
2848,1083,267,updated,2025-11-08 18:57:32,"{""field"":""is_active"",""new_value"":""rerouted""}"
2849,448,236,updated,2025-01-13 01:03:13,"{""field"":""original_url"",""new_value"":""https://seeded.app/yard/228""}"
2850,1891,336,updated,2025-09-12 23:46:41,"{""field"":""original_url"",""new_value"":""https://relay.cloud/harvest/9366""}"
2851,1566,171,updated,2025-05-14 14:50:56,"{""field"":""title"",""new_value"":""quieted""}"
2852,1879,134,updated,2026-02-04 09:08:01,"{""field"":""is_active"",""new_value"":""promoted""}"
2853,1417,250,updated,2025-03-23 10:27:27,"{""field"":""is_active"",""new_value"":""quieted""}"
2854,579,39,updated,2025-04-24 18:41:14,"{""field"":""is_active"",""new_value"":""patched""}"
2855,307,35,updated,2025-07-14 17:02:40,"{""field"":""title"",""new_value"":""rotated""}"
2856,1406,327,updated,2025-09-29 21:02:19,"{""field"":""is_active"",""new_value"":""rerouted""}"
2857,731,164,updated,2025-08-05 06:45:33,"{""field"":""title"",""new_value"":""quieted""}"
2858,1061,262,updated,2025-05-11 12:33:03,"{""field"":""is_active"",""new_value"":""refined""}"
2859,1169,200,updated,2025-12-10 14:28:37,"{""field"":""title"",""new_value"":""promoted""}"
2860,1328,387,updated,2025-07-27 10:00:31,"{""field"":""title"",""new_value"":""patched""}"
2861,1818,101,updated,2025-03-22 09:32:40,"{""field"":""title"",""new_value"":""refined""}"
2862,807,230,updated,2025-03-10 00:35:54,"{""field"":""is_active"",""new_value"":""boosted""}"
2863,1780,32,updated,2025-11-08 04:07:13,"{""field"":""original_url"",""new_value"":""https://relay.cloud/meadow/1137""}"
2864,29,33,updated,2025-10-19 21:15:29,"{""field"":""is_active"",""new_value"":""rerouted""}"
2865,1345,103,updated,2025-10-16 23:26:57,"{""field"":""is_active"",""new_value"":""refined""}"
2866,468,142,updated,2025-01-13 20:45:48,"{""field"":""is_active"",""new_value"":""rotated""}"
2867,1636,96,updated,2025-10-31 19:07:50,"{""field"":""title"",""new_value"":""refined""}"
2868,1244,380,updated,2025-02-13 09:19:07,"{""field"":""is_active"",""new_value"":""quieted""}"
2869,1481,147,updated,2025-10-25 14:02:41,"{""field"":""is_active"",""new_value"":""quieted""}"
2870,648,142,updated,2025-03-18 13:33:39,"{""field"":""title"",""new_value"":""quieted""}"
2871,1463,15,updated,2025-11-13 19:11:43,"{""field"":""title"",""new_value"":""promoted""}"
2872,1967,151,updated,2026-02-26 02:26:27,"{""field"":""original_url"",""new_value"":""https://opswise.net/meadow/3516""}"
2873,193,366,updated,2025-11-25 09:16:18,"{""field"":""original_url"",""new_value"":""https://relay.cloud/delta/4775""}"
2874,625,185,updated,2025-04-30 00:02:19,"{""field"":""title"",""new_value"":""refined""}"
2875,1759,110,updated,2025-10-13 06:16:53,"{""field"":""is_active"",""new_value"":""archived""}"
2876,1917,352,updated,2025-04-15 15:36:10,"{""field"":""title"",""new_value"":""boosted""}"
2877,968,234,updated,2025-06-17 15:48:35,"{""field"":""title"",""new_value"":""rotated""}"
2878,1634,125,updated,2025-06-05 21:35:01,"{""field"":""original_url"",""new_value"":""https://example.com/trail/9755""}"
2879,333,264,updated,2026-01-01 17:29:52,"{""field"":""is_active"",""new_value"":""quieted""}"
2880,1633,108,updated,2025-08-21 10:34:49,"{""field"":""title"",""new_value"":""rotated""}"
2881,1699,134,updated,2025-07-12 19:25:45,"{""field"":""original_url"",""new_value"":""https://opswise.net/canyon/9183""}"
2882,1982,121,updated,2025-09-02 12:19:05,"{""field"":""title"",""new_value"":""rotated""}"
2883,661,136,updated,2025-07-26 10:40:26,"{""field"":""title"",""new_value"":""quieted""}"
2884,1136,329,updated,2025-01-12 04:39:24,"{""field"":""original_url"",""new_value"":""https://opswise.net/window/7555""}"
2885,1480,340,updated,2025-03-10 01:44:11,"{""field"":""original_url"",""new_value"":""https://opswise.net/island/5972""}"
2886,1926,1,updated,2025-01-17 17:03:38,"{""field"":""original_url"",""new_value"":""https://example.com/valley/2389""}"
2887,1779,72,updated,2025-02-15 09:02:17,"{""field"":""is_active"",""new_value"":""rotated""}"
2888,1933,217,updated,2026-02-27 17:14:09,"{""field"":""original_url"",""new_value"":""https://opswise.net/valley/1299""}"
2889,744,234,updated,2025-09-21 13:45:19,"{""field"":""title"",""new_value"":""rotated""}"
2890,180,327,updated,2026-01-01 10:41:07,"{""field"":""title"",""new_value"":""refined""}"
2891,343,49,updated,2025-07-15 02:18:11,"{""field"":""original_url"",""new_value"":""https://hackstack.io/quartz/1519""}"
2892,1222,194,updated,2025-10-29 23:38:52,"{""field"":""original_url"",""new_value"":""https://opswise.net/valley/4549""}"
2893,1289,323,updated,2025-12-25 22:22:46,"{""field"":""is_active"",""new_value"":""promoted""}"
2894,419,233,updated,2025-12-21 21:33:52,"{""field"":""title"",""new_value"":""promoted""}"
2895,1778,370,updated,2025-11-30 13:58:15,"{""field"":""original_url"",""new_value"":""https://seeded.app/canyon/9089""}"
2896,255,371,updated,2025-05-23 01:45:32,"{""field"":""original_url"",""new_value"":""https://relay.cloud/signal/1073""}"
2897,698,333,updated,2025-11-26 22:52:29,"{""field"":""is_active"",""new_value"":""patched""}"
2898,719,220,updated,2025-02-16 22:48:55,"{""field"":""original_url"",""new_value"":""https://relay.cloud/valley/3599""}"
2899,1644,78,updated,2025-01-07 02:29:05,"{""field"":""original_url"",""new_value"":""https://example.com/river/1595""}"
2900,1611,194,updated,2025-11-01 22:21:13,"{""field"":""title"",""new_value"":""archived""}"
2901,697,288,updated,2025-10-13 12:11:15,"{""field"":""is_active"",""new_value"":""patched""}"
2902,930,365,updated,2025-02-18 23:14:51,"{""field"":""is_active"",""new_value"":""rotated""}"
2903,955,235,updated,2025-04-30 01:46:14,"{""field"":""original_url"",""new_value"":""https://example.com/lagoon/5855""}"
2904,97,94,updated,2025-12-18 08:48:41,"{""field"":""is_active"",""new_value"":""quieted""}"
2905,639,102,updated,2025-05-05 10:39:27,"{""field"":""original_url"",""new_value"":""https://hackstack.io/quartz/6943""}"
2906,1281,125,updated,2025-08-01 09:19:21,"{""field"":""title"",""new_value"":""rerouted""}"
2907,854,133,updated,2025-05-08 12:09:26,"{""field"":""title"",""new_value"":""archived""}"
2908,667,370,updated,2026-02-09 03:53:57,"{""field"":""is_active"",""new_value"":""rotated""}"
2909,214,288,updated,2025-01-06 01:52:51,"{""field"":""title"",""new_value"":""boosted""}"
2910,2000,212,updated,2025-02-11 16:54:36,"{""field"":""title"",""new_value"":""refined""}"
2911,54,249,updated,2026-02-13 22:18:22,"{""field"":""original_url"",""new_value"":""https://opswise.net/quartz/3081""}"
2912,553,97,updated,2026-02-15 03:22:12,"{""field"":""original_url"",""new_value"":""https://acme.dev/journey/2539""}"
2913,34,192,updated,2025-06-07 07:05:02,"{""field"":""title"",""new_value"":""refined""}"
2914,1255,85,updated,2025-10-26 09:59:29,"{""field"":""title"",""new_value"":""rerouted""}"
2915,352,248,updated,2025-04-09 11:55:08,"{""field"":""is_active"",""new_value"":""refined""}"
2916,1997,247,updated,2025-05-25 22:21:39,"{""field"":""is_active"",""new_value"":""promoted""}"
2917,1191,326,updated,2025-10-24 20:44:50,"{""field"":""is_active"",""new_value"":""boosted""}"
2918,152,363,updated,2026-02-10 20:10:24,"{""field"":""title"",""new_value"":""rotated""}"
2919,478,178,updated,2025-03-23 04:19:37,"{""field"":""original_url"",""new_value"":""https://hackstack.io/delta/388""}"
2920,709,202,updated,2025-01-08 00:32:54,"{""field"":""title"",""new_value"":""quieted""}"
2921,1010,134,updated,2025-08-18 07:30:07,"{""field"":""original_url"",""new_value"":""https://opswise.net/zenith/7909""}"
2922,1888,88,updated,2025-02-21 13:40:07,"{""field"":""title"",""new_value"":""rerouted""}"
2923,452,185,updated,2025-12-09 12:01:34,"{""field"":""is_active"",""new_value"":""refined""}"
2924,1543,332,updated,2025-06-24 13:54:24,"{""field"":""is_active"",""new_value"":""refined""}"
2925,1681,69,updated,2026-01-08 17:45:53,"{""field"":""original_url"",""new_value"":""https://acme.dev/quartz/38""}"
2926,215,207,updated,2025-06-20 22:18:35,"{""field"":""title"",""new_value"":""refined""}"
2927,1045,299,updated,2025-04-08 17:42:58,"{""field"":""original_url"",""new_value"":""https://hackstack.io/island/222""}"
2928,155,260,updated,2025-06-07 17:42:02,"{""field"":""is_active"",""new_value"":""rotated""}"
2929,1067,41,updated,2026-01-14 01:20:34,"{""field"":""original_url"",""new_value"":""https://acme.dev/delta/3870""}"
2930,1744,393,updated,2026-02-25 20:14:24,"{""field"":""title"",""new_value"":""archived""}"
2931,886,22,updated,2025-11-13 16:02:09,"{""field"":""original_url"",""new_value"":""https://opswise.net/delta/9814""}"
2932,1840,66,updated,2025-09-11 03:53:25,"{""field"":""is_active"",""new_value"":""rerouted""}"
2933,619,199,updated,2025-10-05 01:53:23,"{""field"":""title"",""new_value"":""boosted""}"
2934,1630,241,updated,2025-06-21 12:18:38,"{""field"":""original_url"",""new_value"":""https://hackstack.io/signal/1652""}"
2935,303,351,updated,2025-02-22 04:10:37,"{""field"":""is_active"",""new_value"":""rotated""}"
2936,357,55,updated,2026-01-21 04:27:29,"{""field"":""original_url"",""new_value"":""https://seeded.app/river/9636""}"
2937,1807,61,updated,2025-02-28 01:15:33,"{""field"":""title"",""new_value"":""promoted""}"
2938,1151,15,updated,2025-11-04 03:11:35,"{""field"":""is_active"",""new_value"":""patched""}"
2939,1184,174,updated,2025-11-05 23:00:21,"{""field"":""is_active"",""new_value"":""refined""}"
2940,737,265,updated,2025-11-24 13:39:35,"{""field"":""title"",""new_value"":""patched""}"
2941,856,341,updated,2025-10-21 13:26:46,"{""field"":""title"",""new_value"":""archived""}"
2942,1137,346,updated,2026-01-14 05:59:47,"{""field"":""original_url"",""new_value"":""https://seeded.app/kernel/3200""}"
2943,383,271,updated,2025-06-29 15:17:21,"{""field"":""title"",""new_value"":""boosted""}"
2944,413,27,updated,2025-10-10 21:07:07,"{""field"":""is_active"",""new_value"":""rerouted""}"
2945,1686,201,updated,2025-07-16 13:34:55,"{""field"":""title"",""new_value"":""rotated""}"
2946,1931,52,updated,2026-02-25 08:55:12,"{""field"":""is_active"",""new_value"":""patched""}"
2947,1511,104,updated,2025-05-25 20:53:31,"{""field"":""is_active"",""new_value"":""rerouted""}"
2948,371,389,updated,2025-04-05 03:33:50,"{""field"":""title"",""new_value"":""archived""}"
2949,445,65,updated,2025-01-03 07:32:50,"{""field"":""original_url"",""new_value"":""https://opswise.net/orbit/1729""}"
2950,210,181,updated,2026-02-09 00:00:10,"{""field"":""original_url"",""new_value"":""https://example.com/garden/5904""}"
2951,1085,320,updated,2025-07-02 12:03:41,"{""field"":""title"",""new_value"":""archived""}"
2952,576,77,updated,2025-12-03 12:01:52,"{""field"":""title"",""new_value"":""quieted""}"
2953,469,190,updated,2025-04-15 06:09:15,"{""field"":""title"",""new_value"":""quieted""}"
2954,971,293,updated,2025-12-09 09:54:38,"{""field"":""title"",""new_value"":""archived""}"
2955,1617,17,updated,2025-03-13 04:52:08,"{""field"":""is_active"",""new_value"":""quieted""}"
2956,993,355,updated,2025-11-05 06:23:19,"{""field"":""original_url"",""new_value"":""https://example.com/zenith/6278""}"
2957,1260,167,updated,2025-07-03 17:11:58,"{""field"":""title"",""new_value"":""quieted""}"
2958,1848,309,updated,2025-03-19 16:12:06,"{""field"":""is_active"",""new_value"":""refined""}"
2959,385,198,updated,2025-02-14 18:24:17,"{""field"":""original_url"",""new_value"":""https://opswise.net/valley/7549""}"
2960,1318,328,updated,2026-02-04 22:04:33,"{""field"":""title"",""new_value"":""promoted""}"
2961,865,40,updated,2025-09-03 19:25:44,"{""field"":""title"",""new_value"":""boosted""}"
2962,463,7,updated,2025-10-14 01:18:50,"{""field"":""original_url"",""new_value"":""https://seeded.app/beacon/8305""}"
2963,248,370,updated,2025-06-15 22:16:05,"{""field"":""title"",""new_value"":""refined""}"
2964,267,160,updated,2025-12-08 17:47:25,"{""field"":""title"",""new_value"":""archived""}"
2965,792,279,updated,2025-01-25 19:19:49,"{""field"":""original_url"",""new_value"":""https://relay.cloud/valley/2967""}"
2966,217,34,updated,2025-08-31 09:08:13,"{""field"":""title"",""new_value"":""patched""}"
2967,431,226,updated,2025-01-14 14:50:54,"{""field"":""original_url"",""new_value"":""https://acme.dev/harvest/9592""}"
2968,1302,39,updated,2025-06-24 13:13:43,"{""field"":""original_url"",""new_value"":""https://relay.cloud/orbit/9233""}"
2969,828,86,updated,2025-06-01 04:52:45,"{""field"":""original_url"",""new_value"":""https://seeded.app/window/7999""}"
2970,417,121,updated,2025-04-27 20:33:07,"{""field"":""is_active"",""new_value"":""archived""}"
2971,266,198,updated,2025-11-17 06:02:40,"{""field"":""original_url"",""new_value"":""https://hackstack.io/beacon/8680""}"
2972,1689,46,updated,2025-12-15 04:22:49,"{""field"":""is_active"",""new_value"":""boosted""}"
2973,1902,7,updated,2025-03-06 00:20:52,"{""field"":""original_url"",""new_value"":""https://seeded.app/field/2097""}"
2974,935,16,updated,2025-11-29 00:24:25,"{""field"":""is_active"",""new_value"":""promoted""}"
2975,225,259,updated,2025-07-03 10:36:37,"{""field"":""is_active"",""new_value"":""rerouted""}"
2976,949,277,updated,2025-09-29 22:24:23,"{""field"":""original_url"",""new_value"":""https://relay.cloud/lagoon/7076""}"
2977,1416,320,updated,2025-11-29 09:23:27,"{""field"":""is_active"",""new_value"":""boosted""}"
2978,1877,348,updated,2025-08-06 16:50:59,"{""field"":""is_active"",""new_value"":""rerouted""}"
2979,972,88,updated,2025-12-29 03:36:21,"{""field"":""is_active"",""new_value"":""boosted""}"
2980,226,222,updated,2025-04-17 18:13:13,"{""field"":""original_url"",""new_value"":""https://example.com/quartz/8216""}"
2981,45,235,updated,2025-02-10 10:07:35,"{""field"":""title"",""new_value"":""rotated""}"
2982,1092,77,updated,2025-05-27 20:43:46,"{""field"":""is_active"",""new_value"":""boosted""}"
2983,588,352,updated,2025-09-12 18:01:08,"{""field"":""is_active"",""new_value"":""quieted""}"
2984,1823,317,updated,2026-02-01 18:11:31,"{""field"":""title"",""new_value"":""rotated""}"
2985,712,95,updated,2025-11-14 05:30:23,"{""field"":""is_active"",""new_value"":""quieted""}"
2986,1284,387,updated,2026-01-27 08:39:25,"{""field"":""is_active"",""new_value"":""quieted""}"
2987,1892,354,updated,2025-05-19 05:47:50,"{""field"":""title"",""new_value"":""rotated""}"
2988,112,366,updated,2025-02-15 15:45:19,"{""field"":""is_active"",""new_value"":""refined""}"
2989,1690,270,updated,2025-03-31 21:19:11,"{""field"":""title"",""new_value"":""boosted""}"
2990,339,55,updated,2025-08-01 06:20:51,"{""field"":""original_url"",""new_value"":""https://example.com/field/5173""}"
2991,833,389,updated,2025-06-18 20:05:13,"{""field"":""is_active"",""new_value"":""promoted""}"
2992,1238,198,updated,2025-07-25 19:36:33,"{""field"":""title"",""new_value"":""promoted""}"
2993,607,69,updated,2025-10-09 21:24:52,"{""field"":""original_url"",""new_value"":""https://relay.cloud/zenith/9781""}"
2994,392,243,updated,2025-02-25 10:00:34,"{""field"":""title"",""new_value"":""patched""}"
2995,637,162,updated,2025-03-30 16:10:13,"{""field"":""is_active"",""new_value"":""patched""}"
2996,901,7,updated,2025-10-22 21:09:15,"{""field"":""original_url"",""new_value"":""https://acme.dev/network/5863""}"
2997,1446,364,updated,2025-02-23 11:55:23,"{""field"":""is_active"",""new_value"":""archived""}"
2998,987,29,updated,2025-12-18 19:07:36,"{""field"":""original_url"",""new_value"":""https://hackstack.io/harvest/1062""}"
2999,1990,245,updated,2025-08-19 00:10:37,"{""field"":""original_url"",""new_value"":""https://opswise.net/river/8731""}"
3000,316,266,updated,2025-09-04 23:42:24,"{""field"":""original_url"",""new_value"":""https://seeded.app/engine/7915""}"
3001,1750,176,updated,2025-02-28 05:25:42,"{""field"":""is_active"",""new_value"":""promoted""}"
3002,1907,363,updated,2025-04-17 18:43:59,"{""field"":""is_active"",""new_value"":""boosted""}"
3003,86,125,updated,2025-05-15 14:24:48,"{""field"":""title"",""new_value"":""boosted""}"
3004,800,234,updated,2025-12-13 15:53:38,"{""field"":""original_url"",""new_value"":""https://acme.dev/kernel/7316""}"
3005,513,60,updated,2025-03-19 16:09:45,"{""field"":""is_active"",""new_value"":""refined""}"
3006,638,21,updated,2025-10-05 11:31:23,"{""field"":""original_url"",""new_value"":""https://relay.cloud/signal/1123""}"
3007,904,374,updated,2025-05-26 11:41:20,"{""field"":""original_url"",""new_value"":""https://opswise.net/window/4907""}"
3008,534,359,updated,2025-05-22 20:23:15,"{""field"":""is_active"",""new_value"":""patched""}"
3009,1249,186,updated,2026-02-07 14:56:59,"{""field"":""title"",""new_value"":""patched""}"
3010,1983,9,updated,2026-02-09 09:57:15,"{""field"":""original_url"",""new_value"":""https://example.com/delta/691""}"
3011,1270,29,updated,2025-12-22 10:35:55,"{""field"":""is_active"",""new_value"":""boosted""}"
3012,908,134,updated,2026-02-27 23:02:42,"{""field"":""title"",""new_value"":""promoted""}"
3013,109,114,updated,2025-08-13 05:02:32,"{""field"":""is_active"",""new_value"":""rerouted""}"
3014,1753,246,updated,2025-08-16 02:51:25,"{""field"":""original_url"",""new_value"":""https://example.com/yard/3239""}"
3015,535,371,updated,2025-03-30 02:00:18,"{""field"":""is_active"",""new_value"":""rotated""}"
3016,798,88,updated,2025-11-29 21:06:03,"{""field"":""is_active"",""new_value"":""patched""}"
3017,919,379,updated,2025-09-15 13:32:16,"{""field"":""title"",""new_value"":""quieted""}"
3018,1739,174,updated,2025-10-29 14:26:05,"{""field"":""title"",""new_value"":""boosted""}"
3019,514,302,updated,2025-05-30 01:20:44,"{""field"":""is_active"",""new_value"":""quieted""}"
3020,1958,304,updated,2025-07-02 15:54:30,"{""field"":""title"",""new_value"":""patched""}"
3021,1376,5,updated,2025-06-01 07:06:14,"{""field"":""is_active"",""new_value"":""boosted""}"
3022,1424,3,updated,2025-11-28 16:13:07,"{""field"":""is_active"",""new_value"":""boosted""}"
3023,845,53,updated,2025-05-20 11:16:45,"{""field"":""original_url"",""new_value"":""https://hackstack.io/garden/2157""}"
3024,1162,113,updated,2025-07-26 17:40:24,"{""field"":""title"",""new_value"":""rerouted""}"
3025,1493,250,updated,2025-01-05 02:12:22,"{""field"":""original_url"",""new_value"":""https://example.com/uplink/2735""}"
3026,1655,151,updated,2025-07-07 02:31:46,"{""field"":""original_url"",""new_value"":""https://example.com/trail/4082""}"
3027,1677,315,updated,2025-03-11 23:04:56,"{""field"":""original_url"",""new_value"":""https://seeded.app/beacon/9383""}"
3028,877,344,updated,2025-01-08 22:18:54,"{""field"":""original_url"",""new_value"":""https://seeded.app/field/3615""}"
3029,401,66,updated,2025-03-25 07:43:05,"{""field"":""is_active"",""new_value"":""promoted""}"
3030,163,69,updated,2025-03-28 08:20:23,"{""field"":""title"",""new_value"":""patched""}"
3031,330,24,updated,2026-01-29 19:03:04,"{""field"":""original_url"",""new_value"":""https://seeded.app/pioneer/2473""}"
3032,1985,70,updated,2025-09-11 13:36:26,"{""field"":""is_active"",""new_value"":""refined""}"
3033,24,334,updated,2025-03-09 12:36:54,"{""field"":""original_url"",""new_value"":""https://example.com/window/7059""}"
3034,381,252,updated,2025-11-19 14:18:45,"{""field"":""title"",""new_value"":""boosted""}"
3035,977,263,updated,2025-11-10 23:39:14,"{""field"":""original_url"",""new_value"":""https://opswise.net/anchor/5081""}"
3036,1563,171,updated,2025-06-18 09:06:54,"{""field"":""original_url"",""new_value"":""https://hackstack.io/yard/2101""}"
3037,674,357,updated,2025-08-12 05:32:58,"{""field"":""original_url"",""new_value"":""https://relay.cloud/zenith/8139""}"
3038,1301,350,updated,2025-01-20 07:30:08,"{""field"":""original_url"",""new_value"":""https://relay.cloud/garden/6437""}"
3039,1069,54,updated,2026-01-14 11:37:38,"{""field"":""is_active"",""new_value"":""boosted""}"
3040,393,154,updated,2025-03-01 06:33:52,"{""field"":""title"",""new_value"":""quieted""}"
3041,36,352,updated,2025-04-22 13:47:53,"{""field"":""original_url"",""new_value"":""https://example.com/yard/958""}"
3042,1391,389,updated,2025-03-27 00:34:43,"{""field"":""is_active"",""new_value"":""boosted""}"
3043,1138,113,updated,2025-03-31 05:17:19,"{""field"":""is_active"",""new_value"":""archived""}"
3044,1468,267,updated,2025-07-06 03:02:34,"{""field"":""title"",""new_value"":""refined""}"
3045,1112,172,updated,2025-09-30 03:31:34,"{""field"":""original_url"",""new_value"":""https://seeded.app/engine/2458""}"
3046,668,293,updated,2025-08-06 12:53:00,"{""field"":""title"",""new_value"":""promoted""}"
3047,1021,344,updated,2025-10-15 13:20:39,"{""field"":""title"",""new_value"":""promoted""}"
3048,827,272,updated,2025-03-06 11:42:25,"{""field"":""is_active"",""new_value"":""archived""}"
3049,1911,238,updated,2025-05-21 22:41:46,"{""field"":""is_active"",""new_value"":""refined""}"
3050,1722,255,updated,2025-03-08 12:28:24,"{""field"":""is_active"",""new_value"":""rerouted""}"
3051,32,269,updated,2025-12-15 07:09:37,"{""field"":""title"",""new_value"":""patched""}"
3052,1854,210,updated,2025-02-08 21:13:57,"{""field"":""is_active"",""new_value"":""refined""}"
3053,1705,59,updated,2025-04-05 23:39:28,"{""field"":""is_active"",""new_value"":""rerouted""}"
3054,1676,238,updated,2025-07-21 16:06:48,"{""field"":""is_active"",""new_value"":""rerouted""}"
3055,1602,350,updated,2025-04-01 18:52:26,"{""field"":""original_url"",""new_value"":""https://acme.dev/delta/8522""}"
3056,1348,212,updated,2025-09-25 16:42:53,"{""field"":""original_url"",""new_value"":""https://opswise.net/signal/9859""}"
3057,996,107,updated,2025-09-27 16:59:45,"{""field"":""title"",""new_value"":""rotated""}"
3058,956,272,updated,2025-06-27 09:55:21,"{""field"":""title"",""new_value"":""quieted""}"
3059,1583,18,updated,2025-05-27 15:41:40,"{""field"":""is_active"",""new_value"":""boosted""}"
3060,319,16,updated,2025-11-06 09:36:25,"{""field"":""is_active"",""new_value"":""patched""}"
3061,1524,290,updated,2025-01-27 00:45:22,"{""field"":""original_url"",""new_value"":""https://acme.dev/engine/7561""}"
3062,437,318,updated,2025-12-09 13:45:15,"{""field"":""original_url"",""new_value"":""https://relay.cloud/island/8417""}"
3063,1013,65,updated,2025-06-08 21:55:24,"{""field"":""is_active"",""new_value"":""promoted""}"
3064,394,149,updated,2025-07-09 13:23:22,"{""field"":""is_active"",""new_value"":""rotated""}"
3065,1370,284,updated,2025-02-12 18:27:09,"{""field"":""is_active"",""new_value"":""patched""}"
3066,1239,71,updated,2025-01-30 08:05:08,"{""field"":""is_active"",""new_value"":""rerouted""}"
3067,199,135,updated,2026-01-28 08:29:08,"{""field"":""is_active"",""new_value"":""refined""}"
3068,402,47,updated,2025-05-04 11:08:15,"{""field"":""original_url"",""new_value"":""https://acme.dev/canyon/7652""}"
3069,484,242,updated,2025-12-11 17:10:56,"{""field"":""is_active"",""new_value"":""patched""}"
3070,1738,375,updated,2025-05-27 22:17:40,"{""field"":""title"",""new_value"":""rerouted""}"
3071,714,54,updated,2026-02-01 22:33:55,"{""field"":""original_url"",""new_value"":""https://hackstack.io/field/6391""}"
3072,418,367,updated,2025-06-27 05:11:43,"{""field"":""is_active"",""new_value"":""refined""}"
3073,1532,130,updated,2025-01-09 05:35:38,"{""field"":""is_active"",""new_value"":""patched""}"
3074,1608,327,updated,2025-08-27 18:11:25,"{""field"":""title"",""new_value"":""archived""}"
3075,1828,56,updated,2025-03-08 07:10:51,"{""field"":""original_url"",""new_value"":""https://seeded.app/kernel/9951""}"
3076,1719,91,updated,2025-03-11 07:33:19,"{""field"":""title"",""new_value"":""patched""}"
3077,1357,85,updated,2025-01-25 05:38:39,"{""field"":""original_url"",""new_value"":""https://seeded.app/zenith/9103""}"
3078,1709,253,updated,2026-02-25 20:26:36,"{""field"":""is_active"",""new_value"":""boosted""}"
3079,141,114,updated,2025-11-03 14:24:10,"{""field"":""title"",""new_value"":""promoted""}"
3080,717,6,updated,2026-02-24 12:29:19,"{""field"":""original_url"",""new_value"":""https://acme.dev/pioneer/4128""}"
3081,348,376,updated,2025-09-09 18:05:26,"{""field"":""is_active"",""new_value"":""rotated""}"
3082,53,251,updated,2025-06-28 20:24:10,"{""field"":""is_active"",""new_value"":""archived""}"
3083,1570,207,updated,2025-10-10 03:04:14,"{""field"":""title"",""new_value"":""rerouted""}"
3084,256,56,updated,2025-02-20 03:59:24,"{""field"":""title"",""new_value"":""refined""}"
3085,683,302,updated,2026-02-27 03:12:55,"{""field"":""title"",""new_value"":""promoted""}"
3086,1866,218,updated,2025-08-12 06:07:06,"{""field"":""original_url"",""new_value"":""https://example.com/anchor/9958""}"
3087,1863,107,updated,2025-08-11 02:27:11,"{""field"":""is_active"",""new_value"":""patched""}"
3088,864,347,updated,2025-06-14 04:29:30,"{""field"":""original_url"",""new_value"":""https://relay.cloud/quartz/9387""}"
3089,669,164,updated,2025-10-29 00:20:21,"{""field"":""title"",""new_value"":""quieted""}"
3090,1313,335,updated,2025-12-06 11:10:49,"{""field"":""is_active"",""new_value"":""promoted""}"
3091,438,333,updated,2025-11-01 04:00:03,"{""field"":""title"",""new_value"":""refined""}"
3092,96,93,updated,2025-03-22 13:52:26,"{""field"":""is_active"",""new_value"":""quieted""}"
3093,1390,325,updated,2025-02-16 08:00:30,"{""field"":""title"",""new_value"":""rerouted""}"
3094,1070,136,updated,2025-11-03 08:52:42,"{""field"":""title"",""new_value"":""patched""}"
3095,556,314,updated,2025-07-14 17:45:18,"{""field"":""is_active"",""new_value"":""rotated""}"
3096,870,21,updated,2026-02-16 21:21:28,"{""field"":""original_url"",""new_value"":""https://example.com/delta/3194""}"
3097,1245,207,updated,2025-11-18 10:23:47,"{""field"":""is_active"",""new_value"":""patched""}"
3098,1166,134,updated,2025-12-13 05:23:08,"{""field"":""title"",""new_value"":""promoted""}"
3099,500,232,updated,2026-01-28 01:54:19,"{""field"":""original_url"",""new_value"":""https://acme.dev/yard/5719""}"
3100,585,154,updated,2025-07-30 04:56:53,"{""field"":""original_url"",""new_value"":""https://relay.cloud/garden/8938""}"
3101,12,239,updated,2026-01-06 18:04:43,"{""field"":""original_url"",""new_value"":""https://relay.cloud/signal/6079""}"
3102,808,128,updated,2025-09-22 02:07:33,"{""field"":""is_active"",""new_value"":""boosted""}"
3103,1082,26,updated,2025-07-24 13:57:03,"{""field"":""title"",""new_value"":""quieted""}"
3104,1425,365,updated,2025-02-16 08:50:37,"{""field"":""title"",""new_value"":""patched""}"
3105,1450,342,updated,2025-12-16 13:41:09,"{""field"":""is_active"",""new_value"":""refined""}"
3106,1535,258,updated,2026-02-06 04:19:44,"{""field"":""original_url"",""new_value"":""https://acme.dev/kernel/3850""}"
3107,914,378,updated,2025-01-19 14:57:14,"{""field"":""title"",""new_value"":""refined""}"
3108,174,302,updated,2025-05-01 05:03:06,"{""field"":""is_active"",""new_value"":""rerouted""}"
3109,846,352,updated,2025-03-24 01:26:56,"{""field"":""original_url"",""new_value"":""https://relay.cloud/orbit/6720""}"
3110,796,253,updated,2025-05-01 19:03:06,"{""field"":""title"",""new_value"":""boosted""}"
3111,1605,64,updated,2025-04-05 06:00:07,"{""field"":""title"",""new_value"":""patched""}"
3112,1385,285,updated,2025-06-14 11:29:17,"{""field"":""original_url"",""new_value"":""https://example.com/anchor/9607""}"
3113,675,386,updated,2025-09-08 23:10:16,"{""field"":""title"",""new_value"":""refined""}"
3114,1545,33,updated,2025-08-26 19:11:24,"{""field"":""title"",""new_value"":""promoted""}"
3115,246,397,updated,2025-01-15 23:16:32,"{""field"":""is_active"",""new_value"":""promoted""}"
3116,1927,77,updated,2025-07-30 23:57:43,"{""field"":""is_active"",""new_value"":""quieted""}"
3117,1231,364,updated,2025-02-05 21:49:46,"{""field"":""is_active"",""new_value"":""boosted""}"
3118,703,345,updated,2025-03-30 06:57:12,"{""field"":""title"",""new_value"":""refined""}"
3119,171,42,updated,2025-09-29 11:06:26,"{""field"":""is_active"",""new_value"":""boosted""}"
3120,1772,210,updated,2025-07-19 13:51:01,"{""field"":""title"",""new_value"":""refined""}"
3121,742,310,updated,2025-11-04 22:22:37,"{""field"":""title"",""new_value"":""archived""}"
3122,1321,326,updated,2025-02-28 03:10:37,"{""field"":""is_active"",""new_value"":""archived""}"
3123,147,138,updated,2025-07-21 15:30:39,"{""field"":""is_active"",""new_value"":""patched""}"
3124,237,105,updated,2025-11-13 04:37:24,"{""field"":""is_active"",""new_value"":""rotated""}"
3125,477,277,updated,2025-08-06 23:07:12,"{""field"":""is_active"",""new_value"":""quieted""}"
3126,1805,61,updated,2026-02-17 16:12:12,"{""field"":""is_active"",""new_value"":""archived""}"
3127,932,31,updated,2025-02-25 13:25:05,"{""field"":""title"",""new_value"":""rerouted""}"
3128,80,376,updated,2026-01-15 22:07:06,"{""field"":""title"",""new_value"":""refined""}"
3129,1758,80,updated,2026-01-19 20:03:41,"{""field"":""title"",""new_value"":""promoted""}"
3130,1745,202,updated,2025-12-31 21:51:20,"{""field"":""is_active"",""new_value"":""boosted""}"
3131,494,327,updated,2025-02-21 22:55:31,"{""field"":""is_active"",""new_value"":""rotated""}"
3132,1737,267,updated,2025-02-22 16:17:27,"{""field"":""original_url"",""new_value"":""https://relay.cloud/river/5325""}"
3133,910,267,updated,2025-02-10 00:06:12,"{""field"":""is_active"",""new_value"":""boosted""}"
3134,1147,364,updated,2025-08-19 18:48:40,"{""field"":""is_active"",""new_value"":""quieted""}"
3135,4,357,updated,2025-01-29 09:53:51,"{""field"":""title"",""new_value"":""archived""}"
3136,1086,281,updated,2025-04-02 10:28:50,"{""field"":""title"",""new_value"":""rerouted""}"
3137,297,128,updated,2025-12-09 15:10:55,"{""field"":""title"",""new_value"":""promoted""}"
3138,546,202,updated,2025-10-10 20:20:39,"{""field"":""title"",""new_value"":""quieted""}"
3139,770,9,updated,2025-03-16 22:06:56,"{""field"":""is_active"",""new_value"":""refined""}"
3140,265,237,updated,2025-07-25 03:23:32,"{""field"":""title"",""new_value"":""rotated""}"
3141,64,301,updated,2025-10-20 22:43:49,"{""field"":""is_active"",""new_value"":""patched""}"
3142,277,399,updated,2025-05-19 12:19:17,"{""field"":""is_active"",""new_value"":""boosted""}"
3143,1130,339,updated,2025-01-28 04:26:16,"{""field"":""is_active"",""new_value"":""boosted""}"
3144,584,241,updated,2025-12-28 07:08:57,"{""field"":""title"",""new_value"":""rotated""}"
3145,87,258,updated,2025-03-11 05:50:14,"{""field"":""title"",""new_value"":""quieted""}"
3146,315,328,updated,2026-02-04 10:18:38,"{""field"":""title"",""new_value"":""rotated""}"
3147,488,165,updated,2025-11-18 10:51:58,"{""field"":""original_url"",""new_value"":""https://opswise.net/lagoon/1616""}"
3148,164,385,updated,2026-01-17 03:59:12,"{""field"":""original_url"",""new_value"":""https://example.com/river/5228""}"
3149,1411,151,updated,2025-04-20 04:50:09,"{""field"":""title"",""new_value"":""promoted""}"
3150,499,264,updated,2025-07-24 00:08:44,"{""field"":""is_active"",""new_value"":""archived""}"
3151,1730,359,updated,2025-10-27 19:31:02,"{""field"":""original_url"",""new_value"":""https://example.com/island/4597""}"
3152,1680,233,updated,2025-08-02 14:35:49,"{""field"":""original_url"",""new_value"":""https://hackstack.io/harvest/1284""}"
3153,1528,297,updated,2025-04-22 23:55:08,"{""field"":""is_active"",""new_value"":""quieted""}"
3154,693,349,updated,2026-01-20 14:30:22,"{""field"":""original_url"",""new_value"":""https://example.com/yard/7975""}"
3155,635,346,updated,2025-11-09 10:37:28,"{""field"":""is_active"",""new_value"":""promoted""}"
3156,599,210,updated,2025-01-03 06:26:52,"{""field"":""title"",""new_value"":""patched""}"
3157,100,197,updated,2025-04-23 04:08:34,"{""field"":""original_url"",""new_value"":""https://seeded.app/zenith/5881""}"
3158,1029,70,updated,2026-02-04 19:12:58,"{""field"":""is_active"",""new_value"":""archived""}"
3159,1603,135,updated,2025-05-04 23:21:55,"{""field"":""is_active"",""new_value"":""archived""}"
3160,1559,77,updated,2025-07-21 13:03:17,"{""field"":""is_active"",""new_value"":""archived""}"
3161,1004,393,updated,2025-09-12 20:28:10,"{""field"":""title"",""new_value"":""rerouted""}"
3162,1965,205,updated,2025-10-09 18:16:50,"{""field"":""original_url"",""new_value"":""https://opswise.net/zenith/2557""}"
3163,1046,186,updated,2025-02-13 17:40:36,"{""field"":""is_active"",""new_value"":""patched""}"
3164,1434,380,updated,2026-01-09 03:03:15,"{""field"":""title"",""new_value"":""quieted""}"
3165,328,40,updated,2025-04-24 12:16:29,"{""field"":""is_active"",""new_value"":""patched""}"
3166,1358,214,updated,2025-02-26 17:48:18,"{""field"":""is_active"",""new_value"":""refined""}"
3167,767,61,updated,2025-02-14 12:20:50,"{""field"":""original_url"",""new_value"":""https://example.com/engine/2439""}"
3168,35,99,updated,2025-04-07 09:08:15,"{""field"":""is_active"",""new_value"":""rotated""}"
3169,1018,99,updated,2025-01-06 21:30:00,"{""field"":""is_active"",""new_value"":""rotated""}"
3170,369,45,updated,2025-12-13 22:57:36,"{""field"":""original_url"",""new_value"":""https://opswise.net/meadow/4978""}"
3171,1297,75,updated,2025-10-20 05:05:32,"{""field"":""is_active"",""new_value"":""refined""}"
3172,363,347,updated,2025-04-08 01:38:40,"{""field"":""original_url"",""new_value"":""https://example.com/garden/2509""}"
3173,1827,320,updated,2025-05-19 21:36:56,"{""field"":""title"",""new_value"":""patched""}"
3174,464,231,updated,2025-11-08 19:59:34,"{""field"":""is_active"",""new_value"":""patched""}"
3175,318,147,updated,2025-05-03 01:47:09,"{""field"":""title"",""new_value"":""rotated""}"
3176,331,8,updated,2026-02-22 22:29:18,"{""field"":""is_active"",""new_value"":""quieted""}"
3177,1637,212,updated,2025-10-28 20:43:14,"{""field"":""title"",""new_value"":""rotated""}"
3178,380,160,updated,2025-01-23 01:53:07,"{""field"":""original_url"",""new_value"":""https://hackstack.io/island/1701""}"
3179,94,92,updated,2025-06-29 08:52:49,"{""field"":""original_url"",""new_value"":""https://relay.cloud/quartz/9772""}"
3180,1663,278,updated,2025-12-23 01:53:30,"{""field"":""is_active"",""new_value"":""refined""}"
3181,565,343,updated,2025-05-01 02:59:10,"{""field"":""original_url"",""new_value"":""https://example.com/engine/3391""}"
3182,1128,201,updated,2025-07-01 16:15:40,"{""field"":""title"",""new_value"":""archived""}"
3183,1033,88,updated,2026-01-20 02:54:32,"{""field"":""title"",""new_value"":""patched""}"
3184,755,14,updated,2025-09-14 19:04:50,"{""field"":""title"",""new_value"":""archived""}"
3185,752,28,updated,2026-01-16 07:03:58,"{""field"":""is_active"",""new_value"":""patched""}"
3186,1654,169,updated,2026-01-09 12:14:52,"{""field"":""is_active"",""new_value"":""quieted""}"
3187,1847,272,updated,2025-12-12 18:38:56,"{""field"":""title"",""new_value"":""patched""}"
3188,1285,143,updated,2025-08-24 04:45:49,"{""field"":""title"",""new_value"":""promoted""}"
3189,905,354,updated,2026-01-09 09:07:46,"{""field"":""title"",""new_value"":""rotated""}"
3190,305,269,updated,2025-05-02 17:17:13,"{""field"":""original_url"",""new_value"":""https://seeded.app/trail/5644""}"
3191,1429,266,updated,2026-02-05 04:43:06,"{""field"":""original_url"",""new_value"":""https://seeded.app/canyon/552""}"
3192,970,48,updated,2025-07-13 04:47:51,"{""field"":""title"",""new_value"":""archived""}"
3193,634,326,updated,2025-04-13 18:42:15,"{""field"":""is_active"",""new_value"":""rerouted""}"
3194,573,145,updated,2026-02-24 16:42:24,"{""field"":""title"",""new_value"":""patched""}"
3195,787,64,updated,2025-02-16 02:51:13,"{""field"":""original_url"",""new_value"":""https://acme.dev/signal/9929""}"
3196,1325,110,updated,2025-10-13 07:43:30,"{""field"":""is_active"",""new_value"":""boosted""}"
3197,1766,76,updated,2025-03-11 05:47:01,"{""field"":""title"",""new_value"":""rotated""}"
3198,710,105,updated,2026-02-05 06:31:51,"{""field"":""is_active"",""new_value"":""rotated""}"
3199,1063,283,updated,2026-01-06 05:01:38,"{""field"":""is_active"",""new_value"":""rerouted""}"
3200,1031,332,updated,2025-01-30 05:01:58,"{""field"":""original_url"",""new_value"":""https://hackstack.io/engine/2191""}"
3201,954,379,updated,2025-04-30 06:16:21,"{""field"":""original_url"",""new_value"":""https://acme.dev/garden/793""}"
3202,823,163,updated,2025-07-18 04:06:26,"{""field"":""original_url"",""new_value"":""https://relay.cloud/delta/5887""}"
3203,590,257,updated,2025-07-02 10:13:58,"{""field"":""original_url"",""new_value"":""https://seeded.app/river/9465""}"
3204,1942,291,updated,2025-10-15 05:45:09,"{""field"":""original_url"",""new_value"":""https://hackstack.io/beacon/4373""}"
3205,1727,39,updated,2026-01-02 19:45:54,"{""field"":""title"",""new_value"":""archived""}"
3206,345,389,updated,2026-01-28 14:44:42,"{""field"":""original_url"",""new_value"":""https://example.com/trail/5559""}"
3207,1459,247,deleted,2025-09-08 05:59:06,"{""reason"":""duplicate""}"
3208,790,297,deleted,2025-12-07 09:47:23,"{""reason"":""policy_cleanup""}"
3209,1410,343,deleted,2025-10-23 01:48:49,"{""reason"":""duplicate""}"
3210,1475,155,deleted,2025-05-14 10:28:04,"{""reason"":""duplicate""}"
3211,1005,28,deleted,2025-03-31 14:35:45,"{""reason"":""expired""}"
3212,891,253,deleted,2025-03-31 19:23:46,"{""reason"":""policy_cleanup""}"
3213,1684,372,deleted,2025-08-19 20:30:18,"{""reason"":""expired""}"
3214,1031,332,deleted,2025-05-21 10:07:51,"{""reason"":""duplicate""}"
3215,1860,384,deleted,2026-01-13 04:59:43,"{""reason"":""expired""}"
3216,1203,104,deleted,2025-08-26 06:54:28,"{""reason"":""policy_cleanup""}"
3217,277,399,deleted,2025-11-26 23:07:09,"{""reason"":""expired""}"
3218,1336,15,deleted,2025-12-08 11:42:13,"{""reason"":""user_requested""}"
3219,1156,304,deleted,2025-12-06 11:29:33,"{""reason"":""duplicate""}"
3220,658,180,deleted,2025-06-04 04:44:50,"{""reason"":""expired""}"
3221,737,265,deleted,2025-12-10 08:26:14,"{""reason"":""policy_cleanup""}"
3222,1060,213,deleted,2025-02-24 18:50:52,"{""reason"":""user_requested""}"
3223,1654,169,deleted,2025-11-22 23:26:29,"{""reason"":""expired""}"
3224,99,220,deleted,2025-06-18 16:03:41,"{""reason"":""duplicate""}"
3225,492,157,deleted,2026-02-14 09:17:20,"{""reason"":""duplicate""}"
3226,1366,336,deleted,2025-02-07 12:43:18,"{""reason"":""user_requested""}"
3227,1464,170,deleted,2025-10-27 12:04:08,"{""reason"":""policy_cleanup""}"
3228,494,327,deleted,2026-01-31 19:30:43,"{""reason"":""duplicate""}"
3229,1858,123,deleted,2025-05-20 18:11:16,"{""reason"":""policy_cleanup""}"
3230,1272,28,deleted,2025-06-10 11:06:36,"{""reason"":""user_requested""}"
3231,1011,143,deleted,2025-10-06 11:49:48,"{""reason"":""policy_cleanup""}"
3232,117,19,deleted,2025-07-26 04:37:57,"{""reason"":""user_requested""}"
3233,847,341,deleted,2025-05-27 22:02:23,"{""reason"":""duplicate""}"
3234,354,352,deleted,2025-02-26 08:58:17,"{""reason"":""user_requested""}"
3235,890,121,deleted,2026-01-17 00:36:25,"{""reason"":""user_requested""}"
3236,505,373,deleted,2025-10-25 11:57:07,"{""reason"":""user_requested""}"
3237,1559,77,deleted,2025-03-17 08:28:11,"{""reason"":""expired""}"
3238,160,294,deleted,2025-03-05 14:56:52,"{""reason"":""duplicate""}"
3239,201,153,deleted,2025-09-02 01:06:59,"{""reason"":""policy_cleanup""}"
3240,624,388,deleted,2025-07-07 02:03:23,"{""reason"":""expired""}"
3241,1649,355,deleted,2025-11-11 05:39:50,"{""reason"":""expired""}"
3242,1760,35,deleted,2025-10-21 03:06:46,"{""reason"":""user_requested""}"
3243,1394,127,deleted,2026-02-07 04:37:14,"{""reason"":""duplicate""}"
3244,349,323,deleted,2025-06-03 03:09:13,"{""reason"":""duplicate""}"
3245,1715,118,deleted,2025-06-08 20:31:36,"{""reason"":""policy_cleanup""}"
3246,34,192,deleted,2025-09-14 21:31:35,"{""reason"":""policy_cleanup""}"
3247,1966,132,deleted,2026-01-18 17:00:24,"{""reason"":""duplicate""}"
3248,525,382,deleted,2025-02-04 03:06:19,"{""reason"":""duplicate""}"
3249,634,326,deleted,2025-02-07 15:19:24,"{""reason"":""policy_cleanup""}"
3250,413,27,deleted,2026-02-12 12:10:32,"{""reason"":""user_requested""}"
3251,656,308,deleted,2025-02-14 11:16:41,"{""reason"":""expired""}"
3252,291,313,deleted,2025-10-08 10:26:12,"{""reason"":""user_requested""}"
3253,631,326,deleted,2025-10-06 12:50:46,"{""reason"":""duplicate""}"
3254,1692,293,deleted,2025-11-30 05:28:49,"{""reason"":""user_requested""}"
3255,1851,324,deleted,2025-07-11 21:02:02,"{""reason"":""user_requested""}"
3256,204,217,deleted,2025-02-19 11:16:27,"{""reason"":""user_requested""}"
3257,587,135,deleted,2025-11-16 22:08:58,"{""reason"":""user_requested""}"
3258,1553,277,deleted,2025-03-06 23:37:44,"{""reason"":""duplicate""}"
3259,635,346,deleted,2025-08-01 07:28:29,"{""reason"":""user_requested""}"
3260,110,6,deleted,2025-10-11 12:04:56,"{""reason"":""user_requested""}"
3261,468,142,deleted,2025-01-15 23:37:50,"{""reason"":""expired""}"
3262,707,68,deleted,2026-02-07 20:50:51,"{""reason"":""policy_cleanup""}"
3263,182,38,deleted,2025-08-13 00:18:44,"{""reason"":""policy_cleanup""}"
3264,882,150,deleted,2025-06-25 10:43:28,"{""reason"":""expired""}"
3265,208,326,deleted,2025-05-02 13:51:26,"{""reason"":""duplicate""}"
3266,562,231,deleted,2025-01-18 17:26:48,"{""reason"":""expired""}"
3267,1200,273,deleted,2026-02-27 03:02:37,"{""reason"":""user_requested""}"
3268,212,88,deleted,2025-02-14 12:18:49,"{""reason"":""policy_cleanup""}"
3269,9,214,deleted,2026-01-16 17:47:10,"{""reason"":""expired""}"
3270,994,385,deleted,2025-11-06 04:36:35,"{""reason"":""policy_cleanup""}"
3271,765,182,deleted,2025-05-23 08:27:35,"{""reason"":""policy_cleanup""}"
3272,1033,88,deleted,2025-10-23 01:35:35,"{""reason"":""user_requested""}"
3273,1085,320,deleted,2026-02-07 22:26:14,"{""reason"":""expired""}"
3274,995,109,deleted,2025-03-12 07:29:12,"{""reason"":""user_requested""}"
3275,803,31,deleted,2025-06-08 22:58:08,"{""reason"":""duplicate""}"
3276,1051,118,deleted,2025-08-23 16:13:47,"{""reason"":""user_requested""}"
3277,1846,387,deleted,2025-06-27 08:48:00,"{""reason"":""expired""}"
3278,1210,57,deleted,2025-11-22 02:45:18,"{""reason"":""duplicate""}"
3279,175,320,deleted,2025-06-29 10:32:33,"{""reason"":""expired""}"
3280,1490,287,deleted,2025-02-12 02:49:33,"{""reason"":""duplicate""}"
3281,187,381,deleted,2025-07-11 05:16:49,"{""reason"":""user_requested""}"
3282,320,11,deleted,2025-03-14 02:36:15,"{""reason"":""policy_cleanup""}"
3283,1054,49,deleted,2025-03-11 02:50:44,"{""reason"":""duplicate""}"
3284,736,59,deleted,2025-03-24 05:34:53,"{""reason"":""user_requested""}"
3285,958,234,deleted,2025-04-28 09:43:52,"{""reason"":""duplicate""}"
3286,106,141,deleted,2025-07-12 08:34:20,"{""reason"":""duplicate""}"
3287,60,339,deleted,2025-11-08 22:02:22,"{""reason"":""duplicate""}"
3288,1893,2,deleted,2025-12-17 23:55:40,"{""reason"":""duplicate""}"
3289,226,222,deleted,2025-03-30 10:58:15,"{""reason"":""policy_cleanup""}"
3290,1742,53,deleted,2025-08-29 12:05:12,"{""reason"":""duplicate""}"
3291,1483,159,deleted,2025-08-15 14:36:55,"{""reason"":""duplicate""}"
3292,134,339,deleted,2025-12-21 03:42:27,"{""reason"":""policy_cleanup""}"
3293,1358,214,deleted,2025-02-06 09:18:17,"{""reason"":""user_requested""}"
3294,43,336,deleted,2025-12-29 21:27:33,"{""reason"":""duplicate""}"
3295,573,145,deleted,2025-03-03 01:33:34,"{""reason"":""policy_cleanup""}"
3296,1191,326,deleted,2025-02-24 13:37:14,"{""reason"":""duplicate""}"
3297,230,5,deleted,2025-12-08 08:43:15,"{""reason"":""expired""}"
3298,1377,308,deleted,2025-11-17 15:01:44,"{""reason"":""expired""}"
3299,688,191,deleted,2025-10-12 06:57:34,"{""reason"":""duplicate""}"
3300,745,395,deleted,2025-10-10 11:58:28,"{""reason"":""policy_cleanup""}"
3301,1622,352,deleted,2025-08-05 16:23:43,"{""reason"":""expired""}"
3302,1504,240,deleted,2025-05-14 03:00:19,"{""reason"":""policy_cleanup""}"
3303,1595,60,deleted,2025-01-25 01:44:35,"{""reason"":""user_requested""}"
3304,1819,304,deleted,2025-06-28 22:26:46,"{""reason"":""policy_cleanup""}"
3305,1325,110,deleted,2025-04-29 13:47:32,"{""reason"":""duplicate""}"
3306,1350,150,deleted,2025-10-19 18:51:17,"{""reason"":""duplicate""}"
3307,992,286,deleted,2025-04-22 04:37:55,"{""reason"":""duplicate""}"
3308,91,355,deleted,2026-01-18 00:44:06,"{""reason"":""user_requested""}"
3309,507,178,deleted,2025-12-11 02:20:17,"{""reason"":""duplicate""}"
3310,405,375,deleted,2025-05-22 16:56:00,"{""reason"":""duplicate""}"
3311,1827,320,deleted,2025-01-28 09:12:49,"{""reason"":""expired""}"
3312,946,205,deleted,2025-06-20 04:04:52,"{""reason"":""duplicate""}"
3313,1901,80,deleted,2025-03-29 14:42:44,"{""reason"":""policy_cleanup""}"
3314,1609,259,deleted,2026-02-15 18:23:54,"{""reason"":""user_requested""}"
3315,1578,209,deleted,2026-01-14 03:36:45,"{""reason"":""expired""}"
3316,1536,292,deleted,2025-11-18 03:10:27,"{""reason"":""policy_cleanup""}"
3317,1480,340,deleted,2025-08-09 04:17:27,"{""reason"":""duplicate""}"
3318,527,307,deleted,2025-12-23 14:06:09,"{""reason"":""user_requested""}"
3319,1270,29,deleted,2025-06-12 17:07:22,"{""reason"":""duplicate""}"
3320,664,234,deleted,2025-10-23 07:20:27,"{""reason"":""user_requested""}"
3321,306,192,deleted,2025-09-23 21:22:11,"{""reason"":""policy_cleanup""}"
3322,1174,187,deleted,2025-08-31 16:10:57,"{""reason"":""policy_cleanup""}"
3323,1386,34,deleted,2025-07-25 03:35:39,"{""reason"":""duplicate""}"
3324,130,98,deleted,2025-09-24 13:47:57,"{""reason"":""policy_cleanup""}"
3325,207,241,deleted,2025-10-31 12:35:27,"{""reason"":""duplicate""}"
3326,1040,301,deleted,2025-06-28 07:35:37,"{""reason"":""user_requested""}"
3327,565,343,deleted,2025-06-15 17:11:08,"{""reason"":""duplicate""}"
3328,859,25,deleted,2025-04-03 19:09:20,"{""reason"":""expired""}"
3329,173,96,deleted,2025-02-24 13:36:04,"{""reason"":""policy_cleanup""}"
3330,464,231,deleted,2025-02-13 15:32:01,"{""reason"":""duplicate""}"
3331,705,214,deleted,2025-08-31 05:37:28,"{""reason"":""duplicate""}"
3332,978,162,deleted,2025-06-28 18:40:26,"{""reason"":""policy_cleanup""}"
3333,373,377,deleted,2025-11-10 20:43:19,"{""reason"":""policy_cleanup""}"
3334,1184,174,deleted,2025-05-11 10:41:49,"{""reason"":""user_requested""}"
3335,1806,308,deleted,2025-03-30 19:09:00,"{""reason"":""user_requested""}"
3336,249,90,deleted,2025-08-29 04:09:11,"{""reason"":""expired""}"
3337,885,302,deleted,2025-10-04 14:43:45,"{""reason"":""duplicate""}"
3338,1828,56,deleted,2026-01-12 18:18:26,"{""reason"":""duplicate""}"
3339,1897,59,deleted,2026-01-07 21:31:11,"{""reason"":""policy_cleanup""}"
3340,1408,339,deleted,2025-10-08 07:01:24,"{""reason"":""duplicate""}"
3341,899,74,deleted,2025-03-12 13:24:29,"{""reason"":""expired""}"
3342,814,107,deleted,2025-09-29 03:10:58,"{""reason"":""policy_cleanup""}"
3343,169,48,deleted,2025-09-30 19:19:42,"{""reason"":""duplicate""}"
3344,397,363,deleted,2026-02-24 01:49:35,"{""reason"":""policy_cleanup""}"
3345,116,183,deleted,2025-10-05 13:00:38,"{""reason"":""duplicate""}"
3346,807,230,deleted,2025-06-27 09:39:14,"{""reason"":""duplicate""}"
3347,54,249,deleted,2025-12-25 22:00:36,"{""reason"":""expired""}"
3348,425,367,deleted,2025-12-21 04:08:34,"{""reason"":""expired""}"
3349,559,393,deleted,2025-10-29 18:03:52,"{""reason"":""policy_cleanup""}"
3350,1582,14,deleted,2025-06-11 04:47:57,"{""reason"":""expired""}"
3351,407,378,deleted,2025-02-25 10:20:47,"{""reason"":""user_requested""}"
3352,863,292,deleted,2025-12-30 22:51:45,"{""reason"":""expired""}"
3353,305,269,deleted,2025-05-13 09:11:33,"{""reason"":""expired""}"
3354,1163,140,deleted,2025-03-11 04:07:15,"{""reason"":""expired""}"
3355,156,290,deleted,2025-02-21 11:56:01,"{""reason"":""expired""}"
3356,102,315,deleted,2025-05-18 22:14:03,"{""reason"":""expired""}"
3357,1551,324,deleted,2025-07-19 18:23:00,"{""reason"":""expired""}"
3358,1348,212,deleted,2025-12-24 01:52:08,"{""reason"":""duplicate""}"
3359,1442,67,deleted,2025-09-01 13:17:57,"{""reason"":""duplicate""}"
3360,580,104,deleted,2025-11-08 07:34:31,"{""reason"":""expired""}"
3361,78,92,deleted,2025-12-28 07:15:48,"{""reason"":""policy_cleanup""}"
3362,35,99,deleted,2025-09-11 21:03:34,"{""reason"":""duplicate""}"
3363,213,25,deleted,2025-12-16 18:02:17,"{""reason"":""expired""}"
3364,13,70,deleted,2025-04-14 16:00:41,"{""reason"":""policy_cleanup""}"
3365,150,312,deleted,2025-05-13 06:07:05,"{""reason"":""policy_cleanup""}"
3366,1516,159,deleted,2025-12-17 05:20:21,"{""reason"":""expired""}"
3367,165,85,deleted,2025-09-03 18:13:07,"{""reason"":""duplicate""}"
3368,746,256,deleted,2025-06-25 14:10:43,"{""reason"":""user_requested""}"
3369,1024,109,deleted,2026-01-03 04:56:37,"{""reason"":""expired""}"
3370,1234,370,deleted,2025-04-17 04:44:00,"{""reason"":""expired""}"
3371,1309,312,deleted,2025-07-08 10:20:00,"{""reason"":""user_requested""}"
3372,989,190,deleted,2025-06-05 07:14:43,"{""reason"":""user_requested""}"
3373,1041,316,deleted,2026-02-18 16:40:38,"{""reason"":""policy_cleanup""}"
3374,202,134,deleted,2025-04-20 10:21:04,"{""reason"":""duplicate""}"
3375,1995,254,deleted,2025-12-29 22:35:25,"{""reason"":""policy_cleanup""}"
3376,1372,342,deleted,2025-09-06 07:37:37,"{""reason"":""duplicate""}"
3377,1921,32,deleted,2025-02-23 11:39:22,"{""reason"":""duplicate""}"
3378,332,357,deleted,2026-02-12 04:36:06,"{""reason"":""expired""}"
3379,1052,317,deleted,2025-04-28 03:38:59,"{""reason"":""user_requested""}"
3380,244,170,deleted,2025-11-23 19:37:26,"{""reason"":""user_requested""}"
3381,1758,80,deleted,2025-07-02 00:51:25,"{""reason"":""duplicate""}"
3382,234,9,deleted,2025-01-17 11:17:36,"{""reason"":""policy_cleanup""}"
3383,672,201,deleted,2026-01-25 00:47:14,"{""reason"":""expired""}"
3384,39,379,deleted,2025-09-25 15:07:29,"{""reason"":""user_requested""}"
3385,1812,69,deleted,2026-02-01 11:25:42,"{""reason"":""user_requested""}"
3386,1341,8,deleted,2026-02-25 20:23:59,"{""reason"":""expired""}"
3387,594,53,deleted,2025-11-01 20:44:49,"{""reason"":""expired""}"
3388,1489,361,deleted,2025-02-19 20:21:02,"{""reason"":""expired""}"
3389,1533,339,deleted,2025-08-08 20:54:55,"{""reason"":""duplicate""}"
3390,63,326,deleted,2025-01-22 19:40:11,"{""reason"":""expired""}"
3391,1484,168,deleted,2025-08-29 19:40:35,"{""reason"":""user_requested""}"
3392,500,232,deleted,2025-10-10 08:46:44,"{""reason"":""policy_cleanup""}"
3393,1368,250,deleted,2026-01-13 13:31:07,"{""reason"":""user_requested""}"
3394,1561,180,deleted,2025-04-12 06:49:42,"{""reason"":""duplicate""}"
3395,888,328,deleted,2025-02-19 07:36:27,"{""reason"":""user_requested""}"
3396,362,235,deleted,2025-12-28 05:37:01,"{""reason"":""expired""}"
3397,625,185,deleted,2025-07-25 09:47:54,"{""reason"":""duplicate""}"
3398,526,214,deleted,2025-08-14 10:28:27,"{""reason"":""expired""}"
3399,1084,195,deleted,2025-08-30 18:33:12,"{""reason"":""policy_cleanup""}"
3400,1023,163,deleted,2025-01-18 06:01:41,"{""reason"":""expired""}"
3401,864,347,deleted,2025-02-08 21:18:00,"{""reason"":""policy_cleanup""}"
3402,1876,198,deleted,2025-12-31 03:55:57,"{""reason"":""duplicate""}"
3403,733,70,deleted,2025-05-15 21:55:49,"{""reason"":""duplicate""}"
3404,1356,323,deleted,2025-01-21 06:33:10,"{""reason"":""expired""}"
3405,1432,244,deleted,2025-07-02 19:43:54,"{""reason"":""policy_cleanup""}"
3406,1514,95,deleted,2025-08-13 10:27:49,"{""reason"":""user_requested""}"
3407,984,96,deleted,2025-05-06 04:50:39,"{""reason"":""user_requested""}"
3408,1439,186,deleted,2025-01-21 23:55:41,"{""reason"":""policy_cleanup""}"
3409,1342,379,deleted,2025-06-24 02:47:20,"{""reason"":""expired""}"
3410,1909,259,deleted,2026-01-06 01:13:48,"{""reason"":""expired""}"
3411,1783,355,deleted,2025-04-26 22:39:17,"{""reason"":""user_requested""}"
3412,1423,387,deleted,2025-06-14 13:34:25,"{""reason"":""policy_cleanup""}"
3413,1782,226,deleted,2025-08-18 17:59:17,"{""reason"":""expired""}"
3414,1205,359,deleted,2025-10-29 17:56:15,"{""reason"":""policy_cleanup""}"
3415,808,128,deleted,2025-07-29 14:01:21,"{""reason"":""policy_cleanup""}"
3416,64,301,deleted,2025-01-20 23:47:33,"{""reason"":""duplicate""}"
3417,1980,137,deleted,2025-05-02 19:17:45,"{""reason"":""policy_cleanup""}"
3418,1307,24,deleted,2025-05-03 15:11:20,"{""reason"":""expired""}"
3419,1865,262,deleted,2025-09-17 05:29:03,"{""reason"":""user_requested""}"
3420,445,65,deleted,2025-04-19 07:02:10,"{""reason"":""policy_cleanup""}"
3421,1810,170,deleted,2025-07-23 19:30:24,"{""reason"":""policy_cleanup""}"
3422,1723,390,deleted,2025-10-16 08:09:47,"{""reason"":""policy_cleanup""}"
