id,user_id,short_code,original_url,title,is_active,created_at,updated_at
1,1,FzySkw,https://hackstack.io/ivory/uplink/1,Ops review uplink,True,2025-01-01 04:56:22,2025-10-04 17:34:01
2,217,sR2EFO,https://hackstack.io/amber/meadow/2,Ops review journey,False,2026-01-08 15:07:03,2026-02-06 05:59:52
3,287,1L7oJT,https://hackstack.io/dawn/window/3,Ops review beacon,False,2025-10-22 14:58:58,2025-12-31 12:13:44
4,357,ZecICd,https://example.com/harbor/garden/4,Incident notes kernel,True,2025-12-09 14:21:57,2025-12-13 19:51:43
5,155,ulwBUV,https://example.com/calm/valley/5,Incident notes delta,False,2025-03-18 23:24:01,2025-08-13 13:37:30
6,371,fifTgT,https://acme.dev/keen/engine/6,Campaign page quartz,True,2025-08-04 22:50:10,2025-11-22 00:47:37
7,352,saFyKt,https://example.com/warm/river/7,Alert feed window,False,2025-04-08 21:12:07,2025-10-10 04:03:19
8,178,qexd9e,https://acme.dev/ember/anchor/8,Campaign page signal,True,2025-07-02 22:41:35,2026-01-23 00:00:23
9,214,WMcsvZ,https://seeded.app/warm/uplink/9,Service guide zenith,False,2025-10-17 20:37:23,2025-12-04 14:10:35
10,253,MKu6nH,https://relay.cloud/harbor/journey/10,Demo link harvest,True,2025-03-09 22:33:37,2025-11-19 14:45:39
11,155,rqWMKj,https://relay.cloud/cobalt/valley/11,Service guide trail,True,2025-09-13 22:53:04,2025-12-07 04:08:12
12,239,NKo9ee,https://seeded.app/ember/river/12,Incident notes garden,True,2025-01-16 19:31:54,2025-02-06 18:48:30
13,70,04PeSP,https://relay.cloud/brisk/garden/13,Campaign page delta,True,2025-07-24 21:47:22,2025-10-02 08:19:23
14,138,ZwPvqC,https://opswise.net/cobalt/trail/14,Roadmap update network,True,2025-01-08 07:01:58,2025-06-26 18:27:25
15,378,K0H9d2,https://example.com/urban/island/15,Quarterly brief lagoon,False,2026-01-31 08:08:22,2026-02-19 18:51:28
16,148,rDUZ7K,https://relay.cloud/forest/pioneer/16,Launch deck canyon,True,2025-11-28 02:21:10,2026-02-08 00:56:23
17,66,RAXWtJ,https://seeded.app/keen/trail/17,Demo link river,True,2025-04-02 10:21:06,2025-06-12 18:55:26
18,245,mFZJzN,https://relay.cloud/dawn/anchor/18,Alert feed quartz,True,2025-11-10 06:28:32,2025-12-18 21:58:00
19,328,GSnnud,https://opswise.net/navy/harvest/19,Roadmap update journey,False,2026-02-04 22:53:40,2026-02-16 06:21:59
20,24,oGHVFC,https://seeded.app/rapid/river/20,Launch deck pioneer,True,2025-06-29 04:17:41,2026-02-07 11:22:32
21,84,Sizevt,https://relay.cloud/dawn/orbit/21,Quarterly brief yard,True,2025-09-10 02:31:08,2025-12-25 19:33:33
22,164,DYzoC4,https://example.com/jade/journey/22,Campaign page beacon,True,2025-01-19 13:43:00,2025-04-28 16:42:42
23,253,vMy1xa,https://hackstack.io/forest/signal/23,Demo link kernel,True,2025-02-07 07:51:59,2025-05-31 15:24:20
24,334,LvgR4F,https://seeded.app/ivory/island/24,Roadmap update harvest,True,2025-02-25 16:11:49,2025-09-27 17:55:56
25,151,VbGbed,https://opswise.net/clear/river/25,Service guide zenith,True,2025-09-13 02:51:37,2025-10-14 19:16:08
26,149,7BaOsU,https://seeded.app/rapid/journey/26,Campaign page canyon,True,2026-01-10 13:31:14,2026-01-13 18:48:56
27,234,IiMrOw,https://opswise.net/proud/uplink/27,Roadmap update journey,True,2025-05-01 12:40:24,2025-05-21 15:48:38
28,25,kIzZAc,https://acme.dev/jade/uplink/28,Roadmap update valley,False,2025-06-14 13:30:27,2025-09-02 15:34:07
29,33,PIhgls,https://relay.cloud/clear/journey/29,Roadmap update uplink,True,2025-01-20 08:40:37,2025-04-15 19:52:25
30,48,FhQZaY,https://relay.cloud/proud/orbit/30,Quarterly brief river,True,2026-02-06 22:16:34,2026-02-12 22:50:49
31,203,b8R05K,https://opswise.net/rapid/harvest/31,Alert feed river,True,2025-10-06 04:09:07,2025-11-04 21:46:36
32,269,DNzlkx,https://hackstack.io/rapid/network/32,Quarterly brief field,True,2026-01-15 07:14:45,2026-02-06 11:58:27
33,153,EhBkyt,https://relay.cloud/jade/uplink/33,Roadmap update pioneer,True,2025-08-31 08:25:33,2025-12-15 23:10:18
34,192,uO93kN,https://hackstack.io/vivid/window/34,Incident notes garden,True,2025-04-04 14:14:50,2025-12-22 05:43:53
35,99,7EHP02,https://hackstack.io/calm/beacon/35,Campaign page yard,True,2025-05-09 19:20:19,2025-08-06 15:15:48
36,352,IfFfmW,https://example.com/brisk/beacon/36,Status board harvest,True,2025-05-06 17:17:56,2026-01-26 22:52:07
37,344,GJYgQq,https://relay.cloud/vivid/engine/37,Incident notes window,True,2025-05-16 07:12:00,2025-07-21 12:12:18
38,113,OvLvGV,https://opswise.net/jade/canyon/38,Campaign page lagoon,False,2025-07-30 10:11:37,2025-09-11 19:53:31
39,379,GunMLI,https://opswise.net/brisk/quartz/39,Launch deck delta,True,2025-01-30 14:28:51,2025-08-15 04:55:20
40,286,dW97O5,https://example.com/jade/kernel/40,Status board garden,True,2025-02-11 02:03:38,2025-05-27 13:19:24
41,156,xkpJFr,https://acme.dev/rapid/garden/41,Launch deck harvest,True,2025-12-08 22:26:02,2025-12-11 11:38:17
42,176,POcIcm,https://hackstack.io/amber/zenith/42,Quarterly brief harvest,False,2025-05-16 16:49:58,2025-08-02 19:39:10
43,336,06Z9Y3,https://acme.dev/opal/pioneer/43,Status board yard,True,2025-06-27 16:01:42,2026-02-17 23:22:58
44,47,gembTu,https://opswise.net/amber/network/44,Demo link delta,False,2025-03-17 10:07:06,2025-06-04 09:54:12
45,235,hU7iyo,https://example.com/ember/signal/45,Demo link field,True,2026-01-11 20:52:05,2026-02-08 08:47:52
46,92,wTsfG4,https://hackstack.io/rapid/journey/46,Status board window,True,2025-07-29 22:02:56,2025-12-31 12:54:27
47,227,tLDvrn,https://acme.dev/clear/delta/47,Alert feed field,True,2025-02-03 01:21:58,2025-02-15 14:24:30
48,156,m5Nd3x,https://example.com/cobalt/window/48,Incident notes quartz,False,2025-08-09 02:15:59,2025-09-04 19:51:30
49,381,VGXsGX,https://seeded.app/silver/delta/49,Status board river,True,2025-03-27 01:52:46,2025-06-26 00:34:58
50,311,5i5UbH,https://example.com/quiet/field/50,Incident notes lagoon,True,2025-10-18 10:26:43,2025-10-27 10:47:43
51,388,1zAeWi,https://acme.dev/silver/meadow/51,Alert feed anchor,True,2025-10-07 01:29:42,2025-11-10 10:33:53
52,239,uiCYVS,https://example.com/proud/lagoon/52,Incident notes pioneer,False,2025-03-21 04:08:44,2025-10-17 15:43:25
53,251,o2rq8w,https://relay.cloud/gold/zenith/53,Ops review lagoon,True,2025-08-10 07:01:57,2025-12-28 19:15:18
54,249,Vj08C5,https://relay.cloud/brisk/quartz/54,Campaign page quartz,False,2025-05-31 22:51:21,2026-02-08 05:47:10
55,212,apd7cW,https://hackstack.io/mellow/kernel/55,Demo link garden,False,2025-05-18 16:10:29,2025-07-26 09:09:03
56,244,dNNCBx,https://example.com/ember/anchor/56,Campaign page window,True,2025-11-11 20:49:16,2026-01-06 00:06:00
57,343,yATbdT,https://seeded.app/lively/garden/57,Alert feed trail,True,2025-09-18 17:23:07,2026-02-01 11:43:53
58,280,5kLCfy,https://opswise.net/dawn/yard/58,Service guide engine,True,2025-05-08 15:11:39,2025-10-19 05:21:57
59,308,LXYRgx,https://example.com/keen/pioneer/59,Campaign page uplink,True,2025-02-06 23:24:48,2025-08-18 05:30:41
60,339,dWBmWZ,https://hackstack.io/jade/meadow/60,Alert feed garden,False,2025-06-02 17:07:43,2026-01-21 16:13:50
61,113,WJ1Y4k,https://seeded.app/silver/garden/61,Service guide anchor,True,2025-02-15 23:45:16,2025-11-30 02:30:12
62,10,BOv8CG,https://seeded.app/harbor/yard/62,Launch deck river,True,2025-05-16 20:48:25,2025-09-06 00:15:46
63,326,1rrWQN,https://relay.cloud/tidy/window/63,Campaign page quartz,True,2025-10-26 08:56:46,2025-11-01 07:06:35
64,301,ydCTRq,https://seeded.app/proud/delta/64,Ops review garden,True,2025-06-14 12:29:45,2025-12-18 11:12:40
65,373,r7jBkl,https://relay.cloud/opal/anchor/65,Ops review engine,True,2025-05-28 06:09:32,2025-08-15 21:02:40
66,26,28nsMT,https://relay.cloud/rapid/delta/66,Alert feed island,True,2025-11-18 13:09:41,2025-12-25 03:45:10
67,323,fhHiLi,https://example.com/keen/quartz/67,Status board pioneer,False,2025-06-23 00:11:51,2025-09-25 14:43:08
68,387,F6OLle,https://seeded.app/mellow/uplink/68,Quarterly brief quartz,True,2025-06-18 02:13:02,2026-02-03 03:29:31
69,373,MZz0GV,https://example.com/calm/yard/69,Incident notes anchor,True,2025-04-25 00:26:44,2025-11-23 11:07:24
70,378,gmvH4v,https://acme.dev/cobalt/valley/70,Service guide beacon,False,2025-01-27 04:15:47,2025-09-12 01:59:35
71,69,U3kChV,https://relay.cloud/cobalt/kernel/71,Quarterly brief beacon,True,2025-01-19 23:10:44,2025-06-16 21:01:12
72,255,S2E54w,https://hackstack.io/warm/uplink/72,Alert feed zenith,False,2025-01-13 13:15:54,2025-08-23 21:52:56
73,21,aZJ9W0,https://example.com/gold/kernel/73,Campaign page harvest,True,2026-02-12 20:52:08,2026-02-18 12:31:29
74,268,IAQw1i,https://opswise.net/proud/zenith/74,Status board delta,True,2025-09-18 18:28:59,2026-02-11 15:09:05
75,282,HJ60XX,https://acme.dev/vivid/trail/75,Ops review field,True,2025-12-11 20:26:55,2026-02-11 00:00:55
76,391,pjRAXr,https://opswise.net/dawn/meadow/76,Service guide yard,True,2025-02-07 10:14:00,2026-01-16 14:55:24
77,382,IEjdEL,https://acme.dev/ivory/network/77,Demo link window,False,2025-05-17 05:25:50,2026-01-04 19:29:06
78,92,giq8AI,https://relay.cloud/quiet/delta/78,Quarterly brief kernel,True,2025-05-12 22:56:43,2026-01-10 14:16:27
79,186,HkfUVB,https://acme.dev/tidy/quartz/79,Status board harvest,True,2025-04-30 22:30:58,2025-11-15 09:21:36
80,376,aZE7x1,https://example.com/harbor/river/80,Status board uplink,False,2025-08-31 15:03:18,2025-09-07 18:50:00
81,141,cnTe0i,https://example.com/ember/uplink/81,Launch deck trail,True,2025-03-24 12:30:39,2025-07-09 19:57:50
82,97,XFR34V,https://example.com/navy/pioneer/82,Quarterly brief engine,True,2025-07-29 09:15:04,2026-01-03 03:53:41
83,358,WeapMb,https://relay.cloud/urban/window/83,Roadmap update valley,True,2025-09-09 17:23:38,2025-11-15 02:47:31
84,29,XOcH7Z,https://relay.cloud/tidy/delta/84,Incident notes harvest,True,2025-02-04 12:36:51,2025-02-19 13:47:08
85,325,TMSeRP,https://hackstack.io/silver/trail/85,Alert feed uplink,True,2025-01-03 11:12:52,2025-08-30 18:10:57
86,125,atb24p,https://opswise.net/silver/lagoon/86,Quarterly brief orbit,True,2025-06-19 08:45:41,2026-01-09 06:30:33
87,258,D0jEAH,https://seeded.app/tidy/journey/87,Incident notes window,False,2025-07-17 03:04:35,2025-10-03 16:04:15
88,99,IcqDp7,https://seeded.app/proud/island/88,Roadmap update window,False,2025-06-02 07:00:44,2025-08-29 06:31:08
89,55,9YJbRB,https://example.com/navy/pioneer/89,Status board orbit,True,2026-02-11 04:09:20,2026-02-12 23:15:41
90,373,dpE291,https://relay.cloud/calm/beacon/90,Incident notes zenith,True,2025-08-15 13:42:03,2026-01-13 19:19:20
91,355,RbXj92,https://opswise.net/tidy/quartz/91,Incident notes window,True,2025-07-24 09:08:16,2025-09-10 14:46:19
92,335,NWjAwa,https://example.com/amber/yard/92,Ops review trail,True,2025-05-25 19:59:25,2026-01-09 04:27:23
93,347,EjgPh9,https://example.com/ember/valley/93,Status board signal,False,2025-09-20 13:11:22,2025-12-05 13:01:20
94,92,YjSSaB,https://acme.dev/vivid/quartz/94,Campaign page canyon,True,2025-01-12 07:46:03,2025-07-12 05:01:43
95,71,sHjAaU,https://opswise.net/silver/trail/95,Ops review anchor,True,2025-01-06 13:05:30,2025-09-18 21:24:33
96,93,I8XqCl,https://hackstack.io/gold/yard/96,Ops review valley,True,2025-10-28 11:24:42,2026-01-24 08:30:20
97,94,jziRyu,https://opswise.net/proud/network/97,Ops review valley,False,2025-06-25 03:59:25,2025-08-15 08:03:49
98,101,wbNz38,https://acme.dev/amber/yard/98,Incident notes field,True,2025-11-26 01:48:21,2026-01-04 08:55:35
99,220,jm6Q7O,https://hackstack.io/lively/canyon/99,Status board zenith,True,2025-09-05 21:28:13,2025-12-30 15:20:10
100,197,3qauhO,https://example.com/quiet/network/100,Roadmap update journey,True,2025-03-15 16:39:33,2025-06-19 21:49:21
101,52,lVktX3,https://example.com/tidy/valley/101,Campaign page pioneer,False,2025-09-17 10:26:30,2025-12-14 17:46:02
102,315,kmLWkX,https://opswise.net/tidy/network/102,Quarterly brief valley,True,2025-05-03 05:12:17,2025-06-02 04:34:35
103,271,5POoZs,https://opswise.net/ivory/field/103,Campaign page island,True,2025-11-01 01:19:46,2025-12-24 20:23:26
104,99,8Uql48,https://example.com/gold/canyon/104,Roadmap update canyon,True,2025-04-28 18:03:28,2025-11-06 03:06:43
105,78,TQlRFz,https://relay.cloud/proud/harvest/105,Service guide signal,True,2025-07-09 13:24:45,2026-02-04 21:02:22
106,141,YAOqYN,https://seeded.app/gold/journey/106,Quarterly brief network,True,2025-10-23 09:46:27,2025-11-04 00:43:02
107,127,2r9USW,https://opswise.net/navy/journey/107,Roadmap update delta,True,2025-12-11 18:50:41,2026-02-12 21:03:25
108,357,XYk0MZ,https://example.com/vivid/quartz/108,Roadmap update network,True,2025-10-07 10:07:57,2025-12-02 05:58:03
109,114,PzSwHL,https://hackstack.io/silver/signal/109,Roadmap update window,True,2025-10-10 15:06:07,2026-01-14 14:27:32
110,6,C5Veei,https://relay.cloud/harbor/field/110,Service guide engine,True,2026-01-09 11:57:24,2026-02-04 06:23:37
111,253,s4yhc7,https://example.com/brisk/river/111,Quarterly brief uplink,True,2025-11-12 23:06:55,2025-12-18 20:32:25
112,366,k4tP7h,https://relay.cloud/gold/signal/112,Incident notes island,False,2025-03-25 18:58:38,2025-06-02 07:47:07
113,96,3X10VX,https://opswise.net/cobalt/trail/113,Demo link island,True,2025-08-07 01:04:10,2026-02-05 06:28:12
114,63,d1VyR8,https://relay.cloud/ember/meadow/114,Ops review orbit,True,2026-01-06 10:45:36,2026-01-18 02:54:45
115,339,MtSbvn,https://seeded.app/jade/kernel/115,Status board trail,True,2025-07-21 01:10:43,2026-01-07 10:15:25
116,183,ojhS2r,https://relay.cloud/warm/lagoon/116,Quarterly brief anchor,True,2026-01-12 23:16:29,2026-01-21 00:08:00
117,19,rhxCx5,https://seeded.app/proud/beacon/117,Roadmap update island,False,2025-08-26 06:27:13,2025-11-09 16:31:19
118,195,hDgDpw,https://hackstack.io/cobalt/trail/118,Demo link valley,True,2025-02-28 20:49:39,2025-09-05 11:53:22
119,192,F25Q2N,https://example.com/jade/quartz/119,Status board trail,True,2025-12-22 17:29:10,2026-01-24 22:02:02
120,369,xOaPRz,https://relay.cloud/rapid/window/120,Launch deck zenith,True,2025-02-27 02:53:32,2025-03-01 01:33:45
121,229,58ATJv,https://relay.cloud/keen/harvest/121,Status board river,True,2025-07-18 12:28:35,2025-12-26 07:38:45
122,240,0Y8HLj,https://opswise.net/dawn/window/122,Ops review anchor,False,2025-04-08 12:01:39,2026-01-07 23:29:42
123,289,SklJxh,https://relay.cloud/keen/network/123,Alert feed beacon,True,2025-12-26 09:42:42,2026-01-11 17:13:36
124,60,515YU2,https://acme.dev/young/pioneer/124,Ops review zenith,False,2025-04-02 05:29:56,2025-08-05 04:52:36
125,76,Ksy37y,https://hackstack.io/dawn/island/125,Campaign page river,True,2026-02-15 17:47:40,2026-02-18 13:22:33
126,116,SjvpHL,https://relay.cloud/ember/zenith/126,Quarterly brief field,True,2025-04-05 05:05:26,2025-04-12 13:55:15
127,285,dpSjqE,https://example.com/vivid/lagoon/127,Roadmap update harvest,True,2025-08-22 11:22:17,2025-10-28 16:23:37
128,10,IlKbCs,https://example.com/opal/engine/128,Ops review garden,False,2025-11-15 01:52:05,2026-01-16 08:12:21
129,84,YPTDAY,https://opswise.net/clear/canyon/129,Launch deck harvest,False,2025-04-11 15:04:47,2025-11-27 02:23:18
130,98,9udd9L,https://opswise.net/dawn/kernel/130,Roadmap update engine,True,2025-05-17 12:26:44,2025-08-26 14:42:06
131,386,3CTbpw,https://relay.cloud/quiet/uplink/131,Roadmap update field,True,2025-04-04 14:10:26,2025-08-28 10:12:24
132,226,MLrcFQ,https://acme.dev/jade/harvest/132,Roadmap update valley,True,2026-01-26 13:10:23,2026-02-09 13:07:36
133,391,cn90Ea,https://opswise.net/proud/anchor/133,Campaign page engine,True,2025-03-26 22:50:55,2025-08-23 11:42:48
134,339,TMbr9F,https://seeded.app/harbor/island/134,Incident notes field,True,2025-05-14 11:17:00,2025-12-05 02:39:12
135,70,Tx02u7,https://example.com/keen/kernel/135,Alert feed quartz,True,2025-09-15 22:18:08,2026-01-04 20:01:47
136,189,PtBtEp,https://opswise.net/quiet/window/136,Status board field,True,2025-01-30 12:47:17,2026-02-20 06:17:03
137,72,TzrPH1,https://hackstack.io/young/zenith/137,Alert feed harvest,False,2025-05-19 13:07:29,2026-01-09 18:05:20
138,323,83yWfQ,https://hackstack.io/dawn/window/138,Ops review garden,False,2025-08-17 10:09:02,2025-08-22 19:49:25
139,299,PbgJEl,https://relay.cloud/young/zenith/139,Ops review harvest,True,2025-09-03 19:20:39,2025-12-27 06:43:39
140,257,BPrj9y,https://hackstack.io/silver/island/140,Roadmap update zenith,True,2025-12-10 03:19:54,2026-01-07 19:14:05
141,114,APWB58,https://seeded.app/keen/anchor/141,Roadmap update pioneer,True,2025-11-06 01:42:16,2025-12-16 23:24:36
142,231,2jL7Mg,https://relay.cloud/ember/engine/142,Status board orbit,True,2025-12-04 01:50:02,2026-02-05 21:54:57
143,230,Nv2dNj,https://relay.cloud/warm/garden/143,Campaign page garden,True,2025-07-16 05:45:32,2025-09-23 18:23:05
144,36,G3nhYV,https://opswise.net/proud/trail/144,Status board yard,True,2025-11-04 05:54:36,2026-02-04 22:04:08
145,195,bgwvAH,https://relay.cloud/mellow/window/145,Launch deck island,True,2026-02-15 17:45:11,2026-02-16 09:34:12
146,176,ECiOlz,https://example.com/urban/trail/146,Demo link kernel,True,2025-08-14 03:59:54,2026-01-15 16:16:08
147,138,MehtaR,https://example.com/brisk/meadow/147,Roadmap update orbit,False,2025-06-09 22:50:09,2025-08-24 21:19:35
148,237,5g7SJp,https://acme.dev/mellow/network/148,Campaign page pioneer,True,2025-02-14 04:34:25,2025-09-29 03:11:53
149,370,6kXLI9,https://hackstack.io/tidy/signal/149,Incident notes uplink,True,2025-12-27 12:09:29,2026-02-07 17:42:17
150,312,QigMby,https://opswise.net/forest/lagoon/150,Launch deck signal,True,2026-01-18 05:08:48,2026-02-12 18:38:51
151,275,OglRok,https://relay.cloud/proud/kernel/151,Incident notes network,False,2025-02-07 22:18:54,2026-01-23 23:33:03
152,363,eH7G5Y,https://relay.cloud/young/lagoon/152,Ops review trail,False,2025-11-16 12:33:16,2026-02-04 05:44:20
153,134,qCaWLA,https://hackstack.io/keen/river/153,Status board delta,False,2025-06-19 22:57:36,2026-01-11 18:09:19
154,98,YJT6pI,https://seeded.app/quiet/engine/154,Quarterly brief canyon,False,2025-10-10 00:25:27,2026-01-21 04:48:35
155,260,S4nd4S,https://hackstack.io/keen/lagoon/155,Quarterly brief uplink,False,2025-01-21 10:55:18,2025-10-13 21:47:50
156,290,OQZk6r,https://hackstack.io/clear/delta/156,Alert feed window,True,2025-12-12 05:23:11,2026-01-10 23:17:10
157,181,UrYXmG,https://seeded.app/jade/pioneer/157,Campaign page lagoon,True,2025-01-15 21:36:07,2025-07-29 00:05:37
158,250,tOocDy,https://hackstack.io/navy/delta/158,Ops review delta,True,2025-05-12 06:43:47,2025-07-31 12:44:23
159,55,rXLbSi,https://acme.dev/forest/river/159,Campaign page uplink,True,2025-11-06 20:41:18,2025-11-26 00:37:20
160,294,PZhoTQ,https://relay.cloud/dawn/kernel/160,Demo link uplink,True,2025-02-08 16:41:32,2025-04-05 08:23:35
161,344,lhu6tR,https://acme.dev/mellow/garden/161,Status board network,True,2026-01-30 21:22:42,2026-02-19 07:15:38
162,141,WOjR2k,https://relay.cloud/warm/valley/162,Quarterly brief trail,True,2025-12-27 06:18:40,2026-01-19 20:36:20
163,69,GGWOvz,https://seeded.app/urban/field/163,Launch deck kernel,True,2025-02-12 04:54:51,2026-02-14 05:16:32
164,385,ZEYrvE,https://opswise.net/warm/journey/164,Alert feed river,False,2026-01-02 10:54:27,2026-01-05 23:33:59
165,85,DbEGCG,https://acme.dev/silver/anchor/165,Quarterly brief canyon,True,2025-02-10 15:30:55,2025-10-16 23:40:15
166,281,zhr68o,https://example.com/mellow/meadow/166,Status board orbit,True,2025-12-07 01:22:25,2026-01-30 00:31:04
167,333,eCwgkx,https://example.com/rapid/field/167,Campaign page orbit,False,2025-04-11 02:16:57,2025-04-14 09:18:20
168,352,SCZCW7,https://acme.dev/keen/trail/168,Roadmap update signal,True,2025-11-13 22:21:30,2025-12-02 00:59:19
169,48,MLLXv6,https://example.com/proud/engine/169,Ops review meadow,True,2025-08-19 16:45:41,2026-01-22 11:15:41
170,18,Cftf1u,https://acme.dev/mellow/island/170,Campaign page kernel,True,2025-01-01 11:50:11,2026-02-18 12:46:28
171,42,qQm7Kz,https://hackstack.io/brisk/delta/171,Incident notes meadow,True,2025-08-01 23:31:05,2025-11-21 08:02:49
172,183,zXHZCo,https://example.com/tidy/kernel/172,Alert feed garden,True,2025-01-26 23:04:11,2025-03-16 03:31:11
173,96,ARZgSv,https://example.com/calm/signal/173,Quarterly brief pioneer,True,2025-01-20 15:49:18,2025-05-12 15:46:04
174,302,3MHfmx,https://example.com/cobalt/engine/174,Service guide trail,True,2026-01-22 19:54:42,2026-02-01 17:35:19
175,320,9W30qo,https://acme.dev/lively/garden/175,Launch deck meadow,False,2025-04-29 23:59:06,2025-12-22 02:48:20
176,12,w22ECN,https://hackstack.io/young/garden/176,Quarterly brief harvest,True,2025-12-02 07:32:03,2026-01-24 02:35:30
177,303,96XHRu,https://example.com/harbor/quartz/177,Quarterly brief yard,True,2025-10-22 19:03:38,2026-01-25 11:41:54
178,331,CwX1pt,https://example.com/ivory/valley/178,Service guide signal,True,2025-08-05 17:33:39,2025-10-15 18:33:03
179,116,8vDgWI,https://example.com/keen/journey/179,Campaign page field,True,2025-10-17 09:17:58,2025-11-03 19:31:29
180,327,roFMxf,https://acme.dev/vivid/uplink/180,Launch deck kernel,True,2025-08-02 04:53:48,2026-02-06 02:32:34
181,314,nE8bwL,https://seeded.app/urban/river/181,Demo link anchor,True,2025-12-04 15:03:43,2026-02-03 14:47:41
182,38,SkLtFJ,https://example.com/warm/island/182,Status board journey,True,2025-10-23 08:24:55,2025-11-03 02:57:25
183,256,PwjTtx,https://hackstack.io/young/meadow/183,Launch deck engine,True,2025-10-16 18:10:03,2026-01-26 08:33:35
184,37,4l8q58,https://hackstack.io/ember/garden/184,Quarterly brief river,True,2026-02-16 13:40:30,2026-02-19 02:25:42
185,82,3YoUug,https://seeded.app/jade/delta/185,Status board island,True,2026-02-09 16:56:24,2026-02-15 00:27:18
186,355,Xu4JWa,https://relay.cloud/lively/quartz/186,Incident notes delta,True,2026-01-11 23:51:03,2026-01-24 15:22:33
187,381,ZFQkH0,https://opswise.net/rapid/meadow/187,Campaign page network,True,2025-02-22 22:45:52,2025-08-05 00:16:48
188,119,1p8C6F,https://acme.dev/young/pioneer/188,Campaign page harvest,True,2026-01-11 06:11:15,2026-02-06 03:16:06
189,365,xDtGDt,https://example.com/rapid/yard/189,Demo link delta,True,2025-03-22 13:22:07,2025-11-26 05:39:30
190,332,f8uQ4G,https://relay.cloud/warm/trail/190,Demo link engine,False,2025-12-04 07:47:02,2025-12-11 15:24:44
191,389,6oA0nN,https://acme.dev/calm/network/191,Ops review journey,False,2025-10-03 22:25:35,2026-01-23 01:41:58
192,255,DfncPN,https://seeded.app/ivory/lagoon/192,Quarterly brief anchor,True,2025-11-13 19:52:38,2025-11-19 09:24:48
193,366,FSxY9V,https://relay.cloud/clear/meadow/193,Alert feed harvest,True,2025-06-09 16:48:58,2026-02-07 03:51:14
194,400,mchCMD,https://opswise.net/opal/quartz/194,Incident notes journey,True,2025-12-17 05:09:19,2026-02-20 12:24:59
195,82,m0GGBY,https://opswise.net/jade/island/195,Service guide anchor,True,2025-01-20 17:28:40,2025-12-17 16:06:42
196,390,EUNSf1,https://example.com/calm/anchor/196,Ops review beacon,True,2025-10-13 07:56:13,2025-11-03 02:51:31
197,6,57lDZ1,https://example.com/forest/anchor/197,Incident notes river,True,2025-01-19 03:04:36,2025-10-24 19:22:14
198,171,JMvHmc,https://hackstack.io/urban/delta/198,Alert feed window,True,2025-03-09 03:08:11,2026-02-11 17:29:47
199,135,nX7X2E,https://acme.dev/dawn/network/199,Roadmap update signal,True,2025-08-10 15:47:14,2025-08-25 00:10:39
200,362,ZmDBCf,https://acme.dev/harbor/pioneer/200,Launch deck window,False,2025-07-30 23:39:04,2025-11-10 15:25:22
201,153,BslSXS,https://opswise.net/proud/zenith/201,Demo link uplink,True,2025-08-05 05:52:14,2026-01-23 22:13:02
202,134,YyUewR,https://seeded.app/cobalt/trail/202,Quarterly brief yard,True,2025-02-19 14:49:16,2025-11-01 11:25:51
203,273,mWcgMo,https://opswise.net/quiet/network/203,Status board pioneer,True,2025-10-30 05:33:16,2026-02-04 07:20:44
204,217,Fl5FKE,https://opswise.net/amber/island/204,Roadmap update journey,False,2026-01-28 20:02:37,2026-02-07 11:05:25
205,164,Pn8MDu,https://seeded.app/rapid/lagoon/205,Incident notes garden,True,2025-10-18 13:26:09,2026-01-28 10:07:18
206,89,Y4nHzG,https://acme.dev/mellow/garden/206,Quarterly brief meadow,True,2026-01-26 01:25:26,2026-02-07 11:25:41
207,241,bxPp5d,https://hackstack.io/amber/island/207,Alert feed orbit,True,2026-01-01 21:34:35,2026-01-30 12:30:04
208,326,uMmp1K,https://opswise.net/mellow/trail/208,Demo link canyon,False,2025-09-30 16:53:39,2025-12-06 11:28:09
209,341,T0Q7IL,https://opswise.net/forest/delta/209,Demo link delta,True,2025-09-09 00:45:10,2025-12-05 22:30:53
210,181,ppMef6,https://seeded.app/rapid/quartz/210,Service guide pioneer,True,2026-02-12 23:06:17,2026-02-19 10:36:23
211,14,KAy5XK,https://opswise.net/quiet/orbit/211,Incident notes anchor,True,2025-04-26 08:40:45,2025-11-30 12:57:59
212,88,hT31bq,https://example.com/dawn/field/212,Roadmap update network,True,2025-01-02 02:02:57,2025-11-08 22:45:09
213,25,DVk0wc,https://example.com/keen/yard/213,Incident notes harvest,True,2025-06-03 01:38:23,2026-01-29 11:51:45
214,288,w2Gj4A,https://acme.dev/urban/orbit/214,Campaign page pioneer,True,2025-06-08 13:55:59,2025-08-30 20:44:22
215,207,frFbql,https://acme.dev/urban/network/215,Incident notes meadow,False,2025-09-17 14:10:35,2025-09-28 01:01:59
216,88,oNURmE,https://relay.cloud/young/kernel/216,Quarterly brief kernel,True,2025-07-13 14:06:16,2026-02-04 08:58:54
217,34,dEAiiZ,https://opswise.net/opal/journey/217,Demo link canyon,True,2025-10-02 03:06:05,2025-11-19 03:16:27
218,265,YtECXC,https://hackstack.io/tidy/trail/218,Roadmap update orbit,True,2025-04-10 11:32:03,2025-06-14 06:22:12
219,340,61QAbJ,https://opswise.net/ivory/kernel/219,Incident notes beacon,True,2026-02-12 14:01:07,2026-02-13 04:56:26
220,8,Iz2Ztu,https://acme.dev/quiet/window/220,Alert feed network,True,2025-01-03 01:46:58,2025-11-16 03:30:38
221,305,YKrSI1,https://acme.dev/rapid/beacon/221,Status board harvest,True,2025-06-28 18:11:24,2025-09-25 23:31:53
222,76,pALa6V,https://hackstack.io/jade/orbit/222,Demo link quartz,True,2025-09-21 19:11:42,2026-02-13 04:50:44
223,315,MsKcQc,https://example.com/gold/network/223,Quarterly brief meadow,True,2025-09-26 08:59:44,2025-10-29 09:29:06
224,340,Hev2yI,https://hackstack.io/silver/garden/224,Service guide uplink,True,2025-07-28 23:45:08,2025-10-01 05:56:37
225,259,THQlOV,https://acme.dev/brisk/lagoon/225,Quarterly brief meadow,True,2025-03-01 00:34:22,2025-06-02 17:52:35
226,222,4Fci6a,https://hackstack.io/jade/orbit/226,Incident notes beacon,True,2025-09-04 10:47:15,2025-12-14 22:57:16
227,12,38427W,https://seeded.app/mellow/beacon/227,Alert feed lagoon,True,2025-12-03 02:30:13,2025-12-15 07:56:38
228,1,6N5q9y,https://relay.cloud/mellow/canyon/228,Incident notes uplink,True,2025-12-12 08:34:47,2025-12-18 22:07:43
229,355,trwtfI,https://acme.dev/clear/uplink/229,Launch deck window,False,2025-05-17 01:02:23,2025-08-22 09:47:50
230,5,axSGCN,https://example.com/forest/quartz/230,Roadmap update field,True,2025-02-11 17:18:57,2025-04-25 03:36:38
231,225,03sa6f,https://opswise.net/lively/uplink/231,Alert feed meadow,True,2026-01-04 11:24:31,2026-02-09 01:34:13
232,268,R9hT0o,https://example.com/ivory/journey/232,Quarterly brief field,True,2025-06-22 14:06:27,2025-12-19 05:40:55
233,296,CzOBAA,https://opswise.net/warm/kernel/233,Quarterly brief zenith,True,2026-02-09 23:41:52,2026-02-12 21:02:49
234,9,tGqlTS,https://acme.dev/calm/garden/234,Incident notes yard,True,2025-06-27 23:34:45,2025-10-20 22:33:10
235,241,1YBu7v,https://relay.cloud/warm/engine/235,Status board engine,True,2025-05-21 04:03:32,2025-10-08 12:07:44
236,140,WPNO2T,https://hackstack.io/urban/river/236,Demo link harvest,True,2025-06-12 06:02:18,2025-06-15 17:52:13
237,105,gg1tLr,https://example.com/silver/orbit/237,Roadmap update uplink,True,2025-10-24 15:31:32,2025-12-25 04:42:40
238,187,2mNoQ2,https://example.com/gold/zenith/238,Alert feed quartz,True,2025-02-27 12:13:08,2025-09-21 03:09:12
239,183,hzG6VS,https://hackstack.io/proud/river/239,Launch deck window,True,2025-11-12 17:07:46,2025-11-28 22:42:06
240,299,EKTTwG,https://hackstack.io/gold/trail/240,Quarterly brief valley,True,2025-02-04 19:54:54,2025-09-14 22:58:21
241,36,pSxTf6,https://acme.dev/clear/field/241,Service guide anchor,True,2026-01-22 12:13:20,2026-02-20 16:08:32
242,145,stWqvL,https://opswise.net/ivory/journey/242,Quarterly brief trail,True,2025-03-07 03:05:31,2025-03-18 12:12:42
243,209,bsNuCZ,https://hackstack.io/lively/meadow/243,Quarterly brief journey,True,2026-01-25 08:41:58,2026-02-06 11:50:39
244,170,j0nVmJ,https://opswise.net/young/yard/244,Roadmap update river,True,2025-02-05 21:39:39,2025-05-03 22:55:55
245,241,EirLgt,https://hackstack.io/cobalt/network/245,Campaign page pioneer,True,2025-07-27 00:21:30,2025-09-21 17:17:35
246,397,pbxCSo,https://seeded.app/jade/network/246,Campaign page trail,True,2025-10-24 08:35:02,2025-12-27 03:23:58
247,84,Xwy4hn,https://opswise.net/navy/harvest/247,Launch deck engine,True,2025-04-28 05:58:23,2026-02-20 20:52:14
248,370,MV9Dfu,https://acme.dev/gold/engine/248,Ops review network,True,2025-07-04 08:44:54,2025-07-06 01:38:06
249,90,zZ4NNn,https://hackstack.io/ember/yard/249,Quarterly brief orbit,True,2025-05-26 23:48:38,2025-10-04 12:15:33
250,17,qgstqR,https://acme.dev/dawn/river/250,Roadmap update journey,True,2025-02-19 20:44:02,2025-04-13 14:13:47
251,358,SQo3RX,https://opswise.net/navy/meadow/251,Service guide canyon,True,2025-04-19 04:17:30,2025-11-23 18:47:47
252,55,Iwco5B,https://opswise.net/dawn/journey/252,Alert feed uplink,True,2025-01-22 00:35:21,2025-08-22 23:52:48
253,205,FGka3E,https://example.com/gold/lagoon/253,Incident notes harvest,True,2025-12-21 02:49:36,2026-02-20 20:29:01
254,280,awYypw,https://seeded.app/tidy/delta/254,Campaign page zenith,False,2025-04-20 13:31:04,2025-10-11 02:25:55
255,371,htS4wv,https://opswise.net/cobalt/anchor/255,Campaign page garden,True,2025-02-26 18:15:34,2025-12-18 12:39:22
256,56,Fc5Nnq,https://acme.dev/lively/engine/256,Ops review trail,True,2026-01-02 16:16:19,2026-01-31 13:05:02
257,399,96whas,https://relay.cloud/silver/signal/257,Campaign page river,False,2025-02-07 13:52:59,2025-02-24 06:32:10
258,175,LBGqDw,https://seeded.app/cobalt/signal/258,Quarterly brief beacon,True,2026-01-27 02:23:06,2026-01-31 02:54:27
259,14,0j0ffm,https://opswise.net/mellow/beacon/259,Status board field,True,2026-01-28 09:35:12,2026-02-01 06:58:33
260,315,UhIg8l,https://seeded.app/vivid/quartz/260,Launch deck lagoon,True,2025-03-13 01:26:54,2025-10-11 22:12:54
261,286,xKAP7U,https://seeded.app/warm/canyon/261,Demo link trail,True,2025-11-22 23:47:43,2026-01-21 13:33:53
262,396,VEf1DA,https://relay.cloud/rapid/harvest/262,Ops review island,True,2025-12-22 01:12:56,2026-01-06 09:59:09
263,1,YAYYyj,https://acme.dev/harbor/island/263,Status board engine,True,2025-08-22 03:03:49,2026-02-10 12:59:58
264,203,wEtKaC,https://hackstack.io/lively/meadow/264,Status board network,True,2025-08-02 22:54:19,2025-11-08 20:15:06
265,237,qmAUKi,https://seeded.app/jade/orbit/265,Alert feed harvest,True,2025-06-18 19:34:17,2025-11-25 21:10:57
266,198,JthSVb,https://seeded.app/quiet/harvest/266,Launch deck anchor,True,2025-01-14 18:48:35,2026-01-29 04:44:32
267,160,31KLfw,https://example.com/forest/trail/267,Roadmap update engine,True,2025-01-30 07:45:42,2025-07-30 08:03:18
268,3,4OGyeB,https://relay.cloud/mellow/orbit/268,Quarterly brief river,True,2025-10-22 10:17:02,2025-11-24 19:46:55
269,257,NkI4Dk,https://opswise.net/opal/lagoon/269,Service guide beacon,False,2025-08-18 09:07:11,2025-11-29 21:14:54
270,365,B6q7Py,https://hackstack.io/proud/quartz/270,Launch deck garden,True,2025-04-25 07:07:22,2025-11-01 06:41:16
271,154,pdW1kt,https://relay.cloud/opal/pioneer/271,Roadmap update island,True,2026-02-10 07:56:29,2026-02-14 14:01:05
272,259,MIIioG,https://opswise.net/young/valley/272,Quarterly brief journey,True,2025-04-09 20:11:24,2025-09-29 00:06:00
273,44,GwQRIz,https://seeded.app/opal/zenith/273,Campaign page zenith,True,2025-02-26 11:55:54,2025-10-13 13:40:03
274,27,N8HWeV,https://opswise.net/forest/window/274,Demo link valley,True,2025-06-29 17:58:10,2026-02-03 09:23:12
275,60,j24qzJ,https://seeded.app/opal/yard/275,Alert feed yard,True,2025-07-26 13:54:56,2025-11-01 00:59:32
276,119,f9Gvt9,https://relay.cloud/silver/beacon/276,Campaign page orbit,True,2025-07-21 05:23:26,2026-02-18 06:16:52
277,399,RJcTz6,https://seeded.app/jade/quartz/277,Ops review beacon,True,2025-12-16 07:35:34,2026-02-13 14:36:32
278,40,1sccUl,https://hackstack.io/harbor/journey/278,Incident notes orbit,True,2026-01-30 03:25:26,2026-02-05 19:42:55
279,25,XYVmYq,https://seeded.app/cobalt/trail/279,Campaign page anchor,True,2025-11-11 12:17:43,2025-11-20 01:44:53
280,352,TtAlEI,https://opswise.net/navy/trail/280,Campaign page lagoon,True,2025-12-04 04:42:29,2025-12-08 19:55:21
281,219,SeehFv,https://relay.cloud/warm/trail/281,Quarterly brief meadow,True,2025-06-18 12:22:23,2026-01-19 13:36:18
282,331,bhwhjq,https://example.com/rapid/pioneer/282,Alert feed uplink,True,2025-05-20 01:40:13,2025-11-11 05:32:49
283,245,kUK5SP,https://seeded.app/forest/beacon/283,Ops review zenith,True,2025-12-07 20:11:10,2025-12-21 22:57:32
284,243,7v1sV7,https://hackstack.io/silver/harvest/284,Status board island,True,2025-04-15 06:36:46,2025-10-07 09:00:30
285,35,A3XnuS,https://opswise.net/vivid/zenith/285,Service guide canyon,True,2025-02-22 13:07:38,2025-07-24 01:35:01
286,1,rrFg1Y,https://hackstack.io/jade/orbit/286,Alert feed zenith,True,2025-12-03 01:29:07,2025-12-26 15:53:05
287,66,OqEcbB,https://acme.dev/brisk/anchor/287,Ops review window,True,2025-04-29 18:53:47,2025-10-21 13:36:21
288,207,Gcbnsd,https://hackstack.io/keen/window/288,Service guide signal,True,2025-02-17 15:47:29,2025-08-17 18:12:44
289,303,pFRAb4,https://hackstack.io/harbor/network/289,Launch deck harvest,True,2026-01-15 12:12:38,2026-01-27 14:28:29
290,229,uOWRey,https://opswise.net/keen/meadow/290,Roadmap update valley,True,2025-09-13 13:07:41,2026-02-13 12:59:53
291,313,rHO7zU,https://acme.dev/lively/meadow/291,Ops review pioneer,True,2025-03-03 21:42:54,2025-07-13 10:10:33
292,324,Rycthc,https://acme.dev/ivory/yard/292,Roadmap update kernel,True,2025-04-05 03:00:13,2025-12-01 00:26:36
293,221,Kf70G5,https://hackstack.io/dawn/kernel/293,Quarterly brief beacon,True,2025-11-03 22:56:02,2025-11-05 07:40:39
294,221,BPem7Q,https://acme.dev/mellow/engine/294,Service guide beacon,True,2025-01-05 19:16:00,2025-08-07 23:56:22
295,268,pamDEu,https://seeded.app/mellow/uplink/295,Status board kernel,True,2025-08-12 22:16:04,2026-01-11 13:21:37
296,241,2jrhYx,https://opswise.net/calm/zenith/296,Launch deck quartz,True,2025-08-27 01:33:49,2025-12-04 15:36:30
297,128,IAai3G,https://seeded.app/ember/network/297,Demo link trail,True,2025-12-21 18:36:49,2026-01-09 21:56:15
298,148,WmT052,https://acme.dev/rapid/river/298,Demo link window,True,2025-06-08 20:33:23,2025-12-04 18:35:25
299,283,bucbGY,https://seeded.app/lively/delta/299,Launch deck delta,False,2025-03-04 19:58:40,2025-03-11 18:29:52
300,154,wdJe0a,https://example.com/mellow/harvest/300,Quarterly brief canyon,True,2025-03-14 10:23:20,2025-04-02 05:17:15
301,97,xdzl87,https://acme.dev/gold/zenith/301,Service guide yard,True,2025-05-13 16:39:23,2025-12-20 14:38:31
302,30,wb6ioc,https://hackstack.io/mellow/meadow/302,Campaign page beacon,True,2025-03-09 05:07:16,2025-03-09 17:03:10
303,351,Lnr8b6,https://acme.dev/cobalt/delta/303,Incident notes window,True,2025-03-28 12:02:23,2025-05-06 23:08:31
304,234,4ifDNb,https://acme.dev/quiet/canyon/304,Status board anchor,True,2025-04-26 11:48:54,2025-10-28 23:01:18
305,269,gWX4iH,https://seeded.app/lively/beacon/305,Campaign page delta,True,2025-04-28 01:24:38,2025-08-10 02:04:33
306,192,pqguQY,https://relay.cloud/navy/kernel/306,Campaign page canyon,True,2025-10-10 10:03:20,2026-01-19 22:50:47
307,35,abxb4i,https://opswise.net/harbor/delta/307,Roadmap update network,True,2025-01-15 11:26:27,2025-07-21 11:35:55
308,15,lkn0mo,https://example.com/amber/harvest/308,Alert feed field,True,2025-07-19 19:25:14,2025-12-03 12:34:39
309,167,OaGT9i,https://opswise.net/quiet/window/309,Campaign page journey,True,2025-05-02 10:16:46,2025-12-13 11:40:16
310,67,9aDoB8,https://example.com/cobalt/yard/310,Launch deck pioneer,True,2025-07-09 08:50:11,2025-10-10 15:09:35
311,104,KUhWIg,https://relay.cloud/silver/valley/311,Incident notes kernel,True,2025-02-22 12:02:27,2025-09-09 12:36:37
312,310,RfotOE,https://seeded.app/opal/meadow/312,Service guide yard,False,2025-03-07 16:38:11,2025-09-12 19:24:39
313,13,y4SMZq,https://relay.cloud/clear/network/313,Quarterly brief garden,False,2025-10-22 13:10:03,2026-01-20 12:18:27
314,73,RHXZ05,https://opswise.net/gold/harvest/314,Campaign page window,True,2025-06-12 12:20:04,2025-07-30 08:26:37
315,328,KMh2kP,https://acme.dev/harbor/river/315,Roadmap update uplink,True,2025-06-26 04:16:00,2026-01-03 17:44:31
316,266,USbXR3,https://acme.dev/tidy/window/316,Incident notes river,True,2025-07-28 00:07:18,2025-11-19 05:41:09
317,55,HS8Ixd,https://relay.cloud/cobalt/delta/317,Status board lagoon,True,2025-10-29 23:00:26,2025-10-31 02:52:13
318,147,1AL47Z,https://hackstack.io/warm/engine/318,Campaign page signal,False,2025-04-02 00:10:44,2026-01-22 09:45:31
319,16,tNn19O,https://opswise.net/ember/island/319,Ops review garden,True,2025-10-29 13:21:28,2026-01-25 07:34:51
320,11,K3wX3b,https://hackstack.io/clear/window/320,Demo link harvest,True,2025-02-23 10:49:39,2025-03-19 08:07:29
321,366,NuqZ76,https://opswise.net/urban/kernel/321,Launch deck lagoon,True,2025-10-16 07:39:04,2025-12-29 02:14:41
322,28,5zc6Ly,https://opswise.net/ember/kernel/322,Service guide window,True,2026-02-11 16:26:16,2026-02-20 00:39:09
323,146,wpu4ay,https://hackstack.io/ember/yard/323,Ops review lagoon,True,2025-08-25 18:35:41,2025-10-24 06:49:10
324,232,ySjJQ5,https://relay.cloud/navy/journey/324,Service guide yard,True,2025-09-11 02:45:04,2025-12-14 15:01:29
325,76,dslnfh,https://seeded.app/proud/field/325,Service guide yard,True,2025-12-10 23:23:32,2026-01-04 10:26:20
326,71,b02kGp,https://hackstack.io/keen/trail/326,Service guide river,True,2025-02-28 22:46:37,2025-08-16 10:26:03
327,357,yuIYo2,https://opswise.net/keen/window/327,Status board orbit,False,2025-10-16 16:26:17,2026-02-12 01:52:38
328,40,gXVyvD,https://opswise.net/ivory/canyon/328,Status board field,True,2025-07-27 07:26:14,2025-09-29 07:53:05
329,357,dus8zY,https://acme.dev/opal/canyon/329,Ops review delta,True,2025-08-24 22:38:03,2025-09-10 01:11:14
330,24,s65FMR,https://acme.dev/amber/harvest/330,Alert feed canyon,True,2025-02-15 19:36:25,2025-10-11 14:14:32
331,8,XX5iQ7,https://seeded.app/dawn/valley/331,Campaign page river,True,2025-07-28 14:03:02,2025-12-22 10:29:20
332,357,YEOwr8,https://seeded.app/brisk/garden/332,Service guide signal,True,2025-04-12 02:16:13,2025-12-15 11:34:56
333,264,Bp6Nbn,https://hackstack.io/lively/pioneer/333,Roadmap update quartz,True,2025-07-13 02:32:07,2026-02-19 10:24:11
334,246,6o5qF7,https://hackstack.io/forest/island/334,Roadmap update uplink,True,2025-09-24 14:25:01,2025-11-12 06:59:11
335,128,T2QlVL,https://example.com/mellow/lagoon/335,Roadmap update island,True,2025-12-13 18:34:39,2026-01-18 12:19:56
336,129,4pLGMu,https://seeded.app/brisk/lagoon/336,Campaign page quartz,False,2025-08-09 20:41:58,2025-10-23 12:58:31
337,97,4uOv7w,https://hackstack.io/amber/uplink/337,Roadmap update garden,True,2025-08-04 13:06:13,2025-12-28 21:51:01
338,322,hEPmCJ,https://relay.cloud/calm/uplink/338,Roadmap update journey,True,2025-01-16 13:25:11,2025-11-27 15:37:13
339,55,gzJPNn,https://relay.cloud/navy/journey/339,Roadmap update pioneer,True,2025-03-28 04:20:45,2025-11-27 03:42:16
340,206,oJctbd,https://acme.dev/harbor/signal/340,Incident notes harvest,True,2025-03-19 09:26:03,2025-04-10 18:49:52
341,351,xGts13,https://acme.dev/proud/yard/341,Ops review field,False,2025-09-07 10:20:34,2025-12-30 18:20:29
342,265,TowOKj,https://hackstack.io/ivory/beacon/342,Quarterly brief window,True,2025-07-26 04:21:29,2025-09-17 16:50:18
343,49,ZEiAG7,https://seeded.app/proud/delta/343,Alert feed canyon,True,2025-09-05 23:31:32,2025-12-19 08:45:43
344,299,UdKe5K,https://acme.dev/ember/kernel/344,Incident notes zenith,True,2025-04-06 01:46:20,2025-11-15 22:15:00
345,389,XiQLz1,https://hackstack.io/lively/harvest/345,Incident notes garden,True,2025-04-10 12:21:05,2025-11-09 11:41:00
346,363,FeUcRV,https://hackstack.io/young/zenith/346,Campaign page zenith,True,2025-12-19 23:55:08,2026-02-12 16:15:01
347,167,IezT4T,https://relay.cloud/forest/valley/347,Incident notes window,False,2025-07-20 13:46:47,2025-10-22 19:00:48
348,376,eVwtRh,https://opswise.net/ivory/anchor/348,Campaign page uplink,True,2025-03-27 14:00:31,2026-01-12 13:29:28
349,323,yHYqTS,https://relay.cloud/clear/signal/349,Incident notes orbit,False,2025-11-12 17:27:47,2025-11-22 20:22:54
350,147,YjaLdw,https://seeded.app/vivid/kernel/350,Ops review canyon,True,2025-11-26 03:32:34,2026-01-02 12:07:22
351,3,w1bYr5,https://hackstack.io/keen/harvest/351,Quarterly brief garden,True,2025-09-19 00:09:36,2026-01-23 06:43:31
352,248,SR82QM,https://example.com/vivid/canyon/352,Roadmap update pioneer,False,2025-07-24 16:03:05,2025-12-22 15:45:58
353,119,btFfy9,https://example.com/calm/meadow/353,Quarterly brief meadow,True,2025-11-30 09:15:11,2026-02-02 04:29:48
354,352,vlkN3Z,https://opswise.net/gold/engine/354,Launch deck quartz,True,2025-06-23 14:57:52,2025-11-07 21:39:36
355,369,hg6kF7,https://hackstack.io/clear/harvest/355,Launch deck quartz,True,2025-05-21 20:35:27,2025-11-27 02:00:09
356,166,usixZf,https://acme.dev/keen/harvest/356,Roadmap update anchor,True,2025-11-22 10:11:15,2026-02-13 16:05:58
357,55,ZRofR9,https://opswise.net/gold/kernel/357,Alert feed garden,False,2025-03-04 21:29:41,2025-12-04 05:59:09
358,239,C0LbHL,https://relay.cloud/jade/meadow/358,Status board pioneer,True,2025-03-08 08:31:52,2025-08-23 09:03:43
359,299,eOixwN,https://acme.dev/gold/harvest/359,Demo link field,False,2025-04-14 11:23:09,2025-04-30 20:19:22
360,159,V5wZjs,https://relay.cloud/keen/network/360,Service guide island,True,2025-04-07 13:13:31,2025-08-27 19:08:53
361,86,6Bl6v7,https://relay.cloud/harbor/field/361,Quarterly brief lagoon,True,2025-01-30 07:01:32,2025-08-09 00:59:15
362,235,7bXfI3,https://seeded.app/gold/yard/362,Quarterly brief zenith,False,2026-01-27 07:46:37,2026-01-30 13:32:55
363,347,9b7Cpm,https://hackstack.io/warm/garden/363,Launch deck garden,True,2025-05-06 14:43:46,2025-10-21 09:31:55
364,397,vCH99k,https://opswise.net/harbor/orbit/364,Service guide lagoon,True,2025-07-16 17:11:02,2025-11-04 13:12:37
365,166,YvDQRE,https://hackstack.io/ivory/signal/365,Roadmap update window,True,2025-01-19 23:17:42,2025-06-29 20:12:59
366,221,4N9WfQ,https://opswise.net/proud/kernel/366,Campaign page canyon,True,2025-05-31 15:38:19,2025-11-27 03:32:25
367,394,U5oYqE,https://relay.cloud/silver/orbit/367,Incident notes valley,False,2026-01-31 20:14:33,2026-02-16 22:33:15
368,51,dECYCC,https://relay.cloud/harbor/yard/368,Demo link field,False,2025-05-19 22:25:33,2025-07-05 06:27:26
369,45,xeZYLv,https://acme.dev/keen/zenith/369,Ops review field,True,2025-08-28 11:11:52,2026-02-02 10:26:20
370,67,bHLjk8,https://example.com/tidy/canyon/370,Campaign page meadow,True,2025-06-10 00:54:26,2026-01-26 12:54:58
371,389,YQ6izQ,https://acme.dev/tidy/network/371,Demo link signal,True,2026-02-14 14:42:59,2026-02-15 14:39:48
372,5,QbMlXo,https://example.com/cobalt/engine/372,Service guide engine,True,2025-12-13 17:59:45,2026-02-14 17:30:26
373,377,89Q5Ou,https://hackstack.io/warm/canyon/373,Service guide pioneer,False,2025-10-15 22:59:45,2026-02-07 08:26:31
374,242,Yt21mX,https://example.com/forest/zenith/374,Service guide uplink,False,2025-10-16 13:31:39,2025-12-19 05:01:14
375,132,sureOG,https://acme.dev/proud/river/375,Quarterly brief signal,True,2025-11-18 07:10:20,2026-02-10 10:36:41
376,124,q3P0Km,https://acme.dev/jade/valley/376,Campaign page island,True,2025-07-20 15:33:57,2025-10-19 09:38:09
377,174,84x6Rt,https://example.com/lively/trail/377,Incident notes yard,True,2025-10-05 23:49:09,2025-10-29 08:27:34
378,243,HzJJOy,https://hackstack.io/vivid/lagoon/378,Quarterly brief zenith,True,2025-03-12 19:07:38,2025-11-27 11:57:45
379,363,eaUUTl,https://seeded.app/warm/kernel/379,Campaign page meadow,True,2025-04-10 18:39:36,2025-10-09 18:08:16
380,160,XIUjbb,https://opswise.net/harbor/valley/380,Ops review anchor,True,2025-05-06 07:52:45,2025-09-18 02:06:24
381,252,7wP7eW,https://acme.dev/tidy/delta/381,Status board pioneer,True,2026-01-11 10:01:55,2026-01-21 23:30:08
382,219,EE7OYS,https://seeded.app/lively/harvest/382,Launch deck beacon,True,2025-08-25 13:58:22,2025-12-27 22:56:50
383,271,1CeB12,https://relay.cloud/mellow/island/383,Ops review valley,False,2025-04-19 20:48:31,2025-12-23 15:18:42
384,280,hIa00r,https://hackstack.io/ivory/quartz/384,Launch deck orbit,True,2026-02-20 00:27:53,2026-02-20 08:13:29
385,198,m9Xnlx,https://relay.cloud/silver/uplink/385,Ops review yard,False,2025-02-23 19:20:52,2025-02-25 15:24:53
386,284,Rn1o3L,https://example.com/silver/engine/386,Quarterly brief quartz,True,2025-11-25 12:31:35,2026-01-19 09:05:13
387,10,we4rMJ,https://seeded.app/young/engine/387,Quarterly brief engine,True,2025-07-13 22:13:11,2025-11-07 10:51:53
388,30,QvC5dS,https://acme.dev/warm/field/388,Quarterly brief canyon,True,2025-11-26 06:58:24,2025-12-09 07:08:24
389,260,sJ5agQ,https://acme.dev/warm/zenith/389,Launch deck orbit,True,2025-02-10 15:05:27,2026-01-21 05:36:33
390,351,RbyOmn,https://example.com/jade/kernel/390,Campaign page kernel,True,2025-03-07 00:15:26,2025-09-20 03:14:39
391,119,ftnlnf,https://acme.dev/opal/island/391,Status board zenith,True,2025-03-15 16:18:54,2025-10-05 07:31:24
392,243,2tzpI2,https://acme.dev/harbor/engine/392,Alert feed signal,True,2026-02-20 05:59:54,2026-02-20 18:24:32
393,154,eUAKOk,https://example.com/amber/network/393,Alert feed anchor,True,2025-07-07 04:52:21,2026-01-10 11:21:40
394,149,u5dduI,https://acme.dev/lively/canyon/394,Demo link zenith,True,2025-01-01 23:56:38,2025-03-04 16:35:51
395,181,57FiAy,https://acme.dev/lively/harvest/395,Incident notes uplink,True,2025-02-27 04:49:17,2025-06-09 18:38:19
396,321,AdEWbf,https://opswise.net/ember/meadow/396,Quarterly brief yard,True,2025-03-23 07:11:52,2025-06-03 12:07:59
397,363,V0VKHC,https://seeded.app/vivid/journey/397,Ops review lagoon,True,2025-01-13 01:43:31,2025-01-27 13:11:10
398,3,zdXr4a,https://relay.cloud/jade/yard/398,Status board harvest,True,2025-04-17 21:32:42,2025-06-13 17:20:17
399,163,3a9KR0,https://opswise.net/vivid/engine/399,Launch deck beacon,True,2025-09-03 00:03:01,2025-12-01 15:52:44
400,119,zTTR4A,https://relay.cloud/gold/kernel/400,Ops review field,True,2026-01-18 15:56:58,2026-01-30 23:55:02
401,66,lX4gsW,https://example.com/navy/signal/401,Service guide window,True,2025-10-13 22:51:02,2026-02-04 03:33:40
402,47,wlpTyW,https://hackstack.io/rapid/harvest/402,Quarterly brief zenith,False,2026-02-10 23:37:08,2026-02-17 19:51:41
403,291,aHzDiN,https://seeded.app/brisk/zenith/403,Quarterly brief yard,True,2025-07-29 21:04:03,2026-02-05 09:13:40
404,164,2ZDNkH,https://hackstack.io/warm/lagoon/404,Demo link zenith,True,2025-12-24 17:27:42,2026-02-18 04:41:34
405,375,tXctiu,https://relay.cloud/opal/quartz/405,Status board journey,True,2026-02-20 07:49:03,2026-02-20 16:59:11
406,135,Bw4OGC,https://acme.dev/opal/network/406,Launch deck orbit,False,2026-01-08 10:50:50,2026-01-16 12:44:20
407,378,Y1vh1r,https://acme.dev/amber/valley/407,Status board zenith,True,2026-01-11 12:56:08,2026-02-19 14:36:18
408,142,wAhs9z,https://seeded.app/amber/beacon/408,Demo link signal,True,2025-12-02 01:39:40,2025-12-09 04:04:38
409,170,xwxfzt,https://relay.cloud/gold/harvest/409,Alert feed uplink,False,2025-11-09 11:47:50,2026-02-02 02:15:36
410,383,Rse6Uy,https://opswise.net/tidy/field/410,Incident notes delta,True,2025-05-13 20:43:02,2026-01-28 03:27:48
411,59,SVUOdh,https://seeded.app/tidy/meadow/411,Ops review lagoon,True,2025-05-04 16:02:25,2025-06-09 01:56:01
412,221,XF1ldY,https://relay.cloud/rapid/quartz/412,Campaign page anchor,True,2025-02-24 15:50:05,2025-07-11 20:01:49
413,27,znbmzp,https://opswise.net/clear/journey/413,Alert feed orbit,True,2025-07-04 04:41:00,2025-07-08 23:21:34
414,339,S0YGog,https://opswise.net/harbor/zenith/414,Service guide trail,True,2025-09-06 23:03:11,2025-11-16 01:53:09
415,337,h10MJn,https://relay.cloud/mellow/canyon/415,Roadmap update garden,True,2025-02-22 20:52:39,2025-05-06 09:32:12
416,138,6ablSV,https://hackstack.io/cobalt/zenith/416,Launch deck network,True,2025-03-08 19:10:21,2025-09-07 01:29:52
417,121,ohlW2j,https://acme.dev/amber/trail/417,Alert feed engine,True,2026-01-28 09:29:45,2026-02-05 00:47:15
418,367,3EjGzW,https://acme.dev/gold/garden/418,Demo link kernel,True,2025-10-04 23:02:04,2026-01-16 04:20:40
419,233,HuUmPx,https://example.com/tidy/yard/419,Incident notes journey,True,2025-08-25 22:02:53,2025-08-30 04:08:54
420,75,hCF2rc,https://relay.cloud/urban/zenith/420,Launch deck uplink,True,2025-06-15 12:19:10,2025-12-20 05:46:35
421,239,kuCLzq,https://acme.dev/proud/beacon/421,Alert feed quartz,False,2025-07-04 00:51:31,2025-09-22 04:00:00
422,199,vEjLBP,https://opswise.net/proud/harvest/422,Quarterly brief beacon,True,2025-04-08 03:14:40,2025-04-13 23:49:04
423,101,UhJMIM,https://seeded.app/rapid/network/423,Campaign page window,True,2025-06-01 01:52:44,2025-10-24 01:27:29
424,3,IDZOwe,https://relay.cloud/cobalt/yard/424,Ops review signal,True,2026-02-02 10:58:08,2026-02-05 13:40:59
425,367,bpc5lL,https://relay.cloud/dawn/trail/425,Quarterly brief engine,True,2025-10-28 08:15:39,2025-12-18 14:35:59
426,60,KB565O,https://example.com/navy/engine/426,Demo link engine,True,2025-11-21 01:22:43,2025-12-15 06:18:13
427,176,ony5Sh,https://example.com/proud/network/427,Service guide beacon,True,2025-03-06 15:14:49,2025-04-28 04:41:04
428,319,5Ss2M9,https://hackstack.io/tidy/signal/428,Status board zenith,True,2025-01-15 12:23:56,2026-02-20 01:59:14
429,224,52yCxu,https://seeded.app/dawn/island/429,Quarterly brief zenith,True,2026-01-21 20:20:46,2026-02-07 02:06:50
430,35,Q9Gq3l,https://hackstack.io/mellow/quartz/430,Demo link trail,False,2026-01-23 11:03:10,2026-02-07 23:28:39
431,226,V3h6it,https://hackstack.io/clear/meadow/431,Service guide quartz,True,2026-02-06 20:40:35,2026-02-12 20:15:46
432,177,Qj6yo6,https://relay.cloud/dawn/anchor/432,Launch deck zenith,True,2025-11-20 05:56:14,2026-01-21 14:33:27
433,43,mBK3NS,https://relay.cloud/calm/harvest/433,Quarterly brief delta,True,2025-08-15 12:13:15,2025-10-17 14:12:54
434,21,SlBWww,https://relay.cloud/proud/window/434,Incident notes beacon,False,2025-07-09 20:11:31,2025-09-03 14:31:45
435,155,f5X1EW,https://opswise.net/urban/meadow/435,Launch deck window,True,2025-07-15 14:01:03,2026-02-16 19:20:26
436,273,qr0lww,https://seeded.app/amber/lagoon/436,Service guide river,True,2025-01-26 19:24:21,2025-12-21 17:15:22
437,318,sty5Q3,https://acme.dev/warm/field/437,Quarterly brief field,True,2025-07-24 13:53:26,2026-02-19 10:54:09
438,333,uC9mD9,https://seeded.app/jade/meadow/438,Campaign page canyon,True,2025-10-20 22:40:28,2025-11-06 16:22:54
439,242,M6EeLw,https://seeded.app/forest/lagoon/439,Incident notes island,True,2025-11-10 02:52:50,2025-12-08 06:08:21
440,98,SDt5P0,https://relay.cloud/urban/river/440,Quarterly brief engine,True,2026-02-11 19:13:50,2026-02-14 16:54:59
441,29,4Y0PeB,https://relay.cloud/vivid/valley/441,Demo link field,True,2025-08-20 02:19:25,2026-01-24 15:52:36
442,107,yxeM4S,https://acme.dev/brisk/beacon/442,Status board journey,False,2025-06-20 22:37:58,2025-07-19 06:33:47
443,192,ugtMmn,https://relay.cloud/dawn/anchor/443,Launch deck window,True,2025-09-18 05:06:18,2025-12-09 15:23:27
444,246,BMa4Ha,https://opswise.net/gold/engine/444,Service guide journey,True,2025-01-08 19:21:15,2025-01-20 02:10:49
445,65,7SD7Wz,https://opswise.net/cobalt/river/445,Demo link yard,False,2025-09-17 18:58:38,2025-12-12 16:19:13
446,381,FfIPhK,https://acme.dev/tidy/island/446,Demo link window,True,2025-07-04 11:16:32,2025-11-21 08:02:41
447,124,mHddCT,https://hackstack.io/forest/harvest/447,Launch deck engine,False,2026-01-27 20:09:26,2026-01-31 22:50:55
448,236,hCY7L9,https://acme.dev/tidy/anchor/448,Launch deck pioneer,True,2025-07-31 04:20:33,2025-09-16 15:12:22
449,132,aO3mNr,https://acme.dev/lively/river/449,Roadmap update uplink,True,2025-01-14 20:18:58,2026-01-18 01:35:01
450,324,pIalGo,https://seeded.app/mellow/trail/450,Quarterly brief lagoon,True,2026-01-05 15:39:18,2026-01-08 11:17:21
451,306,ittpRr,https://seeded.app/harbor/canyon/451,Campaign page yard,True,2025-04-18 17:20:27,2025-05-20 16:46:40
452,185,idPZJ8,https://hackstack.io/young/pioneer/452,Alert feed field,False,2025-10-27 20:46:03,2026-02-05 06:48:37
453,341,F9D92G,https://relay.cloud/tidy/garden/453,Roadmap update harvest,True,2025-02-25 06:07:22,2025-12-04 21:47:21
454,370,q6tNCG,https://relay.cloud/rapid/meadow/454,Launch deck yard,True,2025-08-10 16:25:53,2025-12-05 01:02:27
455,12,gXXpaI,https://relay.cloud/tidy/signal/455,Campaign page meadow,True,2025-05-10 21:20:10,2026-02-16 17:04:32
456,388,WPKLKn,https://opswise.net/navy/canyon/456,Demo link uplink,True,2026-01-21 00:22:16,2026-02-11 14:19:01
457,81,TmvLkc,https://acme.dev/mellow/trail/457,Status board meadow,True,2025-04-17 00:18:16,2025-07-01 00:01:14
458,116,LrO13u,https://relay.cloud/lively/anchor/458,Service guide canyon,True,2025-07-15 13:53:57,2026-01-07 07:05:00
459,235,Mr1akI,https://seeded.app/cobalt/kernel/459,Roadmap update valley,True,2026-01-19 19:14:25,2026-02-18 00:48:58
460,152,DzmESu,https://seeded.app/cobalt/meadow/460,Alert feed lagoon,False,2025-08-20 01:55:34,2025-11-30 05:25:13
461,55,ReJ5LS,https://relay.cloud/clear/engine/461,Quarterly brief meadow,True,2026-01-13 16:19:59,2026-02-06 06:46:53
462,134,HFFlOM,https://acme.dev/clear/network/462,Incident notes network,True,2025-01-20 18:35:36,2025-12-11 05:15:04
463,7,1RCODh,https://opswise.net/warm/yard/463,Service guide zenith,True,2026-01-25 22:50:47,2026-02-10 07:07:52
464,231,ottTnO,https://seeded.app/amber/trail/464,Roadmap update signal,True,2026-01-21 18:57:15,2026-02-07 06:46:49
465,110,YJ8GMR,https://example.com/jade/canyon/465,Demo link beacon,True,2025-01-12 08:45:52,2025-03-17 23:51:46
466,277,mhdR6y,https://acme.dev/dawn/quartz/466,Incident notes journey,True,2025-03-02 19:50:46,2025-12-08 08:04:03
467,63,oqLHr0,https://relay.cloud/ivory/network/467,Roadmap update lagoon,True,2025-11-03 04:46:04,2026-02-20 04:41:54
468,142,hglZrx,https://hackstack.io/clear/field/468,Quarterly brief valley,True,2025-06-17 21:15:38,2026-02-02 21:48:20
469,190,8x9oIE,https://hackstack.io/lively/journey/469,Service guide yard,True,2025-02-23 04:57:49,2025-03-18 09:13:08
470,108,uExZBo,https://relay.cloud/urban/delta/470,Status board harvest,True,2025-04-11 07:35:44,2026-02-06 12:49:38
471,162,xcBE05,https://hackstack.io/mellow/anchor/471,Status board beacon,True,2025-06-20 05:15:41,2025-11-17 18:28:31
472,174,sG1lh1,https://opswise.net/mellow/window/472,Quarterly brief journey,True,2025-05-06 02:40:40,2025-11-18 14:42:37
473,250,Ox2MIq,https://opswise.net/tidy/yard/473,Roadmap update harvest,False,2025-12-05 06:55:47,2026-02-14 04:48:40
474,94,zzP0Ll,https://seeded.app/navy/delta/474,Incident notes signal,True,2025-06-24 11:04:03,2025-08-12 15:29:50
475,313,IK2unM,https://seeded.app/tidy/window/475,Ops review pioneer,True,2025-11-06 21:44:32,2025-11-28 06:56:16
476,152,rrDMlh,https://opswise.net/vivid/canyon/476,Alert feed valley,True,2025-04-26 03:36:58,2025-08-07 14:15:51
477,277,LVUrq7,https://hackstack.io/dawn/river/477,Demo link field,True,2025-06-24 03:23:53,2025-12-06 17:37:01
478,178,EDpSsb,https://hackstack.io/amber/delta/478,Quarterly brief pioneer,True,2025-02-13 11:02:52,2025-03-13 01:19:20
479,114,nkDeC2,https://acme.dev/warm/quartz/479,Service guide lagoon,True,2025-07-24 20:16:15,2026-01-26 00:46:05
480,319,Wu8RQi,https://relay.cloud/warm/canyon/480,Demo link canyon,True,2025-03-29 05:12:51,2026-01-31 07:01:36
481,198,LArRuQ,https://example.com/jade/meadow/481,Incident notes yard,True,2025-12-20 17:18:57,2026-02-03 18:27:30
482,149,u7LnWi,https://opswise.net/warm/pioneer/482,Roadmap update network,False,2025-09-12 12:47:38,2026-01-29 18:59:42
483,54,ZjsHJg,https://seeded.app/clear/delta/483,Launch deck uplink,True,2025-10-30 01:16:09,2025-11-26 16:10:20
484,242,bul42y,https://acme.dev/urban/signal/484,Campaign page island,True,2025-05-06 09:59:31,2026-01-07 03:28:58
485,387,ZIq4wM,https://relay.cloud/calm/pioneer/485,Service guide pioneer,False,2026-01-03 01:45:30,2026-02-16 06:55:30
486,33,d51xyO,https://opswise.net/urban/journey/486,Launch deck meadow,True,2025-08-07 07:55:54,2025-10-11 00:04:33
487,191,tQEHin,https://seeded.app/quiet/delta/487,Quarterly brief kernel,True,2026-01-09 14:17:18,2026-01-15 15:16:43
488,165,W8mVRT,https://acme.dev/ivory/zenith/488,Demo link uplink,True,2025-06-11 19:27:44,2025-09-04 23:58:58
489,39,hlg2rf,https://opswise.net/forest/window/489,Launch deck beacon,True,2025-04-23 21:20:25,2025-08-14 17:15:06
490,230,5Xc1YA,https://opswise.net/quiet/pioneer/490,Demo link beacon,True,2025-03-11 02:18:06,2025-04-08 05:39:28
491,134,bqzNy8,https://seeded.app/jade/garden/491,Incident notes garden,True,2025-11-04 21:38:20,2025-12-09 01:06:08
492,157,BgGpkI,https://hackstack.io/brisk/river/492,Quarterly brief orbit,True,2025-05-08 18:22:06,2025-11-18 22:18:49
493,62,fxRQTL,https://acme.dev/brisk/lagoon/493,Roadmap update uplink,True,2025-12-16 18:14:12,2025-12-17 21:04:49
494,327,KxhDRT,https://hackstack.io/cobalt/valley/494,Ops review yard,True,2025-12-08 00:19:24,2026-02-05 10:35:32
495,39,3rWWWC,https://opswise.net/ember/pioneer/495,Status board signal,True,2025-10-22 08:46:38,2025-11-14 19:34:25
496,13,dRxu69,https://opswise.net/rapid/valley/496,Quarterly brief anchor,True,2025-08-07 03:24:47,2025-11-08 14:31:24
497,229,0DWAY6,https://hackstack.io/rapid/field/497,Ops review delta,True,2025-10-24 06:51:31,2026-01-02 00:00:19
498,377,pc35fu,https://example.com/keen/beacon/498,Service guide pioneer,True,2025-03-30 14:34:41,2025-06-13 01:56:39
499,264,etmMlT,https://hackstack.io/gold/window/499,Roadmap update canyon,True,2025-06-15 22:46:36,2025-09-10 20:28:26
500,232,FXwTpk,https://seeded.app/jade/harvest/500,Campaign page field,True,2025-01-06 22:10:14,2025-11-27 13:04:25
501,131,GBltjZ,https://seeded.app/clear/orbit/501,Ops review garden,True,2026-01-15 20:17:07,2026-02-01 16:37:56
502,33,3exdwv,https://hackstack.io/cobalt/beacon/502,Status board island,True,2025-02-23 02:32:25,2025-07-10 20:49:44
503,357,nvMMDX,https://acme.dev/harbor/canyon/503,Roadmap update trail,True,2025-03-19 13:57:53,2025-09-07 02:29:37
504,242,U60LLg,https://acme.dev/proud/meadow/504,Service guide window,True,2025-05-04 10:09:26,2025-09-15 09:08:17
505,373,Bfk62P,https://opswise.net/cobalt/anchor/505,Launch deck signal,True,2026-01-18 18:22:01,2026-01-22 19:30:32
506,55,00Q7Ga,https://acme.dev/amber/signal/506,Alert feed pioneer,True,2025-05-01 03:38:39,2025-05-18 00:13:51
507,178,ZNWBZD,https://acme.dev/cobalt/anchor/507,Demo link pioneer,True,2025-04-15 03:15:23,2025-05-31 06:46:43
508,78,fSIMh5,https://relay.cloud/proud/uplink/508,Campaign page window,True,2025-04-08 17:09:39,2025-05-03 09:28:52
509,45,ncVwhE,https://opswise.net/cobalt/quartz/509,Status board engine,True,2025-07-07 06:55:25,2025-08-15 03:51:14
510,335,Xuabf6,https://example.com/warm/engine/510,Launch deck field,True,2025-09-18 20:35:40,2025-10-29 11:29:45
511,191,phJU37,https://opswise.net/jade/uplink/511,Service guide beacon,False,2025-11-18 08:27:59,2026-01-19 21:52:27
512,222,9Kau1F,https://seeded.app/vivid/kernel/512,Ops review kernel,True,2025-06-03 19:58:45,2025-09-29 02:34:05
513,60,v7V23a,https://hackstack.io/keen/engine/513,Alert feed yard,True,2025-05-04 16:53:58,2025-06-07 08:49:52
514,302,uxbPcR,https://hackstack.io/mellow/lagoon/514,Campaign page lagoon,True,2025-03-31 02:12:57,2025-06-10 21:42:33
515,17,oJKL9A,https://example.com/ember/kernel/515,Campaign page pioneer,False,2025-11-23 03:05:08,2025-12-04 05:18:02
516,65,wAtMvX,https://seeded.app/calm/zenith/516,Campaign page orbit,True,2025-02-17 06:31:54,2025-06-06 11:54:06
517,189,9rhdCN,https://seeded.app/mellow/signal/517,Roadmap update field,True,2025-03-26 16:06:09,2025-10-29 01:30:46
518,293,SuAkGH,https://example.com/calm/river/518,Campaign page network,True,2025-07-14 17:40:09,2025-08-25 20:25:02
519,104,xlCCAd,https://seeded.app/warm/field/519,Ops review trail,True,2025-12-13 11:58:47,2026-02-11 08:16:50
520,399,BasqCc,https://acme.dev/proud/beacon/520,Alert feed harvest,True,2026-02-14 11:47:16,2026-02-17 05:23:12
521,26,V8Ekee,https://opswise.net/forest/field/521,Ops review island,True,2025-10-24 19:04:47,2025-11-15 18:27:19
522,139,2EZbd3,https://seeded.app/vivid/river/522,Launch deck network,True,2025-11-30 14:25:38,2026-01-04 19:13:44
523,145,Jcllww,https://seeded.app/harbor/quartz/523,Ops review river,True,2025-09-12 07:25:25,2026-02-06 21:45:40
524,130,D9cqmL,https://relay.cloud/forest/window/524,Campaign page network,True,2025-07-04 10:59:44,2026-02-13 18:46:47
525,382,BYf1hg,https://example.com/urban/garden/525,Quarterly brief yard,False,2026-01-27 01:06:33,2026-02-02 01:12:32
526,214,ubFSsV,https://example.com/young/anchor/526,Launch deck signal,True,2025-12-10 01:34:31,2026-01-23 21:47:19
527,307,X7P8MD,https://hackstack.io/opal/lagoon/527,Alert feed field,True,2025-11-30 15:46:16,2026-01-27 23:34:10
528,322,febCE8,https://opswise.net/young/canyon/528,Incident notes field,True,2025-03-28 13:25:32,2025-05-01 07:56:26
529,30,RgBJj5,https://opswise.net/keen/window/529,Service guide signal,True,2025-09-01 21:26:30,2025-09-20 17:22:09
530,316,UWZ28H,https://example.com/jade/meadow/530,Campaign page anchor,False,2025-04-08 21:36:11,2025-11-12 09:43:45
531,264,dZ0iQf,https://example.com/cobalt/anchor/531,Roadmap update meadow,True,2025-02-17 12:59:26,2025-03-10 10:24:19
532,181,KGC8pJ,https://opswise.net/lively/pioneer/532,Service guide window,True,2025-07-13 11:20:45,2026-01-01 15:27:33
533,169,S1363m,https://example.com/navy/window/533,Demo link trail,True,2025-12-27 01:32:54,2026-01-13 20:38:33
534,359,mV5EzL,https://hackstack.io/forest/harvest/534,Incident notes garden,True,2025-12-12 03:58:34,2026-01-22 04:51:13
535,371,DNnzhU,https://opswise.net/vivid/canyon/535,Status board delta,False,2025-07-12 14:11:02,2025-09-24 11:54:37
536,208,N08sG2,https://acme.dev/opal/trail/536,Roadmap update network,True,2025-03-04 19:29:20,2025-07-15 19:07:31
537,111,T63hot,https://example.com/brisk/signal/537,Incident notes orbit,True,2025-04-22 11:16:40,2026-02-09 13:05:06
538,62,FK9e4G,https://hackstack.io/brisk/trail/538,Incident notes quartz,True,2025-10-22 02:47:33,2025-11-18 03:58:23
539,174,eGGNpv,https://acme.dev/urban/delta/539,Incident notes delta,True,2025-08-22 11:00:15,2025-11-15 15:54:52
540,183,Gpcosr,https://example.com/brisk/field/540,Status board yard,True,2026-02-07 10:57:01,2026-02-08 00:25:34
541,201,oqvPPr,https://opswise.net/lively/pioneer/541,Quarterly brief signal,True,2025-01-06 07:14:55,2025-02-02 00:21:55
542,229,DGCNrN,https://example.com/silver/harvest/542,Alert feed beacon,True,2025-10-30 11:08:59,2026-02-01 05:18:51
543,94,wJnsfX,https://relay.cloud/amber/anchor/543,Roadmap update river,True,2026-01-25 07:10:37,2026-02-06 21:53:18
544,65,abG2NF,https://relay.cloud/proud/quartz/544,Service guide valley,False,2025-12-04 11:12:16,2025-12-07 20:43:28
545,132,dN549d,https://seeded.app/brisk/engine/545,Ops review engine,True,2025-10-02 12:35:35,2026-01-06 14:46:08
546,202,3xwJYX,https://seeded.app/navy/quartz/546,Launch deck window,True,2025-06-11 20:42:23,2025-12-03 18:30:56
547,7,tznZc6,https://hackstack.io/keen/signal/547,Launch deck lagoon,True,2025-08-23 07:46:41,2025-09-13 23:34:09
548,327,GEHQ4R,https://opswise.net/tidy/valley/548,Launch deck river,True,2025-11-22 00:57:52,2026-02-09 22:31:50
549,384,fVgn4k,https://hackstack.io/tidy/valley/549,Ops review river,True,2026-01-08 13:14:50,2026-01-09 13:50:19
550,377,XCgNo5,https://acme.dev/clear/uplink/550,Incident notes lagoon,True,2025-03-20 01:00:04,2025-07-15 16:28:08
551,306,HfYbYP,https://example.com/young/field/551,Incident notes network,True,2025-12-19 14:01:50,2026-01-28 01:56:24
552,97,bo9Q81,https://example.com/urban/kernel/552,Ops review kernel,True,2026-02-12 12:38:36,2026-02-18 21:18:12
553,97,vDYC57,https://hackstack.io/silver/field/553,Demo link meadow,True,2025-11-15 01:29:40,2026-01-14 12:16:08
554,6,v1YDKo,https://relay.cloud/silver/pioneer/554,Campaign page canyon,True,2025-03-26 15:36:24,2025-06-14 00:02:01
555,21,jZEUii,https://acme.dev/proud/canyon/555,Launch deck yard,False,2025-05-04 06:53:13,2025-09-27 11:58:20
556,314,xP3lr2,https://hackstack.io/dawn/delta/556,Ops review engine,True,2025-09-18 17:24:19,2025-11-25 13:05:59
557,258,7m5VPJ,https://seeded.app/dawn/river/557,Incident notes valley,True,2025-06-29 10:06:47,2025-08-19 04:34:01
558,77,BLHO0V,https://relay.cloud/navy/signal/558,Demo link valley,True,2025-07-03 11:55:25,2025-08-23 11:53:49
559,393,WqPHtw,https://seeded.app/clear/harvest/559,Roadmap update harvest,True,2025-02-12 17:51:56,2025-06-08 15:42:49
560,134,4QlDS6,https://hackstack.io/mellow/uplink/560,Demo link anchor,True,2025-09-18 10:37:15,2025-09-21 06:06:43
561,55,MJYjCe,https://example.com/gold/yard/561,Campaign page lagoon,True,2025-07-22 14:41:24,2025-11-10 01:26:51
562,231,IqBgj7,https://hackstack.io/tidy/canyon/562,Status board island,False,2025-04-11 07:52:42,2025-05-17 16:26:46
563,260,TJgTi1,https://hackstack.io/urban/journey/563,Status board delta,True,2025-01-23 12:30:38,2025-11-10 10:41:00
564,107,k2eL8n,https://hackstack.io/vivid/orbit/564,Ops review pioneer,True,2025-10-03 16:39:13,2025-10-19 02:43:06
565,343,fvVASn,https://opswise.net/gold/anchor/565,Alert feed pioneer,False,2025-08-17 13:52:40,2025-11-09 11:45:54
566,94,jSIRKp,https://hackstack.io/ivory/anchor/566,Incident notes garden,True,2025-01-11 11:52:43,2025-01-17 02:40:04
567,46,7cgtHp,https://acme.dev/mellow/kernel/567,Alert feed garden,True,2026-02-10 16:31:54,2026-02-20 08:37:10
568,383,A5sD3a,https://acme.dev/rapid/garden/568,Incident notes river,True,2025-05-04 01:52:14,2025-12-25 21:06:34
569,10,IwG4hC,https://acme.dev/clear/yard/569,Status board river,True,2025-02-25 07:48:04,2025-06-04 15:15:55
570,399,kQljkj,https://seeded.app/mellow/quartz/570,Demo link river,True,2025-01-22 16:57:45,2025-12-15 02:39:35
571,275,rIJvPp,https://example.com/quiet/meadow/571,Launch deck engine,True,2025-11-14 17:24:11,2025-12-05 12:26:39
572,263,tONbPH,https://seeded.app/young/canyon/572,Alert feed pioneer,True,2025-11-12 07:35:10,2026-01-23 19:06:44
573,145,atrAzw,https://seeded.app/harbor/island/573,Service guide zenith,True,2025-12-13 19:18:40,2026-02-16 04:32:43
574,317,f0Xb40,https://relay.cloud/brisk/field/574,Roadmap update island,True,2025-11-20 04:15:25,2026-02-17 16:19:16
575,346,u3eEMj,https://seeded.app/quiet/field/575,Incident notes garden,True,2025-09-05 22:49:52,2025-10-29 04:14:13
576,77,KjTzWH,https://opswise.net/quiet/yard/576,Alert feed quartz,True,2025-05-23 19:19:15,2026-02-17 02:00:45
577,230,M60DcZ,https://acme.dev/amber/journey/577,Demo link engine,True,2025-03-10 03:45:23,2025-05-18 15:58:11
578,138,jwb6r3,https://opswise.net/navy/valley/578,Incident notes quartz,True,2025-11-15 00:54:20,2026-01-13 11:10:46
579,39,GTnbmu,https://seeded.app/silver/kernel/579,Status board pioneer,False,2025-03-23 00:19:51,2025-11-19 03:26:02
580,104,TEpOPE,https://example.com/brisk/trail/580,Incident notes yard,True,2025-03-10 22:43:01,2025-06-18 10:04:36
581,200,xMjTga,https://seeded.app/proud/orbit/581,Launch deck delta,True,2025-10-05 19:50:34,2026-02-07 21:36:19
582,321,2Wliu0,https://opswise.net/ember/uplink/582,Launch deck field,True,2025-01-21 08:37:41,2025-12-22 03:34:06
583,225,05JaqO,https://relay.cloud/gold/window/583,Demo link window,True,2025-07-15 09:56:40,2025-10-27 21:06:12
584,241,cfkKTk,https://example.com/keen/delta/584,Launch deck beacon,True,2025-04-26 02:14:50,2025-10-28 08:28:59
585,154,uP06AR,https://example.com/proud/beacon/585,Alert feed river,True,2025-08-04 01:24:08,2025-11-17 23:00:48
586,145,c2SiE7,https://example.com/navy/valley/586,Alert feed garden,True,2025-01-13 13:09:27,2025-06-29 16:57:57
587,135,ACLZnI,https://opswise.net/cobalt/meadow/587,Service guide yard,True,2025-06-14 14:03:50,2025-06-22 10:22:33
588,352,ZudPV7,https://acme.dev/proud/valley/588,Launch deck island,True,2025-01-07 11:16:25,2025-07-12 07:28:06
589,337,jQrMxd,https://relay.cloud/gold/valley/589,Alert feed garden,False,2025-06-18 22:42:05,2025-10-10 20:02:59
590,257,b4O8oY,https://example.com/tidy/kernel/590,Demo link delta,True,2025-10-16 20:47:58,2026-02-18 17:25:50
591,396,CVLqH2,https://example.com/dawn/yard/591,Incident notes engine,True,2025-06-01 10:42:23,2025-09-30 20:51:24
592,150,74tnbw,https://relay.cloud/dawn/field/592,Campaign page pioneer,True,2025-09-05 17:04:01,2025-12-01 22:45:47
593,84,hCExJJ,https://acme.dev/urban/engine/593,Roadmap update kernel,True,2025-04-01 08:11:13,2026-01-14 14:50:57
594,53,HZd7cr,https://opswise.net/calm/valley/594,Ops review yard,True,2025-12-18 07:01:24,2026-01-27 17:43:46
595,97,c3QdeO,https://acme.dev/warm/signal/595,Quarterly brief uplink,True,2026-01-20 21:12:05,2026-02-07 02:04:41
596,60,gmWVoj,https://acme.dev/ivory/quartz/596,Roadmap update field,True,2025-11-10 08:44:38,2025-12-04 22:15:49
597,194,oyVrmh,https://relay.cloud/brisk/uplink/597,Roadmap update valley,True,2025-12-06 18:54:24,2026-01-03 11:30:11
598,367,gwQSds,https://hackstack.io/harbor/valley/598,Campaign page delta,True,2025-07-25 02:57:45,2025-10-29 19:13:33
599,210,0RZT91,https://example.com/mellow/quartz/599,Service guide kernel,True,2025-05-09 18:02:37,2026-02-17 07:56:51
600,97,wewUM8,https://example.com/urban/harvest/600,Roadmap update river,True,2025-10-01 11:49:43,2026-02-08 19:01:35
601,187,UCMjkM,https://acme.dev/clear/anchor/601,Incident notes pioneer,True,2026-02-12 18:26:36,2026-02-15 03:27:34
602,258,Ghdpft,https://acme.dev/cobalt/meadow/602,Campaign page pioneer,True,2025-06-30 20:07:15,2025-07-07 23:24:25
603,11,lwn8uE,https://acme.dev/young/lagoon/603,Status board anchor,True,2025-07-26 12:46:36,2025-11-17 22:06:52
604,66,oeKP3l,https://seeded.app/gold/engine/604,Demo link anchor,True,2026-01-30 10:43:06,2026-02-18 14:27:03
605,205,lIb2MM,https://hackstack.io/quiet/yard/605,Roadmap update trail,True,2025-06-04 18:53:31,2025-06-13 22:29:05
606,140,bPD6tR,https://acme.dev/cobalt/anchor/606,Service guide meadow,True,2025-09-29 21:33:53,2026-02-20 19:46:30
607,69,udjSFF,https://hackstack.io/gold/island/607,Campaign page window,True,2025-03-15 12:01:57,2025-05-12 08:58:49
608,337,NyD1CM,https://acme.dev/jade/valley/608,Alert feed delta,True,2025-04-20 10:04:15,2026-01-02 04:46:27
609,37,uXgx7e,https://opswise.net/vivid/garden/609,Ops review anchor,True,2025-03-22 05:29:46,2025-08-29 03:15:38
610,145,D2BxqF,https://relay.cloud/tidy/beacon/610,Service guide trail,False,2025-03-09 08:33:56,2025-04-16 17:25:54
611,29,reXtzq,https://example.com/gold/garden/611,Incident notes delta,False,2025-05-20 02:03:58,2025-11-25 16:37:52
612,349,1rC6eu,https://relay.cloud/tidy/network/612,Campaign page quartz,True,2025-05-17 05:23:47,2025-06-17 17:20:10
613,174,GrLhap,https://relay.cloud/proud/harvest/613,Campaign page beacon,True,2025-01-08 02:13:53,2025-05-11 01:31:53
614,283,1zLaiY,https://example.com/harbor/yard/614,Quarterly brief river,True,2025-07-14 07:31:44,2025-08-02 23:10:33
615,30,hlSxn9,https://relay.cloud/amber/delta/615,Ops review garden,True,2025-08-17 23:51:45,2025-10-14 08:14:34
616,138,dmlKQZ,https://opswise.net/silver/network/616,Roadmap update valley,True,2025-11-24 22:41:33,2025-12-15 16:05:52
617,347,sws0uJ,https://example.com/harbor/canyon/617,Incident notes orbit,True,2025-09-21 02:32:56,2026-01-14 21:22:28
618,235,pBmbfz,https://acme.dev/warm/lagoon/618,Demo link network,True,2025-09-17 23:49:05,2026-02-15 20:32:22
619,199,Jt2TzK,https://opswise.net/young/pioneer/619,Launch deck lagoon,True,2025-01-22 20:57:19,2025-06-01 08:55:38
620,121,bNwucI,https://example.com/quiet/orbit/620,Launch deck anchor,True,2025-08-17 08:57:48,2025-09-08 11:19:49
621,69,3bEalR,https://relay.cloud/warm/beacon/621,Alert feed network,False,2025-08-15 15:10:09,2025-10-03 09:56:31
622,71,KvY6nZ,https://hackstack.io/urban/harvest/622,Demo link valley,False,2025-12-20 12:19:11,2026-02-05 21:09:24
623,52,MnXGWx,https://opswise.net/gold/network/623,Status board harvest,False,2025-01-05 18:48:14,2025-04-05 04:00:47
624,388,nJbxXN,https://seeded.app/opal/pioneer/624,Campaign page harvest,False,2025-01-10 19:09:44,2025-08-14 15:59:14
625,185,A0MGzb,https://opswise.net/opal/river/625,Service guide anchor,True,2025-02-07 02:47:44,2025-03-28 20:24:25
626,293,gWnhN3,https://relay.cloud/silver/network/626,Status board zenith,True,2025-11-06 02:00:16,2026-02-02 08:44:54
627,330,5j81g4,https://acme.dev/ember/yard/627,Launch deck canyon,True,2025-12-26 00:31:13,2026-01-06 21:07:13
628,269,mOemWF,https://example.com/urban/canyon/628,Alert feed quartz,True,2025-10-30 10:42:13,2026-01-07 19:03:36
629,345,nKico9,https://hackstack.io/amber/journey/629,Launch deck engine,True,2025-11-20 05:18:34,2026-02-01 04:21:05
630,262,IoBt94,https://example.com/opal/garden/630,Quarterly brief quartz,True,2025-12-23 13:33:13,2026-02-11 01:21:31
631,326,xlVatF,https://acme.dev/forest/network/631,Roadmap update anchor,True,2025-07-08 19:02:08,2026-02-10 12:02:45
632,142,vfZGik,https://seeded.app/keen/field/632,Campaign page canyon,False,2025-05-13 05:35:08,2025-11-28 02:26:20
633,261,pQcdKi,https://relay.cloud/ivory/meadow/633,Launch deck zenith,False,2025-04-28 10:37:34,2025-06-25 10:42:29
634,326,N7749v,https://relay.cloud/urban/trail/634,Quarterly brief anchor,True,2025-08-15 00:38:24,2025-08-20 11:43:03
635,346,ez4gnF,https://opswise.net/dawn/field/635,Roadmap update window,True,2025-03-27 07:13:47,2025-12-17 12:16:13
636,330,zzBEqe,https://seeded.app/mellow/signal/636,Status board delta,True,2025-06-17 02:28:57,2026-01-31 10:42:22
637,162,ANA1CW,https://seeded.app/keen/uplink/637,Service guide yard,True,2025-02-14 00:09:07,2025-05-27 04:46:37
638,21,bFSQaT,https://acme.dev/proud/harvest/638,Status board pioneer,True,2025-07-07 13:39:29,2025-11-14 06:10:11
639,102,pMCaNV,https://hackstack.io/calm/quartz/639,Quarterly brief zenith,True,2025-10-30 15:55:45,2026-01-29 06:24:40
640,202,13N1je,https://acme.dev/tidy/engine/640,Roadmap update beacon,True,2025-07-06 01:20:59,2025-09-28 05:21:03
641,162,KqznUV,https://opswise.net/navy/journey/641,Campaign page garden,False,2025-11-04 04:43:37,2026-01-07 05:32:51
642,171,JPKe9Y,https://relay.cloud/warm/signal/642,Service guide delta,True,2025-04-16 16:37:06,2025-12-07 07:27:31
643,169,p9gPz7,https://hackstack.io/keen/island/643,Demo link network,True,2026-01-01 20:44:19,2026-02-04 20:30:52
644,4,frBXjr,https://example.com/harbor/zenith/644,Campaign page canyon,True,2025-02-05 20:26:32,2025-10-08 12:44:59
645,323,YK7wnV,https://opswise.net/gold/kernel/645,Status board pioneer,True,2025-09-21 12:58:46,2025-09-24 05:38:08
646,117,zNVr13,https://opswise.net/dawn/orbit/646,Roadmap update meadow,True,2025-05-03 21:17:26,2025-10-04 06:54:14
647,104,llytYi,https://seeded.app/cobalt/network/647,Alert feed delta,True,2025-01-18 11:50:01,2025-02-13 02:12:26
648,142,1QW9sc,https://relay.cloud/opal/harvest/648,Demo link zenith,True,2025-12-19 11:56:41,2026-01-30 04:33:49
649,387,yyrE1z,https://seeded.app/jade/yard/649,Ops review signal,True,2025-12-02 13:20:56,2026-01-17 04:42:42
650,157,6KemNR,https://example.com/lively/engine/650,Launch deck canyon,True,2025-03-19 09:57:17,2025-09-20 14:22:24
651,47,vLXJTW,https://opswise.net/mellow/anchor/651,Incident notes orbit,True,2025-02-12 20:09:47,2025-08-23 13:00:49
652,272,l1U3YX,https://example.com/quiet/zenith/652,Quarterly brief kernel,True,2025-01-09 01:49:15,2025-01-27 05:08:47
653,161,wmUOdQ,https://hackstack.io/clear/uplink/653,Alert feed window,True,2025-01-12 02:43:45,2025-08-15 15:47:34
654,389,euNeI2,https://acme.dev/jade/meadow/654,Incident notes delta,True,2025-11-12 13:52:56,2026-01-06 05:12:35
655,105,dvXa5q,https://acme.dev/navy/delta/655,Status board valley,True,2025-06-29 18:31:49,2026-01-06 18:21:36
656,308,9cOVyb,https://opswise.net/harbor/pioneer/656,Demo link pioneer,True,2026-02-04 10:23:16,2026-02-17 17:23:49
657,71,mWneyl,https://hackstack.io/ivory/trail/657,Ops review kernel,True,2025-12-11 19:42:55,2026-02-15 20:46:40
658,180,CzyZfR,https://seeded.app/forest/orbit/658,Quarterly brief meadow,True,2025-11-05 05:44:05,2026-01-02 15:17:27
659,242,LlXcZ1,https://hackstack.io/amber/window/659,Ops review engine,True,2025-11-24 19:07:44,2026-01-16 21:25:31
660,339,0ZTvlc,https://acme.dev/vivid/beacon/660,Roadmap update anchor,True,2025-05-25 03:22:47,2025-09-14 01:35:08
661,136,vJ9jjZ,https://hackstack.io/brisk/zenith/661,Demo link network,True,2025-05-01 12:31:13,2025-09-29 00:41:03
662,72,wbTG3j,https://seeded.app/jade/window/662,Quarterly brief zenith,True,2025-07-17 02:35:01,2025-10-30 17:57:44
663,151,8Gr8es,https://relay.cloud/forest/river/663,Demo link window,True,2025-10-19 17:57:51,2026-02-09 21:24:21
664,234,E8TWwr,https://example.com/ember/river/664,Quarterly brief field,True,2025-10-17 05:26:10,2025-10-22 02:16:14
665,189,T38jqK,https://hackstack.io/forest/river/665,Launch deck anchor,True,2025-10-31 22:24:54,2025-11-10 01:39:03
666,295,dDwkn9,https://relay.cloud/mellow/signal/666,Launch deck trail,True,2025-07-28 19:59:40,2026-02-18 22:32:15
667,370,jdc3ZT,https://opswise.net/amber/orbit/667,Alert feed pioneer,True,2025-11-12 14:18:45,2026-02-05 23:47:11
668,293,Z4P5Pi,https://example.com/warm/signal/668,Incident notes delta,False,2025-05-03 21:32:14,2025-11-23 10:02:53
669,164,kaX1ew,https://opswise.net/tidy/kernel/669,Status board harvest,True,2025-04-02 20:17:34,2025-10-03 03:30:40
670,315,QxA9BT,https://seeded.app/gold/lagoon/670,Ops review journey,False,2026-01-28 08:42:06,2026-02-14 02:17:29
671,280,4CFPAL,https://relay.cloud/ember/harvest/671,Service guide quartz,True,2025-05-02 10:48:49,2025-12-08 02:36:27
672,201,wVuCZl,https://example.com/jade/journey/672,Demo link harvest,True,2025-04-24 01:20:01,2025-05-11 10:18:34
673,47,U5pgX2,https://opswise.net/gold/harvest/673,Alert feed island,True,2025-09-11 20:16:10,2026-01-04 22:52:13
674,357,qyNFUU,https://relay.cloud/rapid/island/674,Quarterly brief signal,True,2025-06-02 23:30:54,2025-09-11 11:12:36
675,386,ut7sHc,https://seeded.app/amber/meadow/675,Service guide quartz,True,2025-04-05 15:40:52,2025-11-01 16:36:25
676,46,666qLL,https://seeded.app/navy/pioneer/676,Service guide yard,False,2025-11-07 00:20:44,2026-01-31 14:30:25
677,113,tOTKa2,https://hackstack.io/rapid/anchor/677,Ops review island,True,2025-07-17 20:45:37,2025-11-02 06:57:26
678,289,qwLlzr,https://hackstack.io/silver/island/678,Demo link quartz,True,2025-07-30 22:24:52,2025-08-29 06:16:09
679,347,hKArIG,https://seeded.app/forest/field/679,Service guide uplink,True,2025-11-05 15:46:14,2026-01-16 15:28:47
680,196,IDXuqW,https://example.com/jade/orbit/680,Service guide anchor,True,2025-03-25 18:56:21,2025-11-04 12:37:08
681,162,PpJrUi,https://acme.dev/jade/delta/681,Roadmap update anchor,True,2025-04-16 11:11:37,2026-01-28 22:08:13
682,384,O0Oqkr,https://seeded.app/warm/yard/682,Incident notes field,True,2025-01-21 23:59:16,2025-01-28 05:33:39
683,302,IqEQSu,https://relay.cloud/dawn/garden/683,Incident notes garden,True,2025-02-08 19:55:12,2025-08-05 10:53:37
684,348,qj2poU,https://example.com/brisk/window/684,Demo link signal,True,2025-12-26 05:48:52,2026-01-14 01:48:18
685,280,xpmCWo,https://relay.cloud/dawn/anchor/685,Roadmap update uplink,True,2025-12-19 00:47:04,2026-02-11 11:00:23
686,43,a9nZRz,https://acme.dev/navy/field/686,Quarterly brief kernel,True,2025-01-24 19:48:29,2025-04-26 14:11:46
687,216,uKOOWY,https://seeded.app/brisk/island/687,Ops review beacon,False,2025-07-21 01:32:38,2025-12-24 02:00:32
688,191,yA2SMy,https://acme.dev/harbor/field/688,Demo link meadow,True,2025-06-05 18:43:38,2025-09-16 08:41:23
689,288,rXBiMn,https://relay.cloud/ivory/canyon/689,Ops review yard,True,2025-04-06 08:35:38,2025-04-16 11:40:21
690,353,0GfkII,https://acme.dev/clear/kernel/690,Service guide river,True,2025-06-24 22:08:00,2025-08-01 23:15:42
691,361,D3Sgoz,https://hackstack.io/silver/anchor/691,Alert feed kernel,True,2025-01-27 14:56:03,2025-07-28 03:04:38
692,222,Qv7bCC,https://acme.dev/gold/quartz/692,Status board zenith,True,2025-01-24 23:15:20,2025-09-25 00:52:21
693,349,DMTcWa,https://opswise.net/warm/canyon/693,Demo link trail,True,2025-03-30 13:42:37,2025-06-28 05:43:50
694,354,569YSF,https://opswise.net/vivid/meadow/694,Demo link uplink,True,2025-07-18 23:12:20,2025-10-11 00:03:31
695,356,kwxn9j,https://opswise.net/calm/orbit/695,Service guide harvest,False,2026-01-14 03:16:18,2026-01-28 15:15:27
696,367,lOHunf,https://relay.cloud/harbor/network/696,Alert feed zenith,True,2025-12-04 08:18:09,2025-12-29 10:32:46
697,288,lDK7iq,https://acme.dev/young/engine/697,Status board engine,True,2025-10-11 17:31:34,2025-10-15 01:53:04
698,333,H3bb5T,https://opswise.net/clear/uplink/698,Service guide pioneer,True,2025-04-03 14:04:35,2025-06-10 21:45:12
699,364,usELkJ,https://seeded.app/opal/engine/699,Ops review harvest,True,2025-10-31 07:46:15,2025-11-24 12:31:49
700,104,KpKXeE,https://hackstack.io/young/quartz/700,Launch deck field,True,2025-03-29 17:03:06,2025-10-22 11:46:09
701,133,H9fLmP,https://hackstack.io/ember/zenith/701,Campaign page journey,False,2025-12-30 19:45:29,2026-01-17 01:25:47
702,26,GaGXtW,https://hackstack.io/mellow/island/702,Status board trail,True,2025-11-28 22:04:37,2025-12-13 07:15:59
703,345,VBFEvV,https://seeded.app/cobalt/field/703,Quarterly brief lagoon,True,2025-05-28 23:58:33,2025-10-01 22:40:16
704,190,maLsAK,https://relay.cloud/proud/field/704,Demo link yard,True,2025-06-10 12:46:51,2025-06-14 15:01:53
705,214,tZBAGv,https://seeded.app/rapid/kernel/705,Demo link meadow,True,2025-05-06 15:49:22,2025-11-03 10:27:44
706,15,N6e4u2,https://acme.dev/warm/canyon/706,Launch deck orbit,True,2025-01-16 18:33:34,2025-07-22 10:21:07
707,68,tUJ9iM,https://example.com/cobalt/canyon/707,Demo link lagoon,True,2025-01-28 08:34:36,2025-03-24 19:29:16
708,151,vLRwwB,https://seeded.app/amber/yard/708,Service guide quartz,True,2025-07-05 20:17:04,2026-02-20 23:49:30
709,202,bU20BO,https://opswise.net/gold/engine/709,Demo link uplink,True,2026-01-18 23:52:42,2026-01-26 19:30:16
710,105,UOhVWd,https://acme.dev/vivid/valley/710,Roadmap update pioneer,True,2026-02-19 00:14:09,2026-02-20 09:36:46
711,225,dfA5jx,https://hackstack.io/proud/delta/711,Roadmap update window,True,2025-07-09 15:28:42,2025-09-27 12:46:48
712,95,HmzR4R,https://opswise.net/warm/journey/712,Ops review island,True,2025-09-20 12:10:43,2025-12-18 17:18:26
713,250,w5H21e,https://hackstack.io/lively/valley/713,Roadmap update kernel,True,2026-01-10 21:45:39,2026-01-22 06:01:23
714,54,0hst8s,https://example.com/brisk/valley/714,Alert feed beacon,False,2025-12-23 00:26:50,2026-02-10 21:35:58
715,363,Uf02cY,https://hackstack.io/young/field/715,Status board quartz,True,2025-03-26 06:59:32,2025-06-09 06:33:11
716,269,zNShsm,https://acme.dev/brisk/pioneer/716,Incident notes journey,True,2025-01-04 02:34:27,2025-08-01 18:54:58
717,6,pbjL6z,https://relay.cloud/urban/engine/717,Incident notes quartz,True,2025-05-11 18:28:05,2025-06-15 16:05:52
718,394,O19pF2,https://opswise.net/calm/engine/718,Status board yard,True,2025-05-17 16:28:12,2025-11-21 16:07:44
719,220,8MgP0C,https://example.com/harbor/quartz/719,Quarterly brief canyon,True,2025-02-17 22:03:54,2025-09-12 11:25:03
720,293,4ctfyS,https://hackstack.io/gold/orbit/720,Roadmap update zenith,True,2025-10-01 08:42:44,2026-01-27 09:59:38
721,307,NGvDpg,https://opswise.net/navy/island/721,Launch deck network,True,2025-08-02 08:50:50,2026-01-15 11:18:01
722,377,fjHu47,https://relay.cloud/forest/quartz/722,Demo link yard,True,2025-01-03 19:22:11,2026-02-09 18:57:52
723,186,qQ8dha,https://relay.cloud/rapid/network/723,Demo link anchor,False,2025-03-29 19:31:19,2025-10-03 04:01:19
724,376,7rjON2,https://acme.dev/gold/yard/724,Ops review journey,True,2026-02-13 23:34:30,2026-02-19 09:33:35
725,271,zPHkXB,https://opswise.net/rapid/uplink/725,Roadmap update trail,True,2025-04-05 05:59:36,2025-10-14 21:50:31
726,216,O3U17Q,https://acme.dev/proud/signal/726,Campaign page valley,True,2025-06-19 03:19:11,2025-08-15 08:52:51
727,346,VoMHMH,https://relay.cloud/brisk/kernel/727,Quarterly brief kernel,True,2026-02-06 11:56:32,2026-02-17 10:58:06
728,93,AhnLed,https://relay.cloud/forest/delta/728,Service guide window,True,2025-07-16 20:17:08,2026-01-23 16:38:46
729,296,S20y9p,https://acme.dev/urban/journey/729,Roadmap update yard,False,2025-03-27 09:12:16,2025-10-25 08:55:47
730,323,9nHfbE,https://hackstack.io/brisk/island/730,Incident notes garden,True,2025-06-06 05:38:10,2025-12-09 10:54:35
731,164,jsU9W9,https://hackstack.io/mellow/quartz/731,Quarterly brief lagoon,True,2025-03-11 11:13:10,2025-07-19 08:48:10
732,325,O92Mtm,https://example.com/navy/garden/732,Alert feed window,True,2025-05-05 22:13:56,2025-11-21 00:27:09
733,70,F6jN1N,https://example.com/calm/yard/733,Roadmap update window,True,2025-06-06 04:56:04,2025-09-19 21:19:17
734,341,xIni1F,https://example.com/rapid/meadow/734,Launch deck field,True,2025-04-05 20:12:18,2025-09-21 11:08:26
735,159,9HtbrP,https://relay.cloud/amber/valley/735,Alert feed meadow,True,2025-04-22 04:56:21,2025-08-15 11:10:44
736,59,lEk96S,https://seeded.app/quiet/garden/736,Campaign page field,True,2025-08-09 21:44:45,2025-10-21 03:18:08
737,265,Aj0pHQ,https://relay.cloud/opal/window/737,Campaign page river,True,2025-05-14 17:44:34,2025-08-02 14:41:32
738,121,1vFJtY,https://relay.cloud/opal/quartz/738,Ops review valley,True,2025-10-30 21:22:48,2026-02-10 14:13:29
739,189,qZgjsG,https://example.com/proud/lagoon/739,Incident notes meadow,True,2026-01-01 04:22:02,2026-01-19 17:02:21
740,9,bgT33q,https://opswise.net/proud/anchor/740,Demo link garden,True,2025-11-11 09:20:12,2025-12-22 03:54:38
741,36,GW19gn,https://acme.dev/vivid/journey/741,Demo link zenith,True,2026-01-02 04:02:40,2026-01-22 13:35:16
742,310,raFyKB,https://hackstack.io/vivid/engine/742,Status board uplink,True,2025-03-25 09:33:55,2025-04-08 05:16:28
743,195,vqH1wv,https://hackstack.io/ivory/field/743,Campaign page yard,True,2025-12-30 05:44:11,2025-12-31 13:09:07
744,234,do6Kda,https://example.com/jade/island/744,Ops review anchor,True,2026-02-14 20:59:36,2026-02-19 16:40:10
745,395,7xZmAk,https://example.com/mellow/signal/745,Demo link anchor,True,2025-08-02 20:11:47,2025-08-19 11:48:36
746,256,2GigXH,https://hackstack.io/ivory/canyon/746,Ops review river,True,2025-11-04 23:23:41,2026-01-02 19:42:26
747,27,GteWjm,https://example.com/warm/canyon/747,Alert feed anchor,False,2025-03-06 09:18:36,2025-12-27 02:44:34
748,282,MVAZDg,https://seeded.app/jade/meadow/748,Status board signal,True,2025-04-02 07:44:05,2025-06-07 15:25:05
749,264,2HYOUH,https://relay.cloud/proud/yard/749,Service guide field,False,2025-06-15 17:24:13,2026-01-06 11:49:45
750,359,wZGKmn,https://example.com/clear/meadow/750,Ops review island,True,2025-03-18 16:26:40,2025-08-15 05:18:37
751,79,CbZc7Y,https://example.com/tidy/kernel/751,Incident notes trail,True,2025-06-09 17:10:32,2025-12-29 10:12:07
752,28,iklMG4,https://relay.cloud/forest/signal/752,Quarterly brief field,False,2025-04-03 02:38:01,2025-10-26 03:15:02
753,303,HRfF0b,https://opswise.net/cobalt/engine/753,Demo link canyon,False,2025-06-11 20:23:54,2025-06-20 10:24:05
754,208,KMnrgx,https://relay.cloud/quiet/quartz/754,Service guide canyon,True,2025-04-11 12:02:07,2025-07-18 05:25:36
755,14,Q1t2sB,https://relay.cloud/quiet/journey/755,Service guide orbit,True,2025-08-03 20:42:35,2025-11-19 05:20:30
756,181,xbZ9mq,https://hackstack.io/clear/trail/756,Service guide lagoon,True,2025-08-17 14:57:51,2025-10-25 07:37:52
757,317,cEXfvm,https://acme.dev/mellow/orbit/757,Alert feed river,False,2026-01-01 00:54:38,2026-02-10 13:43:00
758,328,6sEm4V,https://seeded.app/opal/garden/758,Quarterly brief zenith,True,2025-07-29 16:34:57,2026-01-04 04:21:54
759,126,dCLQEy,https://relay.cloud/gold/pioneer/759,Ops review beacon,True,2025-09-25 14:05:32,2025-11-12 23:49:54
760,117,KgMdDc,https://relay.cloud/harbor/canyon/760,Launch deck engine,True,2025-05-09 17:26:47,2025-07-25 08:36:44
761,15,vBNCj9,https://seeded.app/cobalt/kernel/761,Quarterly brief orbit,True,2025-12-01 00:52:50,2026-02-01 08:30:05
762,26,auJfUV,https://example.com/brisk/window/762,Quarterly brief lagoon,False,2025-09-06 03:20:28,2026-01-22 01:03:47
763,155,3s7dDN,https://opswise.net/navy/harvest/763,Launch deck orbit,True,2025-09-02 20:33:32,2025-09-16 01:21:57
764,335,2UmauS,https://opswise.net/opal/trail/764,Incident notes river,True,2025-11-08 17:05:32,2025-11-19 17:35:55
765,182,70vxFo,https://relay.cloud/gold/beacon/765,Demo link zenith,True,2025-12-06 16:08:33,2025-12-24 09:55:29
766,9,hPiQiZ,https://hackstack.io/harbor/quartz/766,Campaign page canyon,True,2025-03-15 17:13:04,2025-04-15 10:14:52
767,61,7VRtci,https://hackstack.io/brisk/valley/767,Quarterly brief signal,True,2025-11-18 17:02:00,2026-02-11 00:58:59
768,343,08jZlt,https://hackstack.io/forest/river/768,Ops review valley,True,2025-08-29 17:55:46,2026-02-09 05:37:21
769,273,gnfsa8,https://relay.cloud/lively/river/769,Launch deck harvest,True,2026-01-21 14:22:32,2026-01-24 03:53:44
770,9,7iRNEQ,https://seeded.app/warm/canyon/770,Campaign page delta,True,2025-05-16 05:12:29,2025-10-01 15:06:47
771,265,OInSe4,https://hackstack.io/brisk/engine/771,Status board engine,True,2025-09-01 09:04:12,2025-12-13 22:37:33
772,271,ZqKowM,https://example.com/proud/zenith/772,Status board harvest,True,2025-03-24 00:00:33,2025-10-25 19:59:52
773,7,X722Y8,https://hackstack.io/opal/beacon/773,Incident notes lagoon,True,2026-01-22 00:13:36,2026-02-20 09:54:21
774,70,dsoDWE,https://example.com/ivory/beacon/774,Launch deck river,True,2025-12-04 01:01:05,2025-12-16 08:50:48
775,195,IAwLci,https://example.com/vivid/garden/775,Status board uplink,True,2025-07-30 18:10:07,2025-08-10 06:19:14
776,74,l5cUwz,https://relay.cloud/opal/lagoon/776,Demo link signal,True,2025-11-05 03:04:00,2026-02-01 06:18:07
777,301,qeP1qa,https://hackstack.io/opal/river/777,Demo link orbit,False,2026-01-03 18:06:19,2026-01-24 19:07:02
778,12,dSmtoh,https://hackstack.io/mellow/canyon/778,Status board beacon,False,2025-07-13 05:35:44,2025-08-26 02:22:51
779,362,XPCI1V,https://relay.cloud/keen/garden/779,Roadmap update beacon,True,2025-01-12 12:01:38,2025-10-31 14:46:34
780,111,C7CfWo,https://relay.cloud/amber/window/780,Campaign page river,False,2025-07-27 11:00:17,2025-11-01 10:23:50
781,160,uRPpvx,https://seeded.app/mellow/delta/781,Roadmap update engine,True,2025-09-13 13:14:54,2026-02-01 23:08:43
782,280,H9fCPB,https://seeded.app/navy/harvest/782,Status board signal,False,2025-02-22 14:44:29,2025-12-26 06:44:47
783,255,LMYpTc,https://relay.cloud/gold/delta/783,Demo link engine,True,2025-01-05 12:21:44,2026-01-17 23:14:11
784,5,SWdXpd,https://relay.cloud/tidy/meadow/784,Roadmap update quartz,True,2025-09-29 14:31:13,2026-01-18 14:20:45
785,343,7Vdr6P,https://seeded.app/amber/delta/785,Launch deck river,True,2026-01-05 19:01:32,2026-02-01 12:18:35
786,58,BtDEYp,https://relay.cloud/jade/kernel/786,Campaign page beacon,True,2026-02-16 17:40:23,2026-02-19 11:30:24
787,64,dKnj9m,https://acme.dev/quiet/anchor/787,Demo link zenith,True,2025-07-24 05:23:38,2025-10-24 20:41:31
788,218,5YVSQx,https://seeded.app/vivid/signal/788,Demo link meadow,False,2025-08-05 10:45:12,2025-12-10 04:55:17
789,259,fo93N1,https://hackstack.io/ember/uplink/789,Alert feed lagoon,True,2025-05-03 22:04:17,2025-06-23 23:20:58
790,297,opve8t,https://seeded.app/opal/trail/790,Campaign page harvest,True,2025-10-29 17:45:42,2026-01-30 01:11:40
791,348,x4T5rf,https://seeded.app/ember/engine/791,Launch deck signal,True,2025-09-15 10:11:09,2025-12-21 21:26:40
792,279,LkhMtI,https://relay.cloud/urban/harvest/792,Quarterly brief zenith,True,2025-06-18 19:58:27,2025-11-18 17:28:52
793,266,RxLPGa,https://seeded.app/cobalt/garden/793,Incident notes anchor,True,2025-02-16 04:59:34,2025-05-01 23:30:29
794,188,K5saYP,https://hackstack.io/amber/network/794,Alert feed river,True,2026-01-29 08:43:20,2026-02-03 22:22:53
795,111,puNP3g,https://example.com/lively/delta/795,Roadmap update field,True,2025-06-03 16:29:33,2025-09-23 04:56:18
796,253,NJHEgy,https://relay.cloud/calm/anchor/796,Incident notes engine,False,2025-04-27 11:39:56,2025-05-30 16:55:16
797,261,AT4XDa,https://seeded.app/forest/quartz/797,Roadmap update delta,True,2025-12-31 02:05:05,2026-01-16 02:42:25
798,88,pf5Ikl,https://acme.dev/vivid/delta/798,Incident notes zenith,True,2026-02-07 03:31:22,2026-02-16 22:12:19
799,282,zalFAb,https://relay.cloud/dawn/zenith/799,Ops review zenith,False,2025-06-02 01:38:55,2025-08-15 19:26:32
800,234,7aAVSf,https://acme.dev/ivory/lagoon/800,Ops review valley,True,2025-01-24 01:56:33,2025-02-17 21:23:13
801,215,0VXgfZ,https://hackstack.io/navy/uplink/801,Service guide orbit,True,2025-02-12 20:28:39,2025-06-02 03:42:23
802,10,NHy8hV,https://seeded.app/dawn/journey/802,Status board signal,True,2025-06-16 17:10:21,2026-02-04 04:14:34
803,31,GEFOuc,https://seeded.app/rapid/canyon/803,Alert feed quartz,True,2025-04-17 18:14:50,2025-10-10 20:52:19
804,381,XBAXPL,https://relay.cloud/warm/anchor/804,Incident notes zenith,True,2025-06-11 23:26:41,2025-12-17 13:36:55
805,383,o3S1pA,https://relay.cloud/brisk/beacon/805,Roadmap update orbit,True,2025-08-29 10:21:57,2026-01-31 02:27:38
806,390,RriTXL,https://opswise.net/amber/lagoon/806,Service guide valley,True,2025-11-04 00:54:45,2025-11-11 01:04:58
807,230,zZnyaA,https://seeded.app/tidy/zenith/807,Launch deck canyon,True,2025-12-28 20:17:03,2026-02-18 13:18:13
808,128,Biq3AI,https://seeded.app/young/harvest/808,Quarterly brief valley,True,2025-08-02 01:46:14,2025-10-20 12:19:03
809,314,54cjCW,https://relay.cloud/gold/window/809,Service guide signal,True,2025-12-31 19:09:05,2026-01-30 00:26:52
810,230,IxqCiC,https://opswise.net/cobalt/journey/810,Launch deck beacon,True,2025-12-26 04:34:20,2026-01-09 05:10:10
811,375,u4hfA3,https://example.com/gold/kernel/811,Launch deck quartz,True,2025-10-21 18:20:26,2025-10-23 12:45:50
812,268,ElVu1C,https://seeded.app/rapid/beacon/812,Status board quartz,False,2025-11-14 02:27:42,2025-12-01 11:26:23
813,331,DjrCJf,https://seeded.app/ember/beacon/813,Quarterly brief pioneer,False,2025-01-11 08:10:15,2026-02-11 18:26:41
814,107,Y57aXQ,https://example.com/lively/island/814,Campaign page trail,False,2025-01-08 11:08:12,2025-06-28 18:23:10
815,298,ZXu7pc,https://seeded.app/vivid/engine/815,Incident notes engine,True,2026-02-09 17:57:15,2026-02-12 21:36:10
816,73,3yv8lW,https://acme.dev/silver/pioneer/816,Roadmap update quartz,False,2026-01-21 09:07:35,2026-02-13 04:47:32
817,66,lIyX2t,https://relay.cloud/jade/orbit/817,Roadmap update beacon,False,2025-01-27 13:21:32,2025-05-20 02:45:06
818,336,hP4XMD,https://example.com/jade/valley/818,Incident notes journey,True,2025-09-21 22:30:08,2025-10-06 00:10:13
819,297,QDourg,https://hackstack.io/quiet/orbit/819,Alert feed signal,True,2025-10-30 07:25:22,2026-01-20 01:27:12
820,252,6IuEdi,https://hackstack.io/urban/anchor/820,Ops review journey,False,2025-09-18 23:32:00,2025-11-07 02:32:10
821,167,9q5L5l,https://example.com/proud/delta/821,Quarterly brief window,True,2025-01-02 07:16:57,2025-12-07 18:47:10
822,182,de7jFU,https://hackstack.io/cobalt/valley/822,Status board harvest,True,2025-03-06 14:51:51,2026-02-09 07:22:48
823,163,7HYB8O,https://example.com/keen/lagoon/823,Ops review journey,False,2025-10-20 06:39:21,2026-02-19 04:39:13
824,295,4z1iOc,https://opswise.net/rapid/pioneer/824,Campaign page field,True,2025-06-16 06:40:34,2025-11-14 15:17:03
825,156,RdWPDA,https://relay.cloud/navy/garden/825,Status board canyon,True,2025-09-29 10:43:32,2025-12-01 09:17:38
826,291,2HQrAi,https://opswise.net/opal/kernel/826,Roadmap update canyon,False,2025-04-09 01:48:18,2025-10-14 14:06:28
827,272,6BORdJ,https://acme.dev/dawn/orbit/827,Alert feed journey,True,2025-08-04 11:04:17,2025-11-24 19:36:23
828,86,klASsc,https://example.com/amber/yard/828,Launch deck orbit,True,2025-08-26 01:21:23,2026-02-10 08:06:44
829,322,9bF2QW,https://seeded.app/calm/journey/829,Incident notes pioneer,True,2025-09-28 07:36:00,2025-12-12 23:58:02
830,147,yRMXYw,https://example.com/jade/yard/830,Ops review meadow,False,2025-07-23 19:43:14,2025-08-14 00:29:59
831,208,2JWEm7,https://hackstack.io/warm/zenith/831,Ops review uplink,True,2026-02-15 03:44:16,2026-02-19 15:06:59
832,359,1FtnHg,https://acme.dev/silver/delta/832,Campaign page uplink,True,2025-12-07 21:58:28,2026-01-26 21:43:17
833,389,ZBurO8,https://opswise.net/ember/window/833,Campaign page pioneer,True,2025-11-07 00:24:16,2025-12-22 18:25:39
834,23,3QsHk8,https://hackstack.io/lively/pioneer/834,Alert feed garden,True,2025-07-06 16:53:42,2026-01-12 23:23:10
835,257,tPneT5,https://seeded.app/dawn/uplink/835,Demo link engine,False,2026-02-17 10:24:54,2026-02-18 18:06:20
836,69,GY82gr,https://hackstack.io/tidy/pioneer/836,Quarterly brief harvest,True,2025-01-22 04:51:30,2025-03-09 16:50:48
837,201,qshD2L,https://acme.dev/forest/anchor/837,Incident notes island,False,2025-09-25 13:20:17,2026-02-05 16:51:54
838,230,igUnmx,https://hackstack.io/calm/yard/838,Alert feed island,False,2025-07-16 22:14:30,2025-11-28 21:15:59
839,389,ovErf3,https://acme.dev/warm/network/839,Incident notes delta,True,2025-06-02 15:31:30,2025-12-15 06:46:07
840,87,P41IRV,https://acme.dev/calm/meadow/840,Incident notes delta,True,2025-04-03 10:04:59,2025-12-28 01:58:06
841,52,Rd13RM,https://example.com/young/garden/841,Service guide kernel,True,2025-03-02 05:52:51,2025-05-27 07:36:22
842,114,GmapK6,https://example.com/ivory/window/842,Alert feed engine,True,2025-04-12 11:13:26,2025-09-29 05:39:17
843,167,OnMHpd,https://seeded.app/young/garden/843,Quarterly brief signal,True,2025-10-14 10:07:08,2026-01-25 07:20:35
844,188,OJIqfH,https://hackstack.io/jade/island/844,Launch deck field,False,2025-11-27 00:40:22,2025-12-05 19:35:30
845,53,fq31ZI,https://example.com/calm/pioneer/845,Campaign page lagoon,True,2025-05-15 18:21:40,2026-02-17 01:19:56
846,352,WpwZbc,https://hackstack.io/forest/quartz/846,Quarterly brief pioneer,True,2025-07-31 11:35:22,2026-01-20 01:38:54
847,341,R0OaCK,https://seeded.app/mellow/orbit/847,Ops review island,True,2025-04-13 21:14:14,2025-07-09 02:14:57
848,360,IfwCPS,https://opswise.net/urban/pioneer/848,Quarterly brief river,False,2025-06-08 11:31:47,2026-01-31 23:46:59
849,194,J7IlMV,https://seeded.app/navy/trail/849,Campaign page delta,True,2025-04-23 06:11:03,2025-08-18 02:40:19
850,73,B3zf09,https://hackstack.io/jade/canyon/850,Ops review garden,True,2025-12-13 13:01:58,2025-12-23 16:15:44
851,320,9DV4rI,https://seeded.app/keen/river/851,Demo link pioneer,True,2025-10-11 02:58:12,2025-11-05 06:43:48
852,95,zk2ibQ,https://seeded.app/lively/beacon/852,Launch deck pioneer,False,2025-03-03 14:23:53,2025-11-03 16:06:55
853,35,rJLN0u,https://seeded.app/ivory/anchor/853,Roadmap update uplink,False,2025-10-13 14:06:40,2025-11-04 17:05:23
854,133,j61w73,https://example.com/quiet/pioneer/854,Demo link orbit,True,2025-06-25 23:03:13,2025-12-25 16:39:54
855,314,rHsRSy,https://hackstack.io/calm/yard/855,Quarterly brief orbit,True,2026-01-03 02:50:51,2026-01-24 06:16:26
856,341,9iTLX0,https://hackstack.io/young/window/856,Roadmap update engine,True,2025-03-14 05:54:38,2025-10-14 12:14:09
857,349,nmF7L1,https://example.com/rapid/anchor/857,Launch deck beacon,True,2025-04-05 19:21:19,2025-07-15 14:16:55
858,176,WOfTtZ,https://seeded.app/clear/harvest/858,Alert feed pioneer,True,2025-05-08 05:51:59,2025-08-11 16:55:47
859,25,gBiZjz,https://seeded.app/forest/harvest/859,Campaign page engine,True,2025-11-28 16:45:04,2025-12-22 12:39:08
860,105,p658Vg,https://relay.cloud/harbor/orbit/860,Campaign page beacon,True,2026-02-15 12:30:27,2026-02-16 10:24:14
861,383,Rso5Mj,https://hackstack.io/young/delta/861,Service guide delta,True,2026-02-14 17:35:52,2026-02-18 02:49:07
862,11,pzxp6u,https://acme.dev/clear/valley/862,Quarterly brief kernel,True,2025-01-03 01:41:53,2025-11-02 13:13:01
863,292,JRBcYO,https://opswise.net/urban/trail/863,Campaign page harvest,True,2025-06-07 06:23:58,2025-06-20 00:15:27
864,347,z8p1pq,https://hackstack.io/tidy/delta/864,Service guide engine,True,2025-08-06 05:14:01,2025-09-04 02:04:31
865,40,1GAsQw,https://hackstack.io/navy/river/865,Launch deck garden,True,2025-09-13 08:14:00,2025-10-13 14:42:19
866,184,q8rJNx,https://relay.cloud/lively/harvest/866,Campaign page canyon,True,2025-01-01 07:44:23,2025-03-28 13:28:36
867,145,a7rPN6,https://relay.cloud/clear/network/867,Demo link engine,True,2025-03-12 20:39:02,2025-03-29 05:58:17
868,85,HIUpi4,https://example.com/warm/quartz/868,Service guide uplink,True,2025-02-11 23:37:05,2025-10-04 20:40:11
869,52,FePNLF,https://relay.cloud/proud/uplink/869,Campaign page kernel,True,2025-05-31 09:22:03,2025-07-11 17:28:24
870,21,4Lfxp6,https://hackstack.io/warm/zenith/870,Status board canyon,True,2025-08-12 01:49:41,2025-12-21 12:34:21
871,292,qDSMlr,https://acme.dev/silver/quartz/871,Quarterly brief journey,True,2025-04-10 06:48:48,2025-05-10 03:06:54
872,52,U69IR6,https://seeded.app/young/uplink/872,Incident notes uplink,True,2025-10-12 06:21:31,2026-01-30 04:23:26
873,226,qIgLtg,https://seeded.app/calm/orbit/873,Ops review valley,True,2025-06-19 12:54:21,2025-09-03 15:05:39
874,48,NIO1Lr,https://seeded.app/jade/orbit/874,Alert feed valley,True,2025-09-02 14:31:21,2026-02-04 09:35:00
875,272,axqr5o,https://seeded.app/opal/kernel/875,Quarterly brief uplink,True,2025-07-20 15:27:27,2026-01-26 11:54:06
876,282,rIrtqF,https://example.com/opal/beacon/876,Quarterly brief meadow,False,2025-11-20 21:25:36,2025-11-22 23:06:50
877,344,RzXtfd,https://acme.dev/dawn/field/877,Demo link window,False,2025-03-09 01:24:36,2026-01-19 12:04:13
878,79,fZfdfb,https://opswise.net/harbor/garden/878,Campaign page pioneer,True,2026-01-05 13:00:01,2026-02-14 07:08:57
879,261,ccyQ6l,https://example.com/brisk/zenith/879,Alert feed kernel,True,2025-11-17 10:27:15,2026-01-11 20:15:02
880,141,Ceo600,https://seeded.app/amber/garden/880,Launch deck meadow,True,2025-04-30 05:58:29,2025-07-04 08:26:15
881,320,EjUYCh,https://seeded.app/cobalt/journey/881,Roadmap update island,False,2026-02-08 17:35:42,2026-02-19 13:31:56
882,150,6TwcTZ,https://acme.dev/lively/journey/882,Ops review trail,False,2025-08-13 18:40:56,2025-12-07 22:33:55
883,253,hTl33O,https://opswise.net/opal/yard/883,Status board anchor,True,2025-12-21 11:34:54,2026-01-22 03:42:20
884,8,DeOHR3,https://opswise.net/young/island/884,Launch deck lagoon,True,2025-07-28 10:11:35,2025-12-26 02:49:59
885,302,QTIWkU,https://relay.cloud/dawn/kernel/885,Incident notes island,True,2025-02-10 09:05:47,2025-09-09 07:44:38
886,22,iPA8qZ,https://acme.dev/amber/signal/886,Ops review orbit,True,2025-10-05 15:53:16,2025-12-14 02:38:56
887,232,XI9Cv4,https://opswise.net/lively/anchor/887,Ops review canyon,False,2026-01-02 07:11:42,2026-01-27 23:29:55
888,328,ZeSKWF,https://hackstack.io/ivory/journey/888,Campaign page journey,True,2025-04-08 00:53:09,2025-12-18 07:27:42
889,393,UUcgJ4,https://opswise.net/cobalt/signal/889,Quarterly brief window,True,2025-06-24 13:29:35,2025-09-10 02:41:42
890,121,Fyfwls,https://opswise.net/vivid/garden/890,Campaign page engine,False,2025-03-25 01:34:56,2026-01-25 14:21:10
891,253,3oLGx8,https://seeded.app/lively/engine/891,Campaign page quartz,True,2025-05-07 04:23:52,2025-06-27 19:24:08
892,7,83Kyjk,https://example.com/forest/trail/892,Launch deck engine,True,2025-03-25 21:07:06,2025-04-05 22:10:43
893,385,W6I8tQ,https://seeded.app/young/yard/893,Alert feed garden,True,2025-02-11 03:08:50,2025-08-21 04:54:32
894,23,oGlcDz,https://acme.dev/amber/lagoon/894,Campaign page orbit,True,2025-08-22 04:02:51,2025-08-25 12:09:07
895,291,QlwZNf,https://hackstack.io/tidy/journey/895,Incident notes kernel,True,2025-10-01 20:58:57,2025-10-04 12:07:28
896,379,wZNUer,https://relay.cloud/brisk/harvest/896,Campaign page network,True,2025-04-05 11:48:48,2025-10-10 19:47:50
897,190,zXgnmP,https://seeded.app/quiet/zenith/897,Service guide canyon,True,2025-12-31 17:20:55,2026-01-03 04:09:15
898,75,WT5ani,https://hackstack.io/silver/canyon/898,Launch deck canyon,True,2025-03-14 08:54:13,2025-07-14 17:42:20
899,74,gZScvL,https://hackstack.io/cobalt/journey/899,Incident notes river,True,2025-06-01 14:49:13,2025-12-04 16:39:49
900,225,MDds2N,https://acme.dev/amber/signal/900,Status board harvest,True,2026-01-05 11:28:41,2026-01-18 19:34:38
901,7,GQob1x,https://relay.cloud/urban/field/901,Demo link zenith,False,2025-04-13 15:10:53,2025-07-15 06:24:45
902,229,qUk6QH,https://relay.cloud/cobalt/signal/902,Status board pioneer,True,2025-12-03 04:28:25,2026-01-26 10:02:57
903,354,HNw01K,https://hackstack.io/proud/island/903,Service guide anchor,True,2025-02-12 03:57:37,2026-01-19 22:06:43
904,374,z18Aad,https://hackstack.io/cobalt/uplink/904,Demo link island,True,2025-11-17 09:31:09,2025-12-08 05:41:38
905,354,VMhXIL,https://hackstack.io/clear/window/905,Campaign page uplink,True,2025-08-10 20:47:25,2025-10-17 09:58:09
906,49,ANkKoK,https://example.com/forest/orbit/906,Incident notes journey,True,2025-09-20 00:14:45,2025-09-30 13:39:39
907,385,lFRSfM,https://acme.dev/calm/engine/907,Campaign page uplink,False,2025-12-05 02:30:54,2026-02-09 12:40:24
908,134,8PhOO0,https://hackstack.io/dawn/zenith/908,Launch deck network,True,2025-02-24 16:48:58,2025-12-06 03:20:27
909,71,yuYu6U,https://opswise.net/dawn/signal/909,Launch deck zenith,True,2026-02-06 02:07:04,2026-02-15 23:01:34
910,267,cAZlRN,https://hackstack.io/urban/garden/910,Quarterly brief canyon,True,2025-06-08 03:38:22,2025-08-14 00:40:22
911,114,PQZUYJ,https://acme.dev/silver/orbit/911,Ops review beacon,False,2025-09-17 05:10:54,2025-10-18 09:59:10
912,133,hSMm8b,https://seeded.app/amber/beacon/912,Launch deck quartz,True,2025-07-11 23:24:24,2026-01-27 19:15:39
913,380,aZa6KU,https://relay.cloud/quiet/quartz/913,Demo link orbit,True,2025-11-10 14:24:02,2025-12-08 07:19:37
914,378,1tS3Sa,https://hackstack.io/amber/valley/914,Ops review lagoon,True,2025-10-06 05:43:57,2025-11-06 10:15:23
915,378,JQlfow,https://opswise.net/harbor/meadow/915,Quarterly brief network,True,2025-02-13 19:41:02,2025-05-23 11:32:38
916,254,SZkuLj,https://seeded.app/opal/orbit/916,Campaign page quartz,True,2025-04-14 15:47:58,2025-07-26 16:45:18
917,383,enEqhp,https://acme.dev/jade/anchor/917,Status board yard,True,2025-04-10 18:17:47,2025-06-17 00:35:26
918,276,Glb49d,https://relay.cloud/warm/network/918,Demo link anchor,True,2025-12-08 15:28:08,2026-02-05 18:16:00
919,379,ux49Yw,https://hackstack.io/warm/delta/919,Ops review pioneer,False,2025-12-14 02:50:50,2025-12-24 05:00:57
920,152,GUGz3f,https://seeded.app/vivid/delta/920,Alert feed quartz,True,2025-06-29 12:30:42,2025-08-03 17:18:15
921,197,pkwcYf,https://hackstack.io/brisk/lagoon/921,Campaign page harvest,True,2026-02-20 01:33:41,2026-02-20 11:42:11
922,206,Sti3kS,https://acme.dev/rapid/garden/922,Demo link signal,True,2026-01-19 13:46:30,2026-02-15 10:32:16
923,345,oLx8LD,https://hackstack.io/gold/journey/923,Alert feed journey,True,2025-03-19 21:01:44,2025-07-16 21:20:43
924,192,Y0TNn0,https://hackstack.io/ivory/delta/924,Demo link river,True,2025-03-27 08:35:48,2025-07-14 09:10:52
925,237,VdQ9Xp,https://relay.cloud/tidy/journey/925,Alert feed garden,True,2025-01-31 01:00:44,2025-03-30 21:15:50
926,333,BAcGoX,https://opswise.net/navy/garden/926,Roadmap update window,True,2025-05-18 05:44:57,2025-12-22 10:46:22
927,362,LmvzJO,https://opswise.net/rapid/valley/927,Quarterly brief signal,True,2025-10-01 03:05:22,2025-11-16 04:48:28
928,301,fSPAoV,https://hackstack.io/ivory/network/928,Status board river,True,2025-01-11 03:43:32,2025-08-31 22:31:09
929,203,8SZRBS,https://hackstack.io/brisk/window/929,Roadmap update anchor,True,2025-12-23 04:01:02,2026-01-30 13:33:23
930,365,5FFbup,https://hackstack.io/vivid/island/930,Demo link field,True,2025-08-20 17:11:01,2025-08-29 12:05:01
931,130,DMyuV0,https://seeded.app/ember/uplink/931,Quarterly brief lagoon,True,2025-03-29 02:59:36,2025-04-27 00:14:38
932,31,aq5dt4,https://seeded.app/navy/journey/932,Ops review canyon,True,2025-08-09 18:22:27,2025-08-31 06:30:45
933,335,8nRhkg,https://hackstack.io/silver/yard/933,Ops review field,True,2025-10-05 10:57:39,2025-11-27 23:39:38
934,309,WCZBXd,https://example.com/rapid/canyon/934,Launch deck island,True,2025-02-18 03:46:29,2025-11-21 11:21:22
935,16,mNgIYN,https://hackstack.io/urban/canyon/935,Alert feed kernel,True,2025-04-14 02:42:43,2025-12-20 10:27:11
936,1,k3AIi3,https://relay.cloud/calm/window/936,Demo link signal,True,2025-01-21 17:24:18,2025-09-16 14:23:57
937,359,H64IR7,https://hackstack.io/ivory/trail/937,Demo link kernel,True,2025-10-20 04:41:07,2025-11-29 11:21:50
938,275,Avr8DR,https://relay.cloud/gold/kernel/938,Quarterly brief harvest,True,2025-04-01 04:03:37,2026-01-06 20:47:39
939,175,lz2G4M,https://relay.cloud/proud/beacon/939,Incident notes signal,True,2025-06-01 12:40:20,2025-08-12 09:27:54
940,34,PpN8D9,https://seeded.app/urban/yard/940,Campaign page island,False,2025-02-28 12:42:43,2025-11-29 04:02:37
941,49,sgzqOD,https://relay.cloud/keen/garden/941,Roadmap update pioneer,True,2025-03-10 03:32:44,2025-03-27 21:29:01
942,160,YYMN4L,https://hackstack.io/urban/field/942,Quarterly brief uplink,False,2025-01-26 03:05:58,2025-04-15 06:33:32
943,375,OumdYJ,https://example.com/warm/meadow/943,Status board engine,True,2025-05-06 02:56:52,2025-06-20 16:30:00
944,174,bGHJeg,https://relay.cloud/harbor/island/944,Status board signal,True,2025-05-24 13:32:19,2025-06-06 10:33:46
945,149,DiUQHc,https://seeded.app/urban/anchor/945,Incident notes signal,True,2025-02-02 10:21:05,2025-07-26 22:16:18
946,205,ZtPHFN,https://relay.cloud/vivid/garden/946,Roadmap update yard,True,2025-03-13 21:03:41,2025-08-19 14:33:55
947,374,WCJZJ9,https://acme.dev/ember/orbit/947,Alert feed island,True,2025-08-18 08:44:55,2026-01-20 07:06:41
948,286,RZ5HTq,https://relay.cloud/amber/kernel/948,Campaign page quartz,True,2025-06-29 08:12:30,2025-10-26 04:47:45
949,277,K5iT1l,https://relay.cloud/dawn/quartz/949,Status board zenith,True,2025-02-22 23:12:39,2025-08-27 00:01:06
950,267,9ehFie,https://acme.dev/navy/garden/950,Quarterly brief anchor,True,2025-03-16 05:05:32,2025-04-27 15:24:07
951,162,TF33J1,https://acme.dev/forest/field/951,Demo link network,False,2025-09-17 07:30:47,2025-10-12 15:20:28
952,161,LrolvC,https://example.com/lively/network/952,Demo link engine,True,2025-09-12 20:24:23,2026-02-02 09:13:55
953,53,aQ0Ivj,https://hackstack.io/warm/zenith/953,Alert feed field,True,2025-10-03 09:07:24,2025-11-01 01:48:38
954,379,zeVzIQ,https://relay.cloud/forest/meadow/954,Quarterly brief signal,True,2026-01-07 02:13:58,2026-02-04 04:03:07
955,235,kiRH7T,https://acme.dev/ivory/garden/955,Service guide beacon,True,2025-09-07 00:23:08,2026-02-04 03:56:42
956,272,FJSbgq,https://seeded.app/dawn/field/956,Incident notes river,True,2025-07-27 23:18:06,2025-09-21 21:44:06
957,28,k2xsYN,https://seeded.app/proud/garden/957,Campaign page yard,True,2025-12-31 13:33:02,2026-01-10 16:33:44
958,234,YW1Z2X,https://relay.cloud/young/window/958,Service guide signal,True,2025-10-23 02:24:45,2025-11-25 23:51:22
959,222,QwPXy2,https://relay.cloud/ivory/pioneer/959,Incident notes window,False,2025-07-21 15:03:23,2026-01-21 08:18:44
960,168,TaCMzE,https://opswise.net/lively/quartz/960,Service guide canyon,True,2025-01-03 12:54:37,2025-02-03 06:04:02
961,33,G9bCBU,https://seeded.app/ivory/pioneer/961,Demo link journey,False,2025-09-15 17:46:06,2026-02-13 19:39:34
962,284,WNZn07,https://seeded.app/warm/journey/962,Ops review anchor,True,2025-02-20 19:33:08,2025-09-02 09:27:46
963,398,NMuLTP,https://seeded.app/clear/yard/963,Status board anchor,True,2026-01-30 17:59:37,2026-02-02 08:26:00
964,189,lTFEa4,https://hackstack.io/forest/network/964,Alert feed pioneer,True,2025-01-17 06:21:16,2025-04-02 05:50:22
965,259,xyK1WA,https://acme.dev/cobalt/canyon/965,Service guide zenith,False,2025-08-24 10:50:01,2025-08-25 13:25:53
966,34,Wf5n1R,https://relay.cloud/clear/island/966,Demo link quartz,True,2025-06-01 17:57:11,2025-09-08 23:03:07
967,212,2y7XWH,https://example.com/vivid/pioneer/967,Quarterly brief meadow,True,2025-03-01 22:12:20,2025-09-01 06:09:25
968,234,a80HFQ,https://seeded.app/navy/harvest/968,Service guide network,True,2025-02-19 01:54:01,2025-03-21 14:09:58
969,154,nnX43L,https://relay.cloud/ivory/trail/969,Incident notes lagoon,True,2025-02-10 14:42:37,2025-09-13 01:14:25
970,48,WG7zkP,https://hackstack.io/keen/valley/970,Incident notes orbit,True,2025-09-30 08:33:15,2025-12-12 16:44:32
971,293,qXxbHz,https://seeded.app/quiet/field/971,Demo link canyon,True,2025-10-09 16:22:01,2025-12-17 03:08:07
972,88,fzynPs,https://example.com/ember/anchor/972,Incident notes delta,False,2025-12-08 09:32:05,2026-01-16 08:15:28
973,180,pP6HHC,https://seeded.app/ivory/field/973,Campaign page quartz,True,2025-05-10 01:09:13,2025-11-20 03:50:56
974,279,hhaqm8,https://relay.cloud/opal/lagoon/974,Launch deck canyon,True,2025-11-28 09:54:00,2025-11-29 10:44:31
975,93,giq8wE,https://example.com/urban/harvest/975,Service guide garden,True,2025-08-03 02:35:07,2025-11-15 06:34:48
976,78,TfMMGd,https://seeded.app/ivory/canyon/976,Service guide orbit,True,2025-05-13 00:52:46,2025-11-10 19:17:57
977,263,5zUyvM,https://relay.cloud/silver/meadow/977,Ops review trail,True,2025-08-21 21:52:29,2025-11-21 07:27:23
978,162,NJwSZn,https://seeded.app/vivid/pioneer/978,Ops review uplink,False,2025-10-26 16:30:34,2026-01-25 21:15:00
979,100,SFDaHC,https://hackstack.io/opal/orbit/979,Demo link network,True,2025-03-12 23:00:28,2025-06-19 05:55:14
980,393,kjro2R,https://seeded.app/vivid/network/980,Incident notes river,True,2025-09-23 18:32:04,2026-02-17 18:02:45
981,122,q0qCdY,https://opswise.net/jade/kernel/981,Ops review engine,True,2025-08-09 03:25:47,2026-02-15 18:56:42
982,378,qm4TWU,https://example.com/calm/orbit/982,Status board anchor,True,2025-07-22 00:19:12,2025-07-29 08:43:44
983,123,PVt1RE,https://example.com/opal/yard/983,Incident notes delta,True,2026-01-25 01:07:13,2026-01-30 07:28:57
984,96,zaFe8H,https://hackstack.io/lively/anchor/984,Campaign page orbit,False,2025-02-28 10:34:23,2025-07-30 16:34:33
985,48,xLtcO5,https://opswise.net/keen/garden/985,Ops review trail,True,2025-01-03 09:42:13,2025-03-15 23:25:58
986,268,3ZhXBO,https://acme.dev/ember/meadow/986,Service guide island,True,2025-11-18 16:41:10,2025-11-28 13:20:28
987,29,NmvFwu,https://relay.cloud/calm/uplink/987,Service guide trail,True,2025-03-13 22:35:45,2025-07-14 03:18:54
988,390,ySxlos,https://example.com/rapid/anchor/988,Demo link yard,True,2025-09-01 16:44:38,2025-09-24 21:08:06
989,190,hA8X0U,https://opswise.net/dawn/field/989,Ops review signal,True,2025-06-11 17:58:54,2026-01-08 14:37:19
990,319,8x5MGr,https://seeded.app/amber/quartz/990,Alert feed canyon,True,2026-01-19 13:49:33,2026-02-01 18:41:47
991,30,uaa0Vu,https://opswise.net/ember/yard/991,Status board yard,True,2026-02-09 09:08:18,2026-02-18 14:38:45
992,286,tpqdWB,https://example.com/opal/zenith/992,Launch deck journey,False,2026-01-25 17:17:06,2026-02-08 05:33:42
993,355,kkCnJk,https://relay.cloud/quiet/engine/993,Incident notes anchor,True,2025-04-19 02:38:17,2025-05-06 14:23:05
994,385,ROTTGn,https://hackstack.io/tidy/zenith/994,Ops review field,True,2026-02-05 08:42:55,2026-02-06 14:11:07
995,109,cTxYzZ,https://relay.cloud/young/orbit/995,Alert feed engine,True,2025-11-23 13:48:55,2026-02-05 21:54:35
996,107,8fB2dW,https://example.com/rapid/river/996,Service guide window,True,2025-04-02 01:36:09,2026-02-13 04:47:55
997,181,JhS2ku,https://hackstack.io/cobalt/pioneer/997,Alert feed garden,True,2025-05-15 04:49:39,2025-10-15 13:01:24
998,50,ZH7fyx,https://seeded.app/tidy/island/998,Quarterly brief orbit,True,2025-10-12 12:09:55,2026-02-03 12:10:21
999,164,SlwOuY,https://opswise.net/jade/canyon/999,Incident notes signal,False,2025-06-29 12:30:11,2025-09-26 17:50:39
1000,198,NlpC9j,https://opswise.net/amber/meadow/1000,Quarterly brief anchor,True,2026-02-06 03:37:58,2026-02-12 23:41:58
1001,19,eXinSz,https://seeded.app/dawn/harvest/1001,Service guide orbit,False,2025-02-15 10:12:42,2025-12-03 10:47:48
1002,167,E1nVFw,https://seeded.app/gold/quartz/1002,Campaign page island,True,2025-05-08 17:01:00,2025-10-04 08:26:06
1003,327,TO9tue,https://relay.cloud/amber/trail/1003,Incident notes harvest,True,2025-04-23 05:02:48,2025-11-30 07:40:06
1004,393,4WYfEF,https://relay.cloud/quiet/journey/1004,Campaign page valley,True,2025-11-13 14:53:33,2025-12-29 09:26:41
1005,28,EOl5ew,https://hackstack.io/forest/engine/1005,Roadmap update island,True,2025-03-03 17:17:20,2025-04-25 12:54:27
1006,75,TfzZ12,https://seeded.app/amber/valley/1006,Quarterly brief kernel,True,2025-01-09 17:09:48,2025-03-10 11:14:49
1007,353,PmfObY,https://acme.dev/quiet/trail/1007,Quarterly brief kernel,True,2025-05-26 20:00:19,2026-01-12 02:02:30
1008,385,K8Wsvh,https://example.com/vivid/delta/1008,Service guide orbit,True,2025-06-06 19:30:09,2025-09-10 09:20:24
1009,311,OQd8xf,https://relay.cloud/proud/kernel/1009,Alert feed orbit,True,2025-05-18 15:53:52,2026-01-03 21:25:04
1010,134,XDoio5,https://hackstack.io/quiet/delta/1010,Demo link beacon,True,2025-01-08 10:44:34,2025-04-08 16:31:56
1011,143,5oCsZo,https://hackstack.io/vivid/journey/1011,Status board signal,True,2025-04-15 11:56:54,2025-04-16 13:19:20
1012,231,DPHdyu,https://acme.dev/warm/yard/1012,Demo link beacon,True,2025-12-11 04:26:54,2026-01-16 17:05:59
1013,65,tFiKxI,https://example.com/opal/beacon/1013,Roadmap update orbit,True,2025-07-15 06:49:53,2026-02-16 11:32:13
1014,81,WbsD74,https://opswise.net/quiet/field/1014,Roadmap update field,True,2026-02-14 07:12:55,2026-02-19 03:18:32
1015,5,qw34US,https://acme.dev/brisk/journey/1015,Quarterly brief lagoon,True,2025-12-12 23:56:12,2025-12-23 10:01:55
1016,182,IN5Uze,https://acme.dev/navy/uplink/1016,Alert feed garden,True,2025-12-07 13:13:54,2026-01-28 04:07:49
1017,361,DsnE4b,https://hackstack.io/amber/uplink/1017,Ops review window,True,2025-10-09 01:12:11,2026-01-09 19:13:40
1018,99,ZJUFsA,https://example.com/lively/island/1018,Incident notes valley,True,2026-01-06 00:48:57,2026-01-22 08:07:07
1019,59,Z1F8nk,https://seeded.app/brisk/pioneer/1019,Incident notes meadow,False,2025-05-29 22:07:39,2025-06-30 22:26:44
1020,329,AOHhZr,https://relay.cloud/gold/river/1020,Launch deck canyon,True,2026-02-11 19:00:44,2026-02-19 18:32:25
1021,344,WgaTOv,https://seeded.app/gold/canyon/1021,Ops review signal,True,2025-08-08 03:48:15,2026-01-22 15:10:57
1022,203,1rbstb,https://hackstack.io/vivid/journey/1022,Demo link delta,True,2025-12-02 23:05:22,2026-01-05 17:31:59
1023,163,Ili7YX,https://seeded.app/harbor/orbit/1023,Service guide meadow,False,2025-07-12 04:34:51,2025-12-11 04:19:45
1024,109,lgGQwy,https://relay.cloud/urban/harvest/1024,Status board window,False,2025-11-21 11:33:00,2026-02-05 09:56:11
1025,228,OryYDZ,https://seeded.app/young/yard/1025,Ops review river,True,2025-01-16 06:47:53,2025-02-11 21:39:10
1026,175,InNJKx,https://seeded.app/forest/pioneer/1026,Status board delta,True,2025-07-18 18:37:33,2026-02-14 10:05:04
1027,232,cUE312,https://example.com/calm/delta/1027,Alert feed river,True,2025-02-28 01:33:18,2025-06-09 01:47:14
1028,361,f0n3WR,https://example.com/proud/window/1028,Service guide quartz,True,2025-06-26 03:10:38,2025-07-14 05:08:14
1029,70,FKgg8C,https://opswise.net/urban/harvest/1029,Status board canyon,True,2025-08-06 12:01:37,2026-01-29 07:03:30
1030,112,KweyHb,https://relay.cloud/cobalt/pioneer/1030,Status board kernel,True,2026-02-14 11:58:31,2026-02-17 23:30:18
1031,332,67e0k7,https://acme.dev/harbor/journey/1031,Campaign page field,True,2025-07-19 20:02:38,2025-10-01 17:45:50
1032,374,SNArT5,https://relay.cloud/gold/trail/1032,Alert feed field,False,2025-01-02 05:46:45,2025-08-29 16:43:52
1033,88,2kN2gf,https://opswise.net/warm/yard/1033,Quarterly brief yard,False,2025-05-31 14:08:56,2025-07-21 15:01:03
1034,220,avyonA,https://acme.dev/forest/canyon/1034,Quarterly brief quartz,False,2025-02-17 15:32:01,2025-08-11 22:44:05
1035,18,Z23utZ,https://hackstack.io/vivid/anchor/1035,Service guide engine,True,2025-06-04 10:58:31,2025-12-27 07:19:51
1036,241,kN3eJN,https://relay.cloud/cobalt/harvest/1036,Service guide journey,True,2026-01-24 10:18:35,2026-02-06 15:30:08
1037,269,D3V9wQ,https://example.com/tidy/zenith/1037,Ops review harvest,True,2025-02-26 11:48:10,2025-03-24 21:59:17
1038,259,mg5Rym,https://hackstack.io/ivory/island/1038,Service guide delta,True,2025-07-22 07:02:22,2026-02-07 22:29:53
1039,353,XWlwIb,https://example.com/tidy/beacon/1039,Alert feed pioneer,False,2025-04-09 02:07:54,2025-07-08 21:04:47
1040,301,TQKuVB,https://relay.cloud/navy/island/1040,Alert feed beacon,True,2025-03-13 04:37:11,2025-07-08 18:37:04
1041,316,RvyXQP,https://seeded.app/lively/signal/1041,Launch deck field,True,2025-12-26 13:16:18,2026-01-19 23:19:41
1042,48,UipLRl,https://acme.dev/urban/orbit/1042,Ops review orbit,True,2025-06-06 09:46:15,2025-11-21 12:55:44
1043,308,UBTmwl,https://hackstack.io/dawn/canyon/1043,Ops review engine,False,2025-03-14 08:17:03,2025-04-03 05:11:03
1044,224,ATZeXm,https://opswise.net/clear/lagoon/1044,Demo link window,True,2025-05-07 06:23:56,2025-12-23 23:26:54
1045,299,FJCCR8,https://opswise.net/tidy/kernel/1045,Demo link meadow,False,2025-03-12 19:56:26,2025-11-05 03:50:26
1046,186,VEr9s8,https://relay.cloud/dawn/lagoon/1046,Quarterly brief river,True,2025-08-15 18:27:19,2026-01-02 06:55:10
1047,155,GYlQDo,https://relay.cloud/ember/zenith/1047,Quarterly brief beacon,True,2025-03-14 07:36:58,2025-10-05 07:03:24
1048,91,Xd1opb,https://relay.cloud/warm/river/1048,Launch deck engine,True,2025-05-16 22:22:10,2025-06-12 17:04:03
1049,173,GZo7YC,https://relay.cloud/forest/delta/1049,Service guide field,True,2025-06-27 12:30:57,2025-07-23 04:24:50
1050,395,rrvNjd,https://example.com/clear/delta/1050,Demo link orbit,True,2025-12-17 06:18:15,2026-01-15 19:18:25
1051,118,CfGtYC,https://example.com/amber/engine/1051,Roadmap update network,True,2025-01-16 10:15:39,2025-08-15 00:18:51
1052,317,AXhMiT,https://hackstack.io/keen/canyon/1052,Service guide anchor,False,2025-11-10 22:24:14,2025-11-30 01:34:22
1053,296,lftikX,https://seeded.app/mellow/engine/1053,Service guide pioneer,False,2025-10-13 06:05:48,2025-11-15 23:30:16
1054,49,oc6hx4,https://seeded.app/forest/garden/1054,Campaign page trail,True,2025-08-08 12:51:09,2025-09-30 15:15:23
1055,24,MF4O5P,https://relay.cloud/rapid/engine/1055,Incident notes signal,True,2025-11-25 17:06:36,2026-01-21 00:39:50
1056,329,576UNb,https://relay.cloud/gold/delta/1056,Quarterly brief river,True,2025-01-16 03:36:45,2025-07-29 22:04:02
1057,56,C26gk6,https://acme.dev/harbor/zenith/1057,Demo link engine,True,2025-11-11 12:19:33,2026-02-06 02:41:41
1058,170,2jYTUK,https://acme.dev/harbor/quartz/1058,Quarterly brief island,True,2025-04-08 12:53:00,2025-09-04 15:46:26
1059,20,UuNVx7,https://hackstack.io/ivory/yard/1059,Quarterly brief yard,True,2025-02-20 21:33:54,2025-06-30 03:49:32
1060,213,GPcFO5,https://seeded.app/warm/trail/1060,Status board canyon,True,2025-02-01 03:55:20,2025-06-24 21:12:17
1061,262,7dQMu0,https://seeded.app/opal/meadow/1061,Roadmap update harvest,False,2025-11-12 03:57:11,2025-12-31 22:52:49
1062,397,bb1yxw,https://opswise.net/warm/zenith/1062,Service guide orbit,True,2025-06-23 11:51:53,2026-01-11 05:51:35
1063,283,DyURSX,https://relay.cloud/mellow/island/1063,Ops review lagoon,True,2025-08-09 01:21:32,2026-01-08 23:51:34
1064,179,MOcSze,https://relay.cloud/forest/field/1064,Roadmap update harvest,True,2025-05-28 04:16:56,2025-10-11 18:00:15
1065,94,iA9Kyf,https://example.com/ember/yard/1065,Alert feed river,True,2026-02-02 23:04:20,2026-02-17 09:43:30
1066,93,4XR3nL,https://example.com/ivory/uplink/1066,Ops review lagoon,True,2026-02-02 15:58:16,2026-02-10 09:26:31
1067,41,vbmUsp,https://hackstack.io/opal/meadow/1067,Launch deck anchor,False,2025-10-27 13:44:09,2026-01-20 00:34:44
1068,195,KUMgaF,https://seeded.app/forest/trail/1068,Ops review island,True,2025-02-21 17:31:34,2025-12-10 07:14:36
1069,54,mji88Q,https://hackstack.io/proud/garden/1069,Service guide field,True,2025-08-08 17:00:43,2025-11-05 00:24:01
1070,136,tLEu4E,https://opswise.net/mellow/field/1070,Incident notes delta,True,2025-06-20 10:20:25,2025-09-12 15:53:02
1071,166,Mw3yJE,https://example.com/harbor/valley/1071,Status board trail,False,2025-03-17 10:44:37,2025-06-12 04:53:06
1072,130,9AgjEp,https://opswise.net/jade/quartz/1072,Alert feed kernel,True,2025-02-08 10:10:11,2025-06-22 03:15:07
1073,345,MRvxTe,https://relay.cloud/ivory/window/1073,Launch deck harvest,False,2025-02-20 16:23:13,2025-12-17 17:37:54
1074,237,GiWcsl,https://seeded.app/warm/beacon/1074,Ops review quartz,True,2026-02-14 07:14:27,2026-02-18 00:56:49
1075,126,Qe0EVq,https://acme.dev/harbor/signal/1075,Status board beacon,True,2025-01-31 20:22:11,2025-06-01 10:49:49
1076,14,dkFOFV,https://opswise.net/gold/zenith/1076,Incident notes yard,True,2025-07-06 19:03:42,2025-09-04 00:10:11
1077,24,vuMtKG,https://acme.dev/rapid/network/1077,Service guide anchor,True,2025-06-01 05:38:45,2026-01-14 06:37:11
1078,375,6yd1SN,https://hackstack.io/silver/window/1078,Ops review zenith,True,2025-07-23 22:45:58,2025-09-30 12:31:12
1079,242,tyLjwu,https://hackstack.io/mellow/beacon/1079,Ops review quartz,True,2025-06-01 03:32:42,2025-10-08 02:09:12
1080,257,iWUCDS,https://acme.dev/silver/zenith/1080,Alert feed beacon,False,2025-08-02 19:52:52,2026-01-02 03:24:36
1081,14,x74YHs,https://example.com/proud/quartz/1081,Service guide engine,True,2025-05-07 12:26:52,2025-07-07 18:30:58
1082,26,btoL6t,https://seeded.app/quiet/trail/1082,Service guide signal,True,2025-03-20 00:15:01,2025-06-05 12:05:52
1083,267,xDUuTk,https://seeded.app/clear/canyon/1083,Launch deck meadow,True,2025-10-10 12:00:25,2025-12-16 08:01:31
1084,195,oqhlXw,https://acme.dev/navy/field/1084,Status board uplink,True,2025-02-27 22:52:01,2025-08-28 03:33:47
1085,320,CgBlc0,https://acme.dev/clear/orbit/1085,Launch deck garden,True,2025-04-04 11:52:45,2025-08-08 10:13:44
1086,281,MAzWN9,https://acme.dev/young/pioneer/1086,Incident notes valley,False,2025-10-19 22:07:06,2025-12-04 21:33:01
1087,337,KjqSCI,https://seeded.app/ivory/signal/1087,Alert feed valley,True,2025-04-25 13:36:49,2025-05-24 05:46:14
1088,238,mBcTLE,https://relay.cloud/tidy/pioneer/1088,Alert feed garden,True,2025-04-02 01:46:40,2025-09-29 13:26:32
1089,135,mQpu8L,https://acme.dev/dawn/window/1089,Alert feed trail,True,2025-01-05 23:16:01,2025-01-20 11:03:09
1090,360,Ghawc3,https://relay.cloud/dawn/orbit/1090,Launch deck quartz,True,2025-07-02 02:24:09,2025-09-06 12:28:08
1091,313,dwpvvR,https://hackstack.io/navy/journey/1091,Campaign page kernel,True,2025-08-26 15:21:42,2025-12-27 12:39:08
1092,77,FNpWVS,https://acme.dev/cobalt/signal/1092,Status board journey,False,2025-02-28 09:01:34,2025-05-05 04:51:38
1093,104,lTAlz2,https://acme.dev/ember/quartz/1093,Incident notes orbit,True,2025-12-15 16:47:19,2026-02-08 23:08:41
1094,263,3yzcGa,https://hackstack.io/vivid/engine/1094,Ops review island,True,2026-01-02 05:57:30,2026-01-26 05:54:22
1095,206,xipCFm,https://opswise.net/calm/meadow/1095,Demo link kernel,True,2025-01-21 01:03:52,2025-11-25 04:23:26
1096,362,ihd8jA,https://relay.cloud/rapid/meadow/1096,Campaign page anchor,True,2025-10-23 08:18:25,2025-12-08 00:47:10
1097,49,VNbGzX,https://hackstack.io/vivid/river/1097,Campaign page orbit,True,2025-02-03 06:26:26,2025-06-16 08:10:43
1098,129,X66QsL,https://relay.cloud/lively/uplink/1098,Ops review island,True,2025-09-28 12:58:46,2026-02-07 21:00:45
1099,380,GUQgrJ,https://seeded.app/mellow/island/1099,Ops review yard,True,2025-09-27 23:31:23,2025-11-29 14:00:14
1100,63,umcWst,https://seeded.app/silver/trail/1100,Service guide kernel,True,2025-03-24 19:30:36,2025-10-07 22:55:23
1101,59,cEO4Cn,https://seeded.app/harbor/beacon/1101,Roadmap update signal,True,2026-02-02 09:16:04,2026-02-17 01:33:05
1102,86,5v2utk,https://relay.cloud/urban/beacon/1102,Quarterly brief anchor,True,2025-07-01 18:02:03,2025-09-14 05:30:18
1103,383,HTw93y,https://example.com/mellow/window/1103,Incident notes field,True,2025-02-03 13:47:35,2025-12-30 06:51:32
1104,126,rneDh9,https://relay.cloud/mellow/zenith/1104,Launch deck field,True,2026-01-08 23:17:13,2026-01-28 07:43:54
1105,263,tKQmiL,https://seeded.app/calm/quartz/1105,Status board zenith,True,2025-05-13 23:01:20,2025-10-26 00:05:09
1106,373,Mj4Jnv,https://acme.dev/vivid/harvest/1106,Campaign page lagoon,False,2025-07-20 08:23:20,2026-01-25 20:10:14
1107,204,LuWr2R,https://example.com/young/beacon/1107,Demo link garden,True,2025-11-06 18:08:37,2025-12-09 23:22:16
1108,224,Yy5x90,https://acme.dev/calm/kernel/1108,Ops review orbit,True,2025-09-10 10:19:17,2025-11-27 11:56:07
1109,370,ggMfjN,https://hackstack.io/amber/network/1109,Launch deck yard,True,2025-04-25 18:06:03,2025-11-22 18:49:45
1110,207,rMgwl2,https://acme.dev/urban/garden/1110,Ops review kernel,True,2026-01-22 16:36:18,2026-01-26 10:04:13
1111,63,0Cr8k1,https://example.com/navy/network/1111,Ops review delta,True,2025-02-15 15:38:31,2026-01-17 11:32:24
1112,172,ciENy2,https://seeded.app/keen/yard/1112,Status board journey,True,2025-06-25 13:34:00,2025-08-30 23:00:58
1113,240,r1kK99,https://opswise.net/gold/lagoon/1113,Alert feed river,False,2026-01-21 13:24:47,2026-02-09 18:15:13
1114,384,VN9H61,https://example.com/clear/window/1114,Demo link lagoon,True,2025-03-23 20:10:57,2025-04-03 19:05:21
1115,2,LbP8UA,https://opswise.net/amber/orbit/1115,Status board river,True,2025-06-16 19:47:46,2026-01-10 06:11:00
1116,113,JaD6EY,https://relay.cloud/mellow/orbit/1116,Campaign page beacon,True,2025-06-30 05:03:26,2025-09-28 21:02:25
1117,371,28vDxN,https://seeded.app/amber/river/1117,Quarterly brief anchor,False,2025-03-19 21:44:55,2025-11-11 21:15:26
1118,360,O4AC7w,https://opswise.net/ember/valley/1118,Roadmap update valley,True,2025-11-18 00:27:23,2025-12-06 22:07:39
1119,361,QS0Bbn,https://opswise.net/jade/valley/1119,Launch deck network,True,2025-09-19 19:27:23,2025-12-31 02:51:39
1120,112,CV0W3k,https://hackstack.io/harbor/valley/1120,Incident notes window,True,2025-10-18 06:40:03,2025-12-30 13:35:30
1121,336,tiFKwr,https://relay.cloud/calm/field/1121,Service guide lagoon,True,2025-04-21 12:30:35,2025-06-19 16:38:02
1122,151,8uGK3F,https://opswise.net/harbor/pioneer/1122,Quarterly brief canyon,True,2025-10-10 00:39:56,2025-10-23 15:25:30
1123,395,igyAyU,https://relay.cloud/proud/harvest/1123,Quarterly brief signal,True,2025-03-12 18:10:17,2026-02-18 11:52:53
1124,99,Eg44wr,https://seeded.app/mellow/engine/1124,Service guide delta,True,2026-01-02 00:54:43,2026-01-19 17:58:46
1125,109,dAayAI,https://relay.cloud/rapid/anchor/1125,Incident notes harvest,False,2025-08-05 00:07:11,2025-11-03 08:35:30
1126,136,qPrN5Q,https://acme.dev/navy/zenith/1126,Status board quartz,False,2025-02-09 19:03:28,2025-09-22 16:25:31
1127,222,Ll82Nt,https://hackstack.io/calm/delta/1127,Status board kernel,True,2025-01-01 16:16:26,2025-10-06 09:51:32
1128,201,8acQfe,https://example.com/quiet/field/1128,Alert feed zenith,True,2025-04-02 17:26:26,2025-09-24 07:38:19
1129,143,cLXcnR,https://example.com/amber/lagoon/1129,Campaign page kernel,False,2025-09-07 09:50:43,2025-10-06 19:59:08
1130,339,sh0Bjv,https://hackstack.io/vivid/beacon/1130,Service guide harvest,False,2025-06-15 15:51:24,2025-12-01 05:58:13
1131,368,bUPnsB,https://acme.dev/keen/journey/1131,Launch deck journey,True,2025-12-17 21:10:46,2026-01-26 09:45:35
1132,345,hbmgTh,https://hackstack.io/lively/yard/1132,Incident notes river,False,2025-07-22 21:06:48,2026-02-06 07:20:11
1133,388,iOkWof,https://relay.cloud/proud/trail/1133,Demo link garden,True,2026-01-31 22:59:36,2026-02-12 12:07:03
1134,175,Y1YSSV,https://opswise.net/opal/yard/1134,Incident notes window,True,2025-08-31 04:20:04,2025-09-18 17:55:13
1135,339,Xg2rl6,https://acme.dev/rapid/network/1135,Service guide quartz,False,2025-01-12 20:22:38,2025-01-16 13:03:36
1136,329,yzI9bb,https://acme.dev/tidy/canyon/1136,Demo link network,True,2026-01-26 14:25:36,2026-02-10 02:30:45
1137,346,1hEaSm,https://hackstack.io/amber/yard/1137,Service guide yard,False,2026-01-21 23:09:06,2026-01-22 06:19:55
1138,113,CXwrAC,https://example.com/harbor/yard/1138,Roadmap update engine,True,2025-02-13 03:15:28,2025-10-06 05:56:27
1139,146,DqYimS,https://acme.dev/tidy/uplink/1139,Incident notes window,False,2025-06-06 21:25:51,2025-10-06 00:23:52
1140,121,kiGBVb,https://hackstack.io/brisk/journey/1140,Incident notes pioneer,False,2025-06-23 03:44:28,2025-11-15 02:07:18
1141,391,EL3V3a,https://hackstack.io/ivory/pioneer/1141,Quarterly brief zenith,False,2025-03-06 01:21:45,2025-06-17 04:36:15
1142,316,Rsb3G2,https://example.com/vivid/yard/1142,Service guide field,True,2026-01-10 17:06:06,2026-01-11 23:18:38
1143,128,xzXD7n,https://hackstack.io/proud/orbit/1143,Roadmap update island,True,2025-03-28 06:06:17,2025-05-01 06:06:17
1144,50,pDf65n,https://hackstack.io/dawn/quartz/1144,Status board delta,False,2025-07-23 06:25:27,2025-11-10 21:40:56
1145,280,aMADfA,https://relay.cloud/mellow/orbit/1145,Service guide signal,True,2025-06-29 11:52:17,2025-10-09 02:22:22
1146,165,FYyr7Y,https://example.com/quiet/kernel/1146,Launch deck signal,True,2025-03-20 10:04:06,2025-07-25 11:25:53
1147,364,TzaSAj,https://seeded.app/ember/zenith/1147,Incident notes river,True,2025-09-07 22:10:50,2026-02-10 04:24:01
1148,357,yoK88m,https://hackstack.io/urban/canyon/1148,Launch deck field,True,2025-09-08 23:29:48,2026-01-04 13:06:04
1149,135,IAqXAP,https://seeded.app/ember/signal/1149,Ops review window,True,2025-06-28 23:21:22,2026-01-04 07:33:42
1150,399,wKXsi8,https://seeded.app/opal/window/1150,Roadmap update meadow,False,2025-12-13 17:06:47,2026-02-03 16:53:53
1151,15,Q4FGMu,https://relay.cloud/clear/harvest/1151,Service guide engine,True,2025-01-25 14:20:07,2025-05-07 11:36:08
1152,149,l6MvXy,https://relay.cloud/harbor/meadow/1152,Alert feed engine,True,2025-01-08 16:04:07,2025-11-22 18:29:35
1153,400,Oolonv,https://opswise.net/jade/engine/1153,Roadmap update garden,True,2025-10-07 19:16:25,2025-11-18 20:31:58
1154,38,WY2p4l,https://example.com/mellow/canyon/1154,Campaign page lagoon,True,2025-08-24 04:45:58,2026-01-22 06:47:35
1155,189,glkVmV,https://seeded.app/keen/delta/1155,Launch deck network,True,2025-10-02 20:32:44,2026-01-20 03:39:45
1156,304,WuwgFu,https://hackstack.io/brisk/orbit/1156,Quarterly brief pioneer,True,2025-11-11 07:58:26,2026-01-30 01:34:09
1157,146,iKjSqv,https://relay.cloud/forest/beacon/1157,Status board orbit,True,2025-02-18 21:58:50,2026-01-15 14:00:13
1158,362,mCeHB9,https://seeded.app/lively/valley/1158,Service guide meadow,True,2025-08-29 08:29:55,2025-12-16 19:23:56
1159,296,ooAl6j,https://relay.cloud/brisk/zenith/1159,Incident notes uplink,True,2025-12-12 19:52:23,2025-12-24 06:44:36
1160,24,gKPKsO,https://acme.dev/cobalt/pioneer/1160,Campaign page kernel,False,2025-10-04 12:48:31,2025-12-14 05:17:54
1161,381,I2YtUf,https://hackstack.io/harbor/delta/1161,Incident notes kernel,True,2025-11-01 17:56:19,2026-02-07 03:39:11
1162,113,PeYgP9,https://relay.cloud/ember/zenith/1162,Campaign page kernel,True,2025-04-06 00:04:47,2025-12-08 22:27:56
1163,140,60xDo5,https://example.com/keen/island/1163,Status board trail,False,2025-03-09 18:04:03,2025-09-17 22:40:41
1164,185,tUnC1u,https://acme.dev/brisk/trail/1164,Incident notes lagoon,True,2026-01-12 12:40:11,2026-01-28 22:16:41
1165,244,CZYqXL,https://hackstack.io/young/lagoon/1165,Quarterly brief pioneer,True,2026-02-14 15:48:08,2026-02-19 06:17:45
1166,134,DTkhHH,https://hackstack.io/rapid/island/1166,Alert feed zenith,True,2026-02-14 10:11:07,2026-02-14 22:16:38
1167,252,Pqkg9D,https://opswise.net/vivid/beacon/1167,Launch deck island,False,2025-09-09 13:43:11,2025-11-17 00:03:57
1168,111,BVeBt8,https://seeded.app/proud/garden/1168,Status board island,True,2025-01-04 04:01:37,2026-01-28 23:19:22
1169,200,XfRqyW,https://opswise.net/brisk/field/1169,Alert feed zenith,False,2025-09-22 20:46:55,2025-09-26 04:53:48
1170,302,XyR4St,https://hackstack.io/young/pioneer/1170,Service guide meadow,False,2026-01-13 08:45:27,2026-02-20 23:26:54
1171,314,1KQ0WP,https://seeded.app/jade/island/1171,Alert feed yard,True,2025-09-02 12:08:10,2026-02-04 03:35:39
1172,286,JRqd2R,https://acme.dev/amber/canyon/1172,Roadmap update network,True,2025-09-03 05:21:51,2026-01-10 01:16:39
1173,177,2FIYV5,https://relay.cloud/quiet/garden/1173,Service guide uplink,False,2025-07-03 07:49:32,2025-10-08 15:41:09
1174,187,dUsFId,https://hackstack.io/tidy/meadow/1174,Status board pioneer,True,2025-05-31 01:58:53,2025-08-18 03:54:07
1175,105,6bM153,https://example.com/proud/meadow/1175,Service guide engine,True,2025-12-19 15:36:27,2026-01-30 20:48:30
1176,339,HTfRSj,https://relay.cloud/tidy/orbit/1176,Roadmap update yard,True,2025-01-27 14:39:16,2025-07-03 22:41:09
1177,77,5y4i9M,https://hackstack.io/young/lagoon/1177,Incident notes yard,True,2026-01-20 18:02:48,2026-02-17 16:24:39
1178,8,EA2oEs,https://hackstack.io/tidy/lagoon/1178,Demo link network,False,2025-04-15 00:37:00,2026-01-27 11:28:55
1179,367,OmuNFr,https://example.com/proud/lagoon/1179,Status board meadow,True,2025-10-01 22:37:01,2026-02-19 14:34:27
1180,183,5X8hRE,https://example.com/lively/garden/1180,Status board quartz,False,2025-02-20 04:15:15,2025-10-28 16:29:35
1181,87,3JPVER,https://acme.dev/rapid/network/1181,Alert feed network,True,2025-07-27 05:03:37,2025-11-29 00:37:10
1182,294,HenIPt,https://example.com/harbor/valley/1182,Campaign page signal,True,2025-10-29 21:22:27,2025-12-22 23:17:53
1183,310,NZjm9m,https://acme.dev/silver/signal/1183,Quarterly brief canyon,False,2025-03-13 02:26:33,2025-07-22 06:59:36
1184,174,KhPa9W,https://opswise.net/lively/beacon/1184,Ops review anchor,True,2025-01-17 10:16:45,2025-05-08 23:12:08
1185,156,eqMInH,https://acme.dev/young/orbit/1185,Quarterly brief river,True,2025-06-29 10:11:02,2025-10-19 12:57:38
1186,127,4Y2fy4,https://hackstack.io/young/harvest/1186,Quarterly brief canyon,True,2025-01-19 23:11:40,2025-07-31 20:20:55
1187,268,pxR5cn,https://hackstack.io/silver/harvest/1187,Status board meadow,True,2025-08-24 15:14:16,2025-09-25 17:01:03
1188,374,c9hTDy,https://relay.cloud/mellow/pioneer/1188,Incident notes journey,True,2025-09-06 09:17:23,2025-10-12 12:49:11
1189,316,zqOD8J,https://opswise.net/urban/quartz/1189,Service guide quartz,True,2025-11-16 02:29:20,2025-12-27 02:54:53
1190,318,yloZ3X,https://relay.cloud/cobalt/harvest/1190,Launch deck engine,True,2025-07-31 15:41:59,2025-10-29 04:11:41
1191,326,yzkjPw,https://relay.cloud/harbor/signal/1191,Campaign page valley,True,2026-01-22 05:23:03,2026-02-02 00:02:28
1192,126,MTKaNy,https://opswise.net/amber/field/1192,Launch deck pioneer,True,2025-02-24 11:26:07,2026-01-10 22:36:38
1193,280,aaJ0a8,https://seeded.app/gold/orbit/1193,Incident notes engine,True,2025-04-27 00:23:12,2025-12-10 03:04:26
1194,264,nJG1c3,https://seeded.app/amber/garden/1194,Demo link anchor,True,2026-02-13 06:32:52,2026-02-17 18:48:07
1195,353,RE2vuK,https://example.com/brisk/delta/1195,Status board field,True,2025-10-15 13:02:35,2025-12-30 03:51:40
1196,210,nDf06u,https://acme.dev/brisk/signal/1196,Ops review lagoon,True,2025-07-01 11:50:12,2025-10-30 02:11:45
1197,109,AATbel,https://hackstack.io/opal/river/1197,Status board harvest,True,2025-06-01 05:01:48,2026-02-14 13:45:30
1198,68,QvtCOp,https://example.com/jade/valley/1198,Status board quartz,True,2025-05-21 05:01:32,2025-07-02 15:10:48
1199,225,2VDpgW,https://opswise.net/young/beacon/1199,Service guide engine,True,2025-08-18 13:00:43,2025-09-08 08:03:32
1200,273,zoTIyO,https://acme.dev/vivid/lagoon/1200,Campaign page harvest,True,2026-02-15 14:30:20,2026-02-16 07:05:13
1201,355,qndfrO,https://opswise.net/young/network/1201,Quarterly brief lagoon,True,2025-02-23 23:46:39,2025-12-08 17:58:44
1202,5,6SYxg5,https://seeded.app/rapid/valley/1202,Ops review zenith,False,2025-04-07 15:56:07,2025-12-31 07:50:52
1203,104,i6sPQY,https://relay.cloud/gold/field/1203,Quarterly brief garden,False,2026-02-15 13:11:26,2026-02-16 11:20:18
1204,172,w3fk02,https://relay.cloud/ivory/quartz/1204,Service guide quartz,False,2026-01-23 21:42:08,2026-02-15 01:17:36
1205,359,2d1hbP,https://acme.dev/ember/field/1205,Alert feed canyon,False,2025-06-20 08:56:25,2025-12-09 03:54:48
1206,381,NOIugw,https://seeded.app/proud/kernel/1206,Launch deck valley,True,2025-02-09 15:53:15,2025-07-02 13:48:59
1207,351,CArlci,https://acme.dev/mellow/river/1207,Launch deck beacon,True,2025-06-25 07:32:55,2025-07-24 22:58:17
1208,311,DQrhR7,https://example.com/proud/island/1208,Campaign page lagoon,True,2025-12-14 00:59:49,2026-01-26 22:58:41
1209,5,6p90Uo,https://seeded.app/vivid/canyon/1209,Roadmap update yard,True,2025-08-20 03:07:50,2025-10-30 02:32:00
1210,57,LhQ9Us,https://example.com/warm/pioneer/1210,Service guide meadow,True,2025-12-07 01:17:03,2026-02-11 08:34:47
1211,191,gphbp3,https://seeded.app/lively/uplink/1211,Quarterly brief signal,True,2025-03-22 02:00:45,2025-06-02 05:12:34
1212,259,CcqF4g,https://hackstack.io/calm/river/1212,Incident notes zenith,False,2025-02-23 11:41:54,2025-03-06 17:05:50
1213,310,vrEYXY,https://relay.cloud/quiet/journey/1213,Roadmap update garden,True,2025-01-10 18:11:39,2025-02-14 04:21:53
1214,247,3nmau5,https://example.com/navy/uplink/1214,Ops review quartz,True,2025-11-21 17:31:50,2025-12-13 20:41:09
1215,317,hIat96,https://opswise.net/calm/trail/1215,Demo link zenith,False,2025-09-25 11:30:42,2026-01-23 00:34:45
1216,118,AqV0GK,https://opswise.net/keen/harvest/1216,Service guide signal,True,2025-12-12 17:25:14,2026-01-01 04:50:59
1217,253,VpZ56M,https://seeded.app/jade/anchor/1217,Launch deck trail,True,2025-03-04 13:16:43,2025-06-04 14:44:18
1218,100,8DF5gR,https://relay.cloud/tidy/river/1218,Demo link delta,True,2025-01-14 02:22:22,2025-01-15 01:41:16
1219,310,bgXAnx,https://seeded.app/cobalt/field/1219,Service guide garden,True,2025-04-29 21:53:36,2025-09-22 05:24:56
1220,95,CpD0gJ,https://acme.dev/warm/zenith/1220,Service guide delta,True,2025-10-20 16:11:14,2025-11-18 11:23:41
1221,164,CSLb1V,https://seeded.app/young/field/1221,Alert feed engine,True,2025-01-15 01:19:10,2025-09-15 15:47:05
1222,194,FGrjnb,https://seeded.app/navy/river/1222,Quarterly brief orbit,True,2026-01-12 19:36:39,2026-01-31 13:07:28
1223,12,19uJFG,https://opswise.net/clear/field/1223,Demo link yard,False,2026-01-10 09:07:41,2026-02-11 14:30:41
1224,319,qLPbeC,https://acme.dev/forest/kernel/1224,Quarterly brief island,True,2026-02-11 08:11:18,2026-02-20 00:41:16
1225,306,ftJtsw,https://example.com/brisk/lagoon/1225,Service guide harvest,True,2025-06-23 14:22:00,2025-08-30 03:16:25
1226,277,xsTQIa,https://acme.dev/jade/valley/1226,Incident notes delta,True,2025-02-18 02:30:38,2025-12-09 12:09:13
1227,182,WUlmLf,https://example.com/young/journey/1227,Alert feed field,True,2025-03-27 23:42:50,2025-06-06 12:03:09
1228,109,wWqZ0K,https://hackstack.io/clear/orbit/1228,Ops review field,True,2025-10-16 10:52:41,2026-01-11 19:30:11
1229,152,3rGWvG,https://acme.dev/rapid/zenith/1229,Launch deck river,True,2025-05-12 10:17:10,2025-12-31 11:42:05
1230,174,l1pUJR,https://seeded.app/silver/island/1230,Alert feed uplink,True,2025-10-09 05:09:51,2026-01-18 00:32:16
1231,364,CelFgM,https://hackstack.io/opal/trail/1231,Incident notes engine,True,2026-01-28 09:22:17,2026-02-09 18:12:51
1232,327,CA6Tho,https://seeded.app/quiet/zenith/1232,Service guide canyon,True,2026-01-31 08:40:10,2026-02-15 18:28:00
1233,365,QF2I09,https://relay.cloud/quiet/quartz/1233,Service guide garden,True,2025-06-17 01:02:43,2025-08-30 06:51:44
1234,370,GNWp8o,https://opswise.net/proud/garden/1234,Campaign page zenith,True,2025-12-19 11:04:56,2026-02-15 03:29:30
1235,390,8AOs21,https://seeded.app/calm/journey/1235,Demo link network,True,2025-05-02 23:39:49,2025-05-28 19:49:50
1236,169,hcis0J,https://acme.dev/gold/window/1236,Launch deck orbit,True,2025-09-19 08:03:09,2025-12-21 12:36:12
1237,341,QOrYfq,https://opswise.net/calm/kernel/1237,Quarterly brief delta,True,2025-08-02 14:36:52,2025-12-25 16:36:29
1238,198,pYA6sf,https://opswise.net/ember/anchor/1238,Launch deck field,True,2025-06-17 05:55:51,2025-09-22 15:30:20
1239,71,nYtrYV,https://seeded.app/cobalt/pioneer/1239,Status board garden,True,2025-07-23 18:47:37,2025-11-07 02:46:53
1240,199,eY7qpH,https://acme.dev/gold/harvest/1240,Ops review orbit,True,2025-02-12 22:44:21,2025-07-14 11:40:12
1241,386,9BUbtP,https://seeded.app/keen/journey/1241,Launch deck uplink,True,2026-01-17 01:00:23,2026-01-20 17:55:23
1242,34,GBEgtf,https://relay.cloud/lively/meadow/1242,Demo link island,True,2025-05-18 05:01:37,2025-10-31 06:41:36
1243,271,7eoJVy,https://example.com/opal/canyon/1243,Quarterly brief meadow,True,2025-08-07 01:11:03,2025-09-17 02:33:06
1244,380,kmLCGs,https://relay.cloud/calm/orbit/1244,Service guide zenith,True,2025-12-09 10:00:08,2026-01-08 05:04:54
1245,207,VXckAi,https://seeded.app/mellow/river/1245,Alert feed journey,True,2025-10-28 04:06:27,2025-12-27 06:28:32
1246,155,ek0XND,https://relay.cloud/quiet/zenith/1246,Launch deck trail,True,2026-02-03 21:08:50,2026-02-05 11:44:32
1247,348,Q12v5q,https://opswise.net/gold/network/1247,Alert feed yard,True,2025-12-02 02:22:19,2026-01-07 18:05:11
1248,133,6NZOF1,https://seeded.app/ember/pioneer/1248,Demo link kernel,False,2026-01-05 06:50:51,2026-02-13 21:58:34
1249,186,EVgMsb,https://acme.dev/ember/engine/1249,Quarterly brief meadow,True,2025-01-21 13:09:49,2025-11-17 22:26:33
1250,314,99GMTA,https://relay.cloud/forest/harvest/1250,Incident notes harvest,True,2025-05-05 00:09:23,2025-08-02 04:12:23
1251,294,2VCIUI,https://hackstack.io/vivid/island/1251,Campaign page anchor,True,2025-01-11 03:16:52,2025-11-08 12:57:15
1252,299,pxU4kw,https://relay.cloud/amber/uplink/1252,Launch deck delta,True,2025-04-17 22:44:22,2026-01-24 22:56:34
1253,4,4OL2w8,https://example.com/jade/island/1253,Alert feed zenith,False,2025-01-01 08:05:51,2025-08-08 12:19:16
1254,75,FcUViu,https://example.com/urban/engine/1254,Incident notes quartz,True,2025-11-26 05:36:51,2025-12-24 07:27:24
1255,85,LA7Sw4,https://relay.cloud/ivory/valley/1255,Quarterly brief network,True,2026-02-19 03:31:21,2026-02-19 12:13:36
1256,211,Sm3gtq,https://hackstack.io/navy/network/1256,Launch deck orbit,True,2025-04-22 21:47:36,2026-02-14 12:46:34
1257,249,GmdvCh,https://opswise.net/urban/zenith/1257,Demo link zenith,True,2025-05-03 06:35:17,2025-09-16 12:14:53
1258,363,F876pn,https://acme.dev/dawn/network/1258,Demo link harvest,False,2025-09-22 08:53:45,2025-11-15 02:21:40
1259,283,rmeEgl,https://hackstack.io/young/valley/1259,Launch deck journey,True,2025-07-22 03:56:18,2025-09-15 01:03:23
1260,167,INlg4o,https://acme.dev/ivory/engine/1260,Ops review engine,True,2025-05-17 03:16:37,2025-09-05 02:52:30
1261,34,paDKXA,https://opswise.net/warm/window/1261,Incident notes river,False,2025-07-31 14:06:28,2025-12-24 10:26:56
1262,210,d1B3RQ,https://hackstack.io/keen/window/1262,Campaign page yard,True,2025-05-24 06:41:15,2025-06-04 12:09:09
1263,373,32yRpo,https://opswise.net/vivid/window/1263,Incident notes pioneer,True,2025-04-09 22:54:14,2025-06-16 16:04:02
1264,130,fkX13v,https://example.com/ember/journey/1264,Ops review zenith,True,2025-04-29 19:53:05,2025-11-01 11:30:05
1265,363,avMffo,https://example.com/mellow/valley/1265,Launch deck meadow,True,2025-04-22 17:18:10,2025-12-09 11:44:33
1266,111,a1yOyg,https://example.com/warm/yard/1266,Quarterly brief network,True,2025-01-05 22:04:21,2025-06-24 12:34:17
1267,297,2YnSxS,https://hackstack.io/silver/yard/1267,Launch deck journey,True,2026-02-05 10:31:54,2026-02-10 04:43:25
1268,95,PDTm6X,https://hackstack.io/warm/delta/1268,Status board engine,True,2026-02-19 17:50:21,2026-02-19 19:26:49
1269,160,50ylIu,https://seeded.app/lively/field/1269,Demo link river,True,2025-06-13 15:59:07,2026-02-20 04:44:32
1270,29,pQWhRR,https://seeded.app/urban/valley/1270,Campaign page signal,True,2025-11-18 12:56:08,2025-12-05 04:52:31
1271,253,T96hwL,https://hackstack.io/opal/island/1271,Status board beacon,False,2025-03-21 22:23:05,2025-05-25 16:51:16
1272,28,kGUrik,https://seeded.app/forest/lagoon/1272,Service guide network,True,2025-08-21 10:09:48,2026-01-17 12:07:29
1273,176,5HTjdc,https://hackstack.io/urban/engine/1273,Roadmap update trail,True,2025-02-05 17:31:43,2025-11-22 18:53:15
1274,88,Jlt6Ux,https://opswise.net/dawn/beacon/1274,Quarterly brief delta,False,2025-06-15 04:24:20,2026-01-16 22:14:49
1275,191,mgYRId,https://acme.dev/young/valley/1275,Launch deck river,True,2026-02-05 11:43:30,2026-02-14 15:16:11
1276,350,pF4FiP,https://acme.dev/brisk/beacon/1276,Roadmap update network,False,2026-02-10 05:40:14,2026-02-16 17:21:35
1277,95,7qT4D5,https://hackstack.io/urban/river/1277,Demo link garden,True,2025-03-04 14:12:43,2025-05-08 20:08:16
1278,117,GL6PNE,https://relay.cloud/harbor/beacon/1278,Alert feed window,True,2025-02-19 02:17:41,2025-07-18 08:23:19
1279,272,gLOWgQ,https://seeded.app/warm/canyon/1279,Campaign page zenith,True,2025-06-19 17:41:04,2025-11-09 20:27:00
1280,312,EqM8ug,https://hackstack.io/clear/engine/1280,Roadmap update zenith,False,2025-09-21 04:22:25,2026-02-20 05:45:59
1281,125,FtYI67,https://relay.cloud/vivid/anchor/1281,Alert feed island,True,2025-02-10 22:02:35,2026-02-08 10:21:57
1282,312,2s9hKe,https://relay.cloud/silver/trail/1282,Campaign page journey,True,2025-05-30 00:45:50,2026-02-11 09:05:33
1283,199,cjEmCa,https://hackstack.io/keen/harvest/1283,Demo link quartz,True,2025-09-12 16:18:53,2026-01-16 17:49:55
1284,387,RAl9uQ,https://seeded.app/tidy/field/1284,Alert feed trail,True,2025-12-07 21:10:34,2025-12-22 22:35:36
1285,143,mieJv0,https://acme.dev/tidy/engine/1285,Demo link harvest,True,2025-05-12 12:28:20,2025-09-12 09:54:38
1286,398,Cn50Kh,https://opswise.net/vivid/beacon/1286,Quarterly brief field,True,2025-01-05 22:52:55,2025-03-20 02:36:29
1287,370,cByR3Z,https://acme.dev/warm/pioneer/1287,Status board beacon,True,2025-06-22 07:15:35,2025-11-15 18:24:26
1288,318,GaeBxz,https://acme.dev/silver/river/1288,Alert feed kernel,True,2025-05-21 13:25:20,2026-01-23 14:45:51
1289,323,CZGsoR,https://hackstack.io/ember/orbit/1289,Quarterly brief beacon,True,2025-05-11 12:12:39,2025-08-23 22:08:31
1290,344,0dml3Q,https://relay.cloud/silver/canyon/1290,Quarterly brief engine,True,2025-10-13 10:16:11,2026-01-09 23:42:52
1291,361,4q6J8C,https://relay.cloud/gold/window/1291,Ops review island,True,2026-01-09 07:53:46,2026-01-31 03:12:07
1292,325,XdWYB3,https://opswise.net/opal/engine/1292,Service guide window,True,2025-08-03 14:03:57,2025-08-13 16:43:43
1293,349,R3xFbz,https://opswise.net/cobalt/canyon/1293,Alert feed lagoon,True,2025-08-07 08:21:41,2025-12-10 18:29:21
1294,382,jDznHh,https://opswise.net/amber/trail/1294,Quarterly brief window,False,2025-05-14 11:56:09,2025-10-13 05:39:14
1295,95,uGi5iV,https://hackstack.io/opal/quartz/1295,Launch deck garden,False,2025-01-16 14:43:42,2025-10-10 01:02:04
1296,25,rDkFhN,https://relay.cloud/amber/journey/1296,Alert feed kernel,True,2025-06-16 13:05:32,2026-02-02 15:20:57
1297,75,HrtLH5,https://relay.cloud/jade/quartz/1297,Alert feed uplink,True,2025-03-25 20:57:20,2025-07-17 21:48:00
1298,389,6ups9a,https://opswise.net/ivory/river/1298,Demo link signal,False,2025-05-21 18:54:07,2025-07-16 06:15:39
1299,210,E2xSiF,https://seeded.app/silver/yard/1299,Campaign page lagoon,True,2025-11-18 23:23:51,2025-12-26 02:04:57
1300,244,AXeSxG,https://seeded.app/jade/pioneer/1300,Demo link network,True,2025-12-11 16:57:34,2026-01-16 18:11:43
1301,350,vMLsWy,https://acme.dev/young/pioneer/1301,Alert feed field,True,2025-10-28 16:04:47,2026-02-12 08:16:03
1302,39,usI7HU,https://example.com/proud/valley/1302,Service guide zenith,False,2026-02-02 01:46:41,2026-02-10 01:00:18
1303,49,0qcFva,https://example.com/vivid/quartz/1303,Roadmap update valley,False,2026-02-03 22:09:15,2026-02-06 20:56:38
1304,326,Vl1pqb,https://seeded.app/clear/valley/1304,Campaign page beacon,False,2025-02-07 20:57:39,2025-03-07 04:41:16
1305,54,Iimoff,https://hackstack.io/mellow/kernel/1305,Demo link yard,True,2025-05-14 13:07:07,2025-06-04 01:05:51
1306,246,Xg5jSe,https://example.com/clear/meadow/1306,Quarterly brief signal,True,2025-05-17 04:02:56,2026-01-20 05:38:41
1307,24,JBll1T,https://seeded.app/proud/network/1307,Alert feed lagoon,True,2025-05-01 16:25:27,2025-09-02 10:11:47
1308,11,DrE4Q0,https://acme.dev/ember/lagoon/1308,Alert feed island,True,2025-07-30 22:31:03,2025-12-13 12:52:34
1309,312,Hshury,https://acme.dev/jade/meadow/1309,Roadmap update network,True,2025-07-22 23:22:14,2026-01-16 16:54:17
1310,9,neP4SR,https://acme.dev/keen/orbit/1310,Service guide network,True,2026-02-19 00:40:19,2026-02-20 14:50:27
1311,188,PGNV31,https://opswise.net/young/canyon/1311,Launch deck engine,True,2025-06-16 13:57:07,2026-02-07 04:40:45
1312,142,CPwT4m,https://hackstack.io/rapid/river/1312,Campaign page field,True,2025-04-19 23:56:24,2026-02-11 23:02:26
1313,335,OBPKwE,https://hackstack.io/gold/orbit/1313,Incident notes engine,True,2025-06-17 15:45:06,2025-09-21 23:08:50
1314,40,6D6Ugp,https://opswise.net/keen/harvest/1314,Campaign page pioneer,True,2025-03-01 10:37:23,2025-05-08 22:43:49
1315,150,hgYHtp,https://acme.dev/keen/journey/1315,Campaign page engine,True,2025-02-24 11:21:05,2025-06-03 03:12:46
1316,357,trekd2,https://opswise.net/forest/harvest/1316,Quarterly brief quartz,False,2025-03-10 18:06:46,2025-07-26 09:38:57
1317,63,Ek3nst,https://relay.cloud/lively/window/1317,Quarterly brief anchor,False,2025-11-28 12:59:45,2025-12-05 11:59:37
1318,328,1DXMMO,https://opswise.net/calm/valley/1318,Quarterly brief anchor,True,2025-03-20 09:14:52,2026-01-09 12:48:30
1319,76,X3P7I5,https://hackstack.io/warm/canyon/1319,Launch deck meadow,True,2025-02-28 03:25:28,2026-01-30 11:59:47
1320,19,6LNeqK,https://acme.dev/mellow/pioneer/1320,Demo link lagoon,True,2025-04-11 20:52:15,2025-11-11 01:53:57
1321,326,WdEe64,https://opswise.net/mellow/uplink/1321,Ops review island,True,2025-09-21 10:52:33,2026-01-19 09:29:14
1322,390,nmJKLg,https://hackstack.io/clear/signal/1322,Incident notes uplink,True,2025-11-15 11:17:37,2026-02-15 16:18:31
1323,69,bvcCOX,https://relay.cloud/vivid/engine/1323,Status board quartz,True,2025-07-14 02:16:18,2026-02-09 16:02:55
1324,172,xpRTz4,https://relay.cloud/rapid/anchor/1324,Ops review beacon,True,2026-01-16 18:15:49,2026-02-15 21:52:57
1325,110,8LUhSH,https://hackstack.io/brisk/uplink/1325,Status board canyon,True,2025-08-27 14:07:41,2025-11-13 07:06:08
1326,109,aZdkE3,https://seeded.app/cobalt/uplink/1326,Demo link lagoon,True,2025-09-12 23:52:14,2025-10-13 16:33:36
1327,272,ACuryo,https://seeded.app/urban/window/1327,Demo link window,True,2025-09-08 01:01:40,2025-10-16 09:06:41
1328,387,qxyj6V,https://example.com/ivory/journey/1328,Alert feed uplink,True,2025-06-02 20:44:29,2026-01-21 20:38:34
1329,18,3RfZ15,https://relay.cloud/gold/network/1329,Service guide uplink,True,2025-08-22 13:32:04,2025-11-30 16:31:15
1330,84,aEqKRM,https://example.com/rapid/lagoon/1330,Incident notes signal,True,2025-05-05 23:40:01,2025-11-10 23:42:17
1331,366,LGDCP7,https://opswise.net/gold/quartz/1331,Ops review field,True,2025-11-26 12:31:13,2025-12-04 23:54:57
1332,148,msnQoE,https://hackstack.io/harbor/yard/1332,Roadmap update canyon,False,2025-05-28 16:26:38,2025-12-08 04:05:04
1333,169,XXed8R,https://acme.dev/navy/canyon/1333,Alert feed journey,True,2025-03-26 06:08:08,2025-09-15 22:12:44
1334,101,csacut,https://example.com/vivid/zenith/1334,Status board trail,True,2026-02-12 13:26:56,2026-02-17 16:00:43
1335,104,PizQ69,https://opswise.net/rapid/orbit/1335,Quarterly brief canyon,True,2025-03-26 23:00:48,2025-05-31 04:32:34
1336,15,yXG3Ft,https://hackstack.io/keen/engine/1336,Incident notes lagoon,True,2025-08-21 00:24:02,2026-01-08 22:23:40
1337,392,9cXcJW,https://acme.dev/tidy/quartz/1337,Launch deck window,True,2025-05-07 21:05:44,2025-07-04 23:07:45
1338,286,MYMiWX,https://relay.cloud/vivid/island/1338,Service guide delta,True,2025-06-02 19:57:42,2025-08-10 22:28:32
1339,31,D3eFxK,https://acme.dev/jade/island/1339,Ops review anchor,True,2025-04-06 03:19:27,2025-09-17 18:55:37
1340,377,AEPAPt,https://acme.dev/calm/delta/1340,Status board pioneer,True,2026-01-23 05:35:06,2026-02-10 21:05:00
1341,8,hzCa69,https://seeded.app/clear/beacon/1341,Roadmap update trail,True,2025-03-20 23:33:56,2025-10-28 02:27:27
1342,379,WuRyLu,https://acme.dev/navy/river/1342,Launch deck garden,True,2025-11-15 06:11:04,2025-11-30 22:33:16
1343,211,atxw2H,https://example.com/brisk/island/1343,Service guide network,True,2025-07-03 08:03:20,2026-01-29 14:54:35
1344,155,vlC58D,https://acme.dev/tidy/zenith/1344,Roadmap update delta,True,2025-10-31 05:25:38,2025-12-21 19:28:38
1345,103,BKV2ko,https://acme.dev/harbor/quartz/1345,Alert feed beacon,True,2025-05-07 16:00:06,2025-09-02 05:50:23
1346,65,gN4vmO,https://hackstack.io/rapid/delta/1346,Alert feed quartz,True,2025-09-21 19:54:02,2025-09-21 21:32:31
1347,283,SjpQ67,https://relay.cloud/tidy/garden/1347,Service guide delta,False,2025-02-22 11:21:26,2026-02-09 09:05:39
1348,212,2GxNbT,https://opswise.net/quiet/meadow/1348,Alert feed signal,True,2025-01-13 05:14:49,2025-11-18 21:06:12
1349,305,B1sPCO,https://seeded.app/jade/pioneer/1349,Incident notes window,True,2025-05-02 10:51:09,2025-11-15 08:10:47
1350,150,O17Gmt,https://seeded.app/dawn/kernel/1350,Demo link valley,True,2025-06-05 22:51:49,2025-12-05 09:34:30
1351,377,fMEARC,https://seeded.app/forest/zenith/1351,Incident notes engine,True,2025-01-04 16:12:54,2025-10-05 08:20:18
1352,96,j2PaPS,https://seeded.app/forest/signal/1352,Quarterly brief river,True,2025-05-25 04:26:01,2025-10-27 09:11:25
1353,385,wrxuoK,https://opswise.net/ember/delta/1353,Ops review trail,False,2026-02-17 15:51:42,2026-02-17 16:20:58
1354,118,0sKmcV,https://seeded.app/calm/meadow/1354,Service guide zenith,True,2025-07-14 17:21:54,2025-07-17 11:23:36
1355,33,8suqJv,https://relay.cloud/vivid/lagoon/1355,Campaign page island,True,2025-10-27 05:42:32,2025-12-17 14:43:34
1356,323,zrzKGu,https://seeded.app/ivory/canyon/1356,Demo link engine,True,2025-06-25 03:51:58,2026-01-18 08:57:11
1357,85,NfrYGv,https://relay.cloud/tidy/field/1357,Quarterly brief anchor,True,2025-07-16 02:49:44,2025-10-12 00:02:16
1358,214,pXZW2W,https://hackstack.io/calm/valley/1358,Incident notes valley,True,2026-02-02 10:18:04,2026-02-04 21:42:16
1359,107,Azgr5Q,https://opswise.net/gold/island/1359,Quarterly brief yard,False,2025-01-13 02:58:02,2025-06-10 10:28:08
1360,59,KwmiFF,https://acme.dev/lively/trail/1360,Incident notes engine,True,2025-10-17 05:35:14,2025-12-24 02:59:57
1361,167,Q2Jt4r,https://acme.dev/brisk/network/1361,Incident notes window,True,2025-11-20 14:09:20,2026-01-08 01:32:55
1362,289,QurIkm,https://seeded.app/harbor/delta/1362,Quarterly brief valley,True,2025-06-28 02:01:03,2025-07-25 12:21:36
1363,46,XK54m9,https://hackstack.io/warm/lagoon/1363,Roadmap update canyon,False,2026-02-18 12:07:28,2026-02-19 11:58:40
1364,89,Un3SjX,https://example.com/calm/journey/1364,Demo link valley,True,2025-05-12 22:51:35,2025-08-19 22:14:20
1365,8,iszH3V,https://relay.cloud/ember/zenith/1365,Launch deck canyon,False,2025-10-01 08:18:35,2025-10-17 00:34:25
1366,336,XgA4yO,https://example.com/opal/kernel/1366,Launch deck yard,False,2025-11-25 23:00:27,2025-11-30 22:10:37
1367,20,ZLMhn9,https://hackstack.io/ember/harvest/1367,Service guide yard,True,2025-05-11 13:42:51,2025-10-23 03:25:50
1368,250,EAffx5,https://example.com/mellow/orbit/1368,Ops review river,False,2025-02-26 16:50:40,2025-11-20 04:55:39
1369,300,4FOHfu,https://hackstack.io/forest/yard/1369,Service guide harvest,True,2025-04-09 12:56:56,2025-07-19 14:04:46
1370,284,CnPL79,https://relay.cloud/vivid/garden/1370,Roadmap update window,True,2025-06-17 14:18:23,2025-11-27 20:01:02
1371,87,mWa94H,https://acme.dev/cobalt/zenith/1371,Incident notes island,True,2025-10-27 19:29:28,2025-12-21 23:30:56
1372,342,wED1zi,https://opswise.net/urban/orbit/1372,Service guide quartz,False,2025-10-09 17:37:17,2025-12-31 03:29:44
1373,397,nSIwkt,https://opswise.net/harbor/uplink/1373,Service guide delta,True,2025-01-29 14:22:47,2025-02-26 07:52:23
1374,87,a52eOa,https://acme.dev/keen/river/1374,Service guide signal,True,2025-05-18 18:50:43,2025-06-24 21:05:33
1375,60,xZ267s,https://acme.dev/proud/meadow/1375,Quarterly brief harvest,True,2025-10-03 11:24:33,2025-12-27 23:35:46
1376,5,a2ljJf,https://relay.cloud/proud/garden/1376,Demo link network,True,2025-11-13 22:44:52,2026-02-14 02:13:13
1377,308,JR0fKD,https://seeded.app/forest/signal/1377,Quarterly brief zenith,True,2025-11-06 04:52:57,2026-01-13 11:17:31
1378,25,hnqpn3,https://relay.cloud/harbor/engine/1378,Status board canyon,True,2025-05-01 19:27:45,2025-05-04 23:29:21
1379,71,o21To5,https://acme.dev/vivid/trail/1379,Launch deck valley,False,2025-05-20 02:48:44,2025-12-10 03:06:22
1380,399,FQBzcM,https://hackstack.io/vivid/lagoon/1380,Launch deck journey,True,2026-01-15 12:28:10,2026-01-25 10:01:47
1381,184,JeIvQ3,https://hackstack.io/urban/meadow/1381,Alert feed quartz,False,2025-11-12 23:07:32,2026-01-11 15:35:19
1382,21,596m9H,https://hackstack.io/lively/uplink/1382,Quarterly brief trail,True,2025-02-16 20:45:54,2025-07-23 00:45:02
1383,56,w89d39,https://relay.cloud/forest/signal/1383,Alert feed anchor,False,2025-11-05 08:33:23,2025-12-15 18:55:21
1384,36,vhRlht,https://hackstack.io/mellow/lagoon/1384,Service guide engine,True,2025-12-20 22:45:16,2026-01-20 11:50:44
1385,285,P2z2j8,https://acme.dev/keen/field/1385,Ops review quartz,False,2025-04-03 13:49:51,2025-06-08 08:03:19
1386,34,JLN1kg,https://relay.cloud/quiet/window/1386,Campaign page delta,True,2025-05-30 09:43:00,2025-10-13 07:58:18
1387,253,QKHuJ9,https://example.com/vivid/window/1387,Service guide valley,False,2025-12-07 05:41:45,2026-02-15 12:26:43
1388,97,UlVv5D,https://hackstack.io/dawn/canyon/1388,Alert feed pioneer,True,2025-02-26 12:23:13,2025-08-16 21:40:30
1389,400,kKTu6E,https://relay.cloud/warm/uplink/1389,Campaign page harvest,True,2025-05-16 01:00:10,2025-11-10 09:50:23
1390,325,WlGocc,https://opswise.net/harbor/valley/1390,Status board quartz,True,2025-06-27 00:34:12,2026-01-22 12:14:54
1391,389,P22Ew3,https://acme.dev/dawn/anchor/1391,Campaign page meadow,True,2025-04-27 04:18:37,2025-10-21 07:53:56
1392,179,fOP4Jx,https://opswise.net/silver/kernel/1392,Launch deck harvest,True,2025-02-27 00:17:22,2025-12-25 20:29:18
1393,393,4gwNJc,https://hackstack.io/keen/harvest/1393,Demo link lagoon,True,2025-12-19 05:26:43,2025-12-20 12:31:09
1394,127,eSnv8B,https://relay.cloud/lively/meadow/1394,Demo link valley,False,2025-03-06 02:20:27,2025-08-01 12:16:46
1395,247,uYukIu,https://hackstack.io/vivid/kernel/1395,Campaign page canyon,True,2025-04-16 21:21:26,2026-02-20 04:43:34
1396,191,WIb7Jn,https://example.com/amber/window/1396,Campaign page lagoon,False,2025-03-15 22:28:02,2025-06-07 20:29:30
1397,318,cTwxj4,https://acme.dev/lively/meadow/1397,Demo link yard,True,2025-12-20 11:01:20,2026-01-21 20:13:46
1398,191,s977KF,https://opswise.net/urban/garden/1398,Roadmap update yard,True,2025-03-30 19:18:46,2025-04-21 03:18:25
1399,306,dEHWVv,https://example.com/rapid/garden/1399,Launch deck trail,False,2025-08-16 05:17:14,2025-09-08 23:58:58
1400,227,gfdd5Z,https://relay.cloud/quiet/valley/1400,Incident notes signal,True,2025-10-31 09:58:12,2026-01-13 03:54:43
1401,21,9dY1ou,https://opswise.net/amber/harvest/1401,Service guide beacon,True,2026-02-16 06:45:21,2026-02-19 22:34:17
1402,170,jcozDk,https://opswise.net/silver/journey/1402,Service guide orbit,True,2025-03-03 13:59:02,2025-10-10 15:56:45
1403,304,BL8vVH,https://opswise.net/warm/zenith/1403,Quarterly brief kernel,True,2025-11-17 12:24:43,2026-02-20 13:04:17
1404,247,J6AYEG,https://relay.cloud/mellow/harvest/1404,Status board lagoon,True,2025-06-07 14:20:47,2025-11-28 19:18:29
1405,126,ay9Ln8,https://relay.cloud/forest/lagoon/1405,Roadmap update meadow,True,2025-08-16 12:40:02,2025-12-17 05:01:58
1406,327,4vIGw3,https://seeded.app/rapid/canyon/1406,Service guide pioneer,True,2025-08-29 21:58:17,2026-02-04 19:42:56
1407,35,yeaaGD,https://acme.dev/clear/field/1407,Launch deck kernel,True,2025-08-03 20:08:53,2025-08-13 22:27:11
1408,339,5oCLNz,https://relay.cloud/lively/delta/1408,Campaign page delta,True,2025-10-27 03:25:58,2025-12-30 00:37:12
1409,202,niPEf5,https://seeded.app/navy/river/1409,Alert feed lagoon,False,2025-04-16 15:18:31,2025-05-22 02:50:54
1410,343,ElBAYg,https://hackstack.io/rapid/signal/1410,Demo link field,True,2025-02-01 13:18:45,2025-07-11 01:46:22
1411,151,Yj6hzW,https://acme.dev/ember/field/1411,Roadmap update zenith,True,2025-01-20 11:47:01,2025-05-04 19:44:24
1412,5,RSkcUZ,https://acme.dev/harbor/beacon/1412,Quarterly brief orbit,True,2025-12-06 20:15:58,2026-02-03 20:06:46
1413,259,p0zZXw,https://acme.dev/silver/journey/1413,Quarterly brief quartz,True,2025-10-09 06:10:46,2025-12-24 15:58:49
1414,243,Q0s9BH,https://example.com/ivory/field/1414,Quarterly brief network,True,2025-09-17 21:32:16,2025-11-23 06:51:22
1415,142,tLqVni,https://example.com/mellow/meadow/1415,Campaign page journey,False,2025-07-17 22:47:14,2025-09-13 15:19:20
1416,320,RQsM4C,https://example.com/silver/uplink/1416,Quarterly brief engine,True,2025-06-24 23:32:29,2026-02-13 21:35:28
1417,250,HQ0UDr,https://hackstack.io/gold/garden/1417,Roadmap update zenith,False,2025-01-06 18:23:48,2026-01-21 03:30:03
1418,25,raQv7d,https://relay.cloud/gold/beacon/1418,Ops review river,True,2025-12-29 06:21:43,2026-01-22 05:15:04
1419,55,3HAy3Q,https://acme.dev/navy/field/1419,Incident notes canyon,True,2025-04-15 12:41:37,2025-09-17 21:42:30
1420,182,JNxKxG,https://opswise.net/ivory/delta/1420,Status board meadow,True,2025-07-23 16:45:12,2025-10-20 16:03:45
1421,216,JPiXku,https://seeded.app/ivory/window/1421,Demo link canyon,True,2025-07-22 23:58:34,2025-10-14 06:01:58
1422,93,bay4Ro,https://opswise.net/jade/signal/1422,Roadmap update beacon,False,2025-06-04 22:28:55,2025-12-31 18:18:05
1423,387,pzlkLz,https://opswise.net/dawn/yard/1423,Ops review engine,True,2025-09-15 19:32:19,2025-11-06 15:37:10
1424,3,QXdzrA,https://example.com/harbor/garden/1424,Roadmap update garden,False,2026-02-02 14:26:18,2026-02-14 13:40:13
1425,365,18FXRH,https://opswise.net/silver/garden/1425,Roadmap update yard,True,2025-03-26 08:29:54,2025-07-03 20:27:10
1426,307,aUCISI,https://seeded.app/forest/zenith/1426,Launch deck garden,True,2025-06-10 03:49:50,2025-07-14 23:36:19
1427,69,oUZOp2,https://example.com/tidy/meadow/1427,Campaign page delta,True,2025-12-24 11:59:22,2026-01-12 23:20:22
1428,245,uaL2zn,https://relay.cloud/young/window/1428,Ops review signal,True,2025-02-14 03:07:58,2025-06-01 05:34:28
1429,266,pXFtIT,https://hackstack.io/cobalt/quartz/1429,Incident notes kernel,True,2026-01-05 05:17:13,2026-01-10 21:06:10
1430,108,MmzXqw,https://hackstack.io/lively/network/1430,Demo link orbit,True,2025-11-29 03:35:03,2025-12-04 17:09:32
1431,32,SvdLqi,https://example.com/cobalt/kernel/1431,Service guide quartz,True,2025-06-16 16:38:14,2026-02-19 05:22:57
1432,244,iBZ84G,https://hackstack.io/silver/field/1432,Status board harvest,True,2025-12-20 16:33:19,2025-12-26 03:33:38
1433,278,KJpZVc,https://relay.cloud/lively/trail/1433,Service guide field,True,2025-09-12 23:00:32,2025-11-05 06:28:37
1434,380,QXr7kD,https://seeded.app/lively/signal/1434,Status board garden,True,2025-09-25 13:09:37,2025-11-21 04:07:57
1435,89,OaFanI,https://seeded.app/rapid/orbit/1435,Service guide river,True,2025-09-15 10:15:16,2025-11-30 15:14:54
1436,249,lZylNR,https://acme.dev/forest/uplink/1436,Service guide trail,True,2025-02-23 19:58:54,2025-12-25 22:03:46
1437,245,efAyM5,https://hackstack.io/harbor/orbit/1437,Campaign page garden,True,2025-10-05 09:21:49,2026-01-11 10:45:34
1438,247,sQ1gDw,https://relay.cloud/tidy/valley/1438,Roadmap update pioneer,True,2025-06-19 02:22:06,2025-10-17 18:37:33
1439,186,UXo1B9,https://acme.dev/cobalt/delta/1439,Status board trail,True,2025-08-06 21:17:40,2026-02-10 04:35:44
1440,143,XlmkzG,https://opswise.net/vivid/river/1440,Status board garden,True,2025-01-30 02:30:49,2025-02-11 20:13:20
1441,278,M0pQYg,https://relay.cloud/ivory/anchor/1441,Status board uplink,True,2025-09-19 08:08:21,2025-10-17 20:30:08
1442,67,MxBEmK,https://opswise.net/ember/signal/1442,Alert feed network,True,2025-01-10 21:08:24,2025-09-06 04:02:46
1443,147,YSWgNr,https://seeded.app/harbor/network/1443,Launch deck engine,True,2025-02-13 04:27:02,2025-10-27 13:08:39
1444,25,rJc7Ae,https://hackstack.io/opal/quartz/1444,Demo link field,True,2025-10-28 16:17:17,2026-01-02 22:43:02
1445,107,8tRcjK,https://hackstack.io/cobalt/beacon/1445,Roadmap update delta,True,2026-01-06 16:33:44,2026-02-08 15:10:41
1446,364,FhELOB,https://seeded.app/opal/valley/1446,Demo link zenith,True,2025-02-20 13:57:22,2025-10-02 18:58:35
1447,220,BIMWbc,https://seeded.app/ember/anchor/1447,Roadmap update river,True,2025-09-23 20:07:26,2026-02-19 15:14:12
1448,157,fqInyu,https://opswise.net/clear/garden/1448,Ops review harvest,True,2025-05-06 04:00:48,2025-11-23 11:03:09
1449,147,pAvaYB,https://acme.dev/urban/journey/1449,Ops review garden,True,2025-11-22 13:40:17,2025-12-07 23:49:54
1450,342,HqC7l8,https://relay.cloud/ivory/anchor/1450,Ops review window,False,2025-03-08 01:06:19,2025-06-21 15:52:50
1451,24,y7LNO2,https://relay.cloud/harbor/pioneer/1451,Incident notes engine,True,2026-01-09 01:26:38,2026-02-11 07:58:29
1452,347,h53TOZ,https://acme.dev/navy/trail/1452,Campaign page island,True,2025-09-14 06:26:43,2025-10-14 09:39:28
1453,189,pz6J1J,https://acme.dev/warm/garden/1453,Ops review garden,False,2025-06-23 19:16:09,2025-09-07 21:59:51
1454,74,ilIt7O,https://opswise.net/forest/window/1454,Quarterly brief quartz,True,2025-09-22 08:28:39,2026-01-05 05:31:51
1455,362,m2Zbvb,https://example.com/brisk/trail/1455,Campaign page window,True,2025-10-25 12:04:48,2026-01-04 11:32:07
1456,96,EtBsOd,https://opswise.net/proud/engine/1456,Service guide trail,True,2025-05-22 15:36:41,2026-01-31 02:40:19
1457,330,E3bzXY,https://example.com/urban/island/1457,Launch deck trail,True,2025-08-22 19:50:13,2025-09-04 19:13:25
1458,263,jtQDlt,https://acme.dev/forest/garden/1458,Launch deck anchor,True,2026-01-16 14:08:24,2026-02-08 08:10:55
1459,247,aXxRpv,https://opswise.net/young/quartz/1459,Service guide journey,True,2025-02-06 08:23:38,2025-03-22 06:19:11
1460,274,GU7tR0,https://example.com/dawn/orbit/1460,Roadmap update network,True,2025-01-26 20:10:21,2025-06-10 14:42:19
1461,346,X7C1oi,https://opswise.net/silver/canyon/1461,Demo link harvest,True,2025-12-09 18:40:54,2026-02-08 22:37:27
1462,258,RQsuUQ,https://acme.dev/lively/uplink/1462,Quarterly brief journey,False,2025-03-30 19:33:14,2025-12-10 17:50:06
1463,15,ixjKIg,https://example.com/tidy/network/1463,Ops review kernel,False,2025-01-19 13:00:32,2025-07-06 19:26:41
1464,170,hNLBnn,https://opswise.net/calm/engine/1464,Alert feed lagoon,True,2025-03-14 23:09:29,2025-12-01 08:54:05
1465,220,Ltkybk,https://hackstack.io/opal/engine/1465,Demo link signal,True,2025-12-28 23:57:50,2026-01-07 08:50:22
1466,156,BkaMAy,https://hackstack.io/keen/trail/1466,Alert feed field,True,2025-08-09 05:33:15,2025-10-01 22:13:15
1467,48,nUs5hq,https://opswise.net/lively/island/1467,Demo link orbit,True,2025-01-03 18:50:03,2025-01-10 16:18:03
1468,267,E6sRVg,https://opswise.net/tidy/uplink/1468,Demo link signal,False,2025-05-01 04:31:21,2025-12-31 09:23:31
1469,180,koEJqa,https://seeded.app/ember/beacon/1469,Incident notes network,True,2025-08-06 12:30:15,2026-02-03 23:05:52
1470,290,MDh2er,https://acme.dev/keen/window/1470,Status board window,True,2025-03-10 07:54:20,2025-10-23 18:04:15
1471,133,05rCAf,https://seeded.app/navy/window/1471,Demo link journey,True,2025-09-14 02:21:05,2025-11-29 16:58:05
1472,377,9RhX7Y,https://hackstack.io/vivid/valley/1472,Launch deck quartz,True,2025-06-13 11:17:55,2025-11-26 22:03:42
1473,282,SjKccU,https://acme.dev/jade/delta/1473,Status board field,False,2025-02-25 18:14:43,2025-10-16 02:38:48
1474,376,ey6WKf,https://seeded.app/lively/anchor/1474,Demo link yard,True,2025-04-09 23:24:12,2025-06-08 19:20:51
1475,155,SYu7g2,https://hackstack.io/clear/lagoon/1475,Roadmap update uplink,True,2026-01-20 21:27:04,2026-01-24 06:07:48
1476,189,m2xGB5,https://hackstack.io/clear/river/1476,Roadmap update journey,True,2025-09-11 04:36:42,2025-12-20 18:27:51
1477,215,0nns5N,https://relay.cloud/clear/zenith/1477,Launch deck river,True,2026-01-22 02:30:12,2026-02-17 20:37:07
1478,327,jW90Dk,https://seeded.app/urban/zenith/1478,Roadmap update valley,True,2025-05-24 23:40:08,2025-06-23 23:40:50
1479,295,0aWnr5,https://example.com/keen/island/1479,Roadmap update canyon,True,2026-02-13 18:45:42,2026-02-18 11:00:44
1480,340,W66sin,https://example.com/dawn/yard/1480,Launch deck beacon,True,2025-11-07 05:59:45,2025-11-30 17:14:34
1481,147,bnexq0,https://relay.cloud/dawn/garden/1481,Ops review journey,True,2025-03-01 23:50:29,2025-06-29 12:35:38
1482,199,2bLDY4,https://seeded.app/ivory/zenith/1482,Demo link lagoon,True,2025-09-14 17:22:40,2025-12-23 18:55:40
1483,159,urG86h,https://hackstack.io/silver/zenith/1483,Alert feed window,True,2025-12-10 18:21:36,2026-01-12 18:36:54
1484,168,qzwCTd,https://acme.dev/brisk/signal/1484,Service guide meadow,True,2025-11-01 10:15:38,2026-01-10 00:38:19
1485,160,gkOpyl,https://relay.cloud/ivory/meadow/1485,Roadmap update yard,True,2025-08-27 09:57:01,2025-11-15 23:11:06
1486,337,KO7ljV,https://seeded.app/cobalt/garden/1486,Quarterly brief pioneer,True,2025-10-12 14:07:20,2025-10-18 17:31:30
1487,275,pQvuPS,https://acme.dev/opal/window/1487,Launch deck quartz,True,2025-02-21 14:11:04,2025-09-18 16:04:32
1488,375,q5v99A,https://example.com/calm/valley/1488,Ops review journey,True,2025-10-12 11:24:53,2026-02-13 22:31:24
1489,361,adZcfd,https://relay.cloud/ivory/engine/1489,Demo link valley,True,2026-01-18 10:13:15,2026-01-29 19:44:16
1490,287,G4i6bg,https://acme.dev/clear/anchor/1490,Quarterly brief lagoon,False,2026-01-15 19:30:34,2026-02-02 16:30:28
1491,140,Lh3iId,https://relay.cloud/cobalt/meadow/1491,Incident notes orbit,True,2025-09-06 17:12:45,2025-10-30 11:15:40
1492,91,8qo3Dx,https://example.com/warm/yard/1492,Demo link signal,True,2025-12-23 00:28:43,2026-01-22 12:16:50
1493,250,Oa88w4,https://seeded.app/forest/kernel/1493,Quarterly brief window,True,2025-10-30 18:12:38,2026-01-23 06:54:17
1494,160,NpKbKc,https://hackstack.io/cobalt/valley/1494,Alert feed harvest,True,2025-09-16 23:33:31,2025-12-26 00:25:38
1495,319,RRiLM3,https://acme.dev/navy/uplink/1495,Roadmap update orbit,True,2025-10-20 19:09:23,2025-10-25 09:07:41
1496,272,78Ao91,https://acme.dev/rapid/journey/1496,Service guide kernel,True,2025-09-12 10:55:38,2025-12-24 17:40:53
1497,333,RGRZSU,https://example.com/warm/garden/1497,Ops review window,True,2025-08-28 09:23:54,2025-09-22 03:21:57
1498,254,iK5KFl,https://example.com/rapid/canyon/1498,Demo link island,False,2025-01-04 16:43:28,2025-11-08 09:39:08
1499,48,gnUxqQ,https://seeded.app/silver/valley/1499,Incident notes valley,True,2025-06-06 17:27:41,2025-07-17 18:01:27
1500,381,aVKoPj,https://seeded.app/amber/lagoon/1500,Roadmap update anchor,True,2025-08-10 15:18:18,2025-10-19 00:01:03
1501,240,TqEuow,https://acme.dev/opal/zenith/1501,Incident notes zenith,True,2025-08-03 10:24:19,2025-12-12 17:15:04
1502,393,vU1UFz,https://seeded.app/ember/kernel/1502,Launch deck beacon,True,2025-07-15 21:28:56,2026-02-19 05:49:07
1503,54,l3ymEW,https://opswise.net/navy/signal/1503,Demo link lagoon,True,2025-09-27 11:49:37,2025-11-19 19:15:43
1504,240,r9IS2w,https://opswise.net/amber/trail/1504,Campaign page quartz,True,2025-11-17 21:23:17,2025-12-17 03:16:08
1505,331,0SYlsf,https://acme.dev/jade/engine/1505,Status board zenith,True,2025-08-08 11:00:10,2025-09-15 21:22:55
1506,358,rBIlV6,https://hackstack.io/young/pioneer/1506,Status board orbit,True,2025-09-12 23:40:42,2025-10-07 17:12:09
1507,49,oMAQrY,https://hackstack.io/harbor/orbit/1507,Roadmap update delta,True,2025-02-02 09:01:52,2025-05-29 15:01:12
1508,179,8hD1Rq,https://example.com/urban/zenith/1508,Incident notes zenith,True,2025-04-09 03:47:26,2026-02-18 21:04:42
1509,11,QKByX2,https://relay.cloud/urban/valley/1509,Status board yard,True,2025-10-01 20:20:17,2026-01-08 20:17:03
1510,144,fAb8oz,https://opswise.net/harbor/yard/1510,Incident notes valley,True,2025-08-04 03:48:47,2025-10-21 13:10:15
1511,104,8NzJri,https://relay.cloud/amber/anchor/1511,Ops review signal,True,2026-02-04 02:11:09,2026-02-04 07:59:30
1512,293,0GkBC4,https://hackstack.io/harbor/anchor/1512,Service guide island,True,2025-11-09 14:33:47,2025-12-31 05:48:04
1513,361,adQnin,https://acme.dev/forest/orbit/1513,Incident notes signal,True,2025-07-16 01:08:05,2026-01-14 23:18:36
1514,95,5PrtFD,https://hackstack.io/warm/island/1514,Ops review beacon,False,2026-01-01 19:52:53,2026-01-21 06:51:16
1515,359,MIxPph,https://example.com/clear/beacon/1515,Incident notes kernel,False,2025-11-08 06:17:42,2026-01-28 08:42:14
1516,159,IopSrb,https://example.com/warm/signal/1516,Incident notes signal,True,2025-10-12 11:27:34,2026-01-10 14:06:33
1517,40,YKP2qC,https://acme.dev/warm/anchor/1517,Launch deck meadow,True,2025-03-19 22:28:52,2025-05-18 03:14:38
1518,318,tHL69O,https://seeded.app/amber/beacon/1518,Campaign page quartz,True,2025-10-19 09:36:01,2026-01-04 15:39:15
1519,31,yeScs8,https://seeded.app/keen/field/1519,Quarterly brief canyon,True,2025-12-03 03:48:30,2026-01-06 08:34:06
1520,239,1vcOA7,https://opswise.net/amber/zenith/1520,Campaign page network,True,2026-01-20 20:17:33,2026-01-22 12:47:02
1521,344,5tXl9u,https://opswise.net/navy/meadow/1521,Launch deck orbit,True,2025-01-15 18:17:38,2025-11-02 11:01:58
1522,104,OLCRrc,https://seeded.app/mellow/uplink/1522,Alert feed zenith,True,2025-01-12 11:00:07,2025-12-01 18:35:54
1523,392,s8ksLp,https://example.com/harbor/journey/1523,Campaign page orbit,True,2025-11-06 08:22:14,2025-12-09 22:23:50
1524,290,W780YD,https://hackstack.io/forest/anchor/1524,Status board engine,False,2025-11-20 01:43:27,2026-01-12 03:59:30
1525,11,hQw4Yt,https://example.com/jade/river/1525,Ops review lagoon,False,2025-07-17 02:18:10,2026-02-19 18:14:14
1526,169,LZHCLA,https://relay.cloud/warm/meadow/1526,Quarterly brief beacon,True,2025-10-31 00:18:15,2025-12-24 03:41:55
1527,304,CXNi1V,https://hackstack.io/ivory/delta/1527,Quarterly brief signal,True,2025-04-06 04:08:35,2025-06-04 19:30:26
1528,297,qMY30S,https://opswise.net/quiet/journey/1528,Alert feed river,True,2025-02-03 21:28:09,2025-12-02 05:15:20
1529,148,kjsIcg,https://acme.dev/clear/garden/1529,Ops review journey,True,2025-10-15 08:09:44,2026-02-08 02:43:40
1530,74,klKmPG,https://acme.dev/tidy/signal/1530,Launch deck yard,True,2025-07-12 14:44:31,2025-11-02 05:42:36
1531,230,m192ZF,https://example.com/silver/meadow/1531,Campaign page pioneer,False,2025-09-20 14:35:51,2025-10-28 02:27:57
1532,130,LZ8t4c,https://relay.cloud/vivid/orbit/1532,Status board trail,True,2025-03-29 11:58:27,2025-11-19 12:27:30
1533,339,eW1lzW,https://acme.dev/lively/quartz/1533,Launch deck uplink,True,2025-12-27 11:28:06,2026-01-02 04:04:21
1534,150,QTHBEf,https://acme.dev/ember/orbit/1534,Ops review garden,True,2025-02-15 11:49:07,2025-06-16 03:14:19
1535,258,c2UIUN,https://example.com/rapid/pioneer/1535,Service guide valley,True,2025-01-03 04:50:04,2025-06-13 17:09:03
1536,292,zvulBq,https://opswise.net/silver/network/1536,Launch deck garden,True,2025-10-24 22:39:07,2025-11-06 11:02:17
1537,220,FbQtYE,https://opswise.net/young/signal/1537,Incident notes pioneer,True,2025-02-21 04:41:18,2025-12-09 04:10:35
1538,312,FwI6u8,https://hackstack.io/urban/lagoon/1538,Service guide signal,True,2025-11-24 21:42:25,2026-01-08 16:31:25
1539,349,9ipPoH,https://relay.cloud/navy/journey/1539,Roadmap update orbit,False,2025-04-10 22:44:26,2025-07-16 02:07:02
1540,51,ZXZnSl,https://opswise.net/harbor/delta/1540,Launch deck delta,True,2025-04-29 00:17:25,2025-07-20 21:40:56
1541,367,9mxCwr,https://opswise.net/forest/uplink/1541,Demo link river,True,2025-05-23 09:04:52,2026-02-14 07:07:52
1542,232,nYJ7eG,https://example.com/ivory/canyon/1542,Alert feed river,True,2025-02-11 07:35:29,2025-08-06 06:35:13
1543,332,d2eZ6m,https://example.com/lively/meadow/1543,Service guide trail,True,2025-05-06 16:26:15,2025-11-05 09:17:24
1544,386,dBUy46,https://seeded.app/mellow/lagoon/1544,Demo link window,True,2026-01-20 20:01:35,2026-02-15 02:52:37
1545,33,Xu2VJ9,https://seeded.app/rapid/network/1545,Roadmap update pioneer,True,2026-02-12 01:00:13,2026-02-13 08:48:21
1546,89,qlg5ks,https://opswise.net/navy/kernel/1546,Demo link harvest,False,2025-08-19 19:51:18,2026-01-23 15:14:10
1547,270,3vusvU,https://acme.dev/mellow/signal/1547,Alert feed harvest,True,2025-08-07 02:46:43,2026-02-07 04:43:39
1548,95,V5MORm,https://acme.dev/proud/lagoon/1548,Service guide orbit,False,2025-11-05 07:37:06,2026-01-05 09:35:57
1549,311,PnjMIN,https://hackstack.io/dawn/river/1549,Status board canyon,True,2025-02-15 14:03:34,2025-02-25 10:37:36
1550,281,Hk5yzW,https://hackstack.io/tidy/lagoon/1550,Roadmap update zenith,True,2025-01-22 04:26:59,2025-09-18 12:24:19
1551,324,qUqJDw,https://relay.cloud/vivid/yard/1551,Quarterly brief island,True,2025-09-20 01:39:46,2026-02-03 23:00:54
1552,291,XXG50p,https://opswise.net/harbor/journey/1552,Launch deck field,True,2025-10-04 10:30:31,2025-11-12 14:50:45
1553,277,EHyZT1,https://acme.dev/gold/trail/1553,Incident notes anchor,True,2025-11-16 15:29:02,2025-12-29 12:29:16
1554,391,KkK20E,https://opswise.net/forest/yard/1554,Incident notes beacon,True,2025-05-01 09:48:44,2026-01-31 07:45:18
1555,217,ywiadI,https://seeded.app/calm/delta/1555,Demo link harvest,True,2025-03-12 10:05:47,2025-04-02 05:51:25
1556,120,eGZzFJ,https://relay.cloud/proud/canyon/1556,Campaign page lagoon,True,2025-07-02 01:28:35,2026-01-17 09:04:05
1557,394,G0jKyS,https://relay.cloud/dawn/orbit/1557,Status board delta,True,2025-02-24 14:16:02,2025-08-30 22:46:06
1558,268,1nwsVF,https://seeded.app/calm/canyon/1558,Campaign page field,True,2025-06-27 14:06:28,2025-07-15 10:04:23
1559,77,orZXz5,https://acme.dev/harbor/quartz/1559,Demo link field,True,2025-05-15 03:57:04,2025-09-12 23:44:09
1560,315,pe0hXZ,https://example.com/young/kernel/1560,Campaign page quartz,True,2025-08-20 09:38:34,2025-10-19 01:12:17
1561,180,HS534M,https://relay.cloud/ember/zenith/1561,Campaign page anchor,True,2025-05-27 13:46:29,2026-01-27 03:56:44
1562,142,R5oMyr,https://relay.cloud/dawn/signal/1562,Demo link signal,True,2025-09-07 00:04:10,2026-01-12 21:02:59
1563,171,M4QEnc,https://acme.dev/cobalt/anchor/1563,Demo link meadow,True,2025-01-26 04:04:38,2026-02-09 02:11:32
1564,201,FY0WyX,https://acme.dev/vivid/island/1564,Quarterly brief harvest,True,2025-05-28 17:25:52,2025-09-28 17:01:08
1565,255,9fqds8,https://example.com/warm/engine/1565,Alert feed orbit,True,2025-05-23 11:21:38,2025-06-08 02:52:36
1566,171,tI0zqe,https://relay.cloud/dawn/journey/1566,Quarterly brief delta,True,2026-02-13 07:34:02,2026-02-19 11:08:30
1567,298,To6wtv,https://acme.dev/calm/window/1567,Campaign page river,True,2025-10-21 17:26:23,2025-11-15 20:35:43
1568,258,TnxYGK,https://example.com/proud/anchor/1568,Launch deck pioneer,True,2025-09-11 21:32:03,2025-10-17 01:15:05
1569,300,LWkabw,https://relay.cloud/young/trail/1569,Launch deck journey,False,2025-12-10 17:15:51,2026-01-14 17:01:13
1570,207,ZuOvUi,https://relay.cloud/forest/yard/1570,Demo link beacon,False,2025-03-09 09:55:21,2025-08-03 05:55:17
1571,241,HxRGUk,https://seeded.app/navy/pioneer/1571,Incident notes canyon,True,2025-01-24 09:59:16,2025-12-02 09:26:47
1572,340,yDikgr,https://opswise.net/clear/pioneer/1572,Service guide yard,True,2025-02-26 12:56:38,2025-10-31 13:54:36
1573,340,IIeGaR,https://acme.dev/calm/yard/1573,Launch deck journey,True,2025-12-21 04:54:16,2025-12-26 11:01:07
1574,20,8sWwHo,https://seeded.app/proud/pioneer/1574,Demo link pioneer,True,2026-02-14 15:02:53,2026-02-17 16:09:50
1575,330,1QD8Eg,https://hackstack.io/ivory/engine/1575,Service guide yard,False,2025-03-03 22:03:30,2025-08-15 05:43:27
1576,119,DT3wm8,https://example.com/harbor/island/1576,Campaign page canyon,True,2025-03-26 15:06:31,2026-02-20 16:05:55
1577,20,wLMXGv,https://opswise.net/urban/zenith/1577,Campaign page lagoon,False,2025-12-29 03:57:46,2025-12-31 08:02:55
1578,209,yY1mUK,https://acme.dev/clear/field/1578,Service guide field,True,2025-08-25 04:13:29,2025-08-28 09:40:34
1579,35,kQ7tSO,https://opswise.net/opal/canyon/1579,Incident notes anchor,True,2026-02-19 11:45:01,2026-02-20 11:27:28
1580,384,FFCmB5,https://opswise.net/keen/zenith/1580,Ops review orbit,True,2025-12-04 02:44:08,2026-01-14 21:46:27
1581,328,znanNg,https://seeded.app/gold/kernel/1581,Launch deck window,True,2026-01-15 14:54:12,2026-02-07 14:23:21
1582,14,X4HPWQ,https://hackstack.io/warm/canyon/1582,Roadmap update orbit,True,2025-02-10 23:12:07,2026-01-23 17:28:34
1583,18,tf5ySp,https://relay.cloud/proud/harvest/1583,Launch deck beacon,False,2026-02-12 01:55:18,2026-02-18 15:05:10
1584,190,38sfRA,https://example.com/amber/meadow/1584,Campaign page harvest,True,2025-04-11 05:47:18,2026-01-27 04:39:55
1585,204,gE0PlO,https://seeded.app/jade/anchor/1585,Service guide pioneer,True,2026-01-22 20:24:42,2026-02-15 14:49:12
1586,124,UX0gBl,https://acme.dev/clear/quartz/1586,Launch deck harvest,True,2025-11-20 17:44:48,2026-02-10 11:12:37
1587,135,cBO045,https://example.com/warm/engine/1587,Ops review lagoon,True,2025-02-26 11:45:01,2025-07-19 00:18:23
1588,203,9z1JZg,https://example.com/gold/anchor/1588,Status board lagoon,True,2025-11-09 23:47:12,2025-12-17 17:16:28
1589,325,oaLuBH,https://hackstack.io/brisk/valley/1589,Demo link engine,True,2025-12-28 15:31:23,2026-01-29 18:27:03
1590,23,A7i2xz,https://opswise.net/calm/harvest/1590,Roadmap update pioneer,True,2025-11-04 23:02:44,2025-11-08 15:19:33
1591,359,n1QFt8,https://acme.dev/dawn/kernel/1591,Ops review journey,True,2026-01-08 02:19:44,2026-02-14 14:11:05
1592,390,8iGZFy,https://hackstack.io/navy/window/1592,Status board delta,True,2026-02-09 10:03:04,2026-02-20 19:24:42
1593,140,Y7qNH2,https://relay.cloud/navy/engine/1593,Status board meadow,True,2025-02-02 07:47:41,2025-02-25 08:48:42
1594,54,3oHfVw,https://relay.cloud/silver/river/1594,Campaign page orbit,False,2025-10-08 21:31:08,2026-01-30 03:57:33
1595,60,Vf0wJc,https://acme.dev/ivory/canyon/1595,Roadmap update island,True,2025-09-08 21:20:40,2025-12-09 11:35:52
1596,32,H4xrQY,https://acme.dev/young/yard/1596,Ops review canyon,True,2025-07-28 15:25:59,2025-12-05 10:54:43
1597,69,Up2DAT,https://seeded.app/opal/pioneer/1597,Demo link quartz,True,2025-08-26 00:00:51,2025-10-10 14:11:31
1598,182,zIw1fp,https://hackstack.io/vivid/lagoon/1598,Alert feed signal,True,2025-04-01 22:09:05,2025-05-15 13:55:08
1599,360,aupEke,https://opswise.net/ember/orbit/1599,Incident notes field,True,2025-09-11 13:43:03,2026-02-06 07:13:06
1600,170,NjhTeT,https://opswise.net/young/network/1600,Incident notes canyon,True,2025-12-18 11:32:30,2026-01-17 19:27:34
1601,343,09qksq,https://opswise.net/harbor/uplink/1601,Service guide garden,True,2025-01-14 15:01:16,2025-03-13 13:02:10
1602,350,wFANP5,https://seeded.app/jade/pioneer/1602,Launch deck journey,True,2025-04-07 11:55:25,2025-07-16 04:37:01
1603,135,R7uc4G,https://example.com/warm/canyon/1603,Incident notes harvest,True,2025-10-22 13:02:46,2026-01-15 04:58:28
1604,390,OgVFg7,https://relay.cloud/mellow/window/1604,Campaign page trail,True,2026-01-28 20:08:59,2026-01-31 04:13:03
1605,64,seuJ1C,https://hackstack.io/warm/pioneer/1605,Service guide pioneer,True,2025-06-27 09:28:24,2025-07-04 01:27:10
1606,295,oHFLh3,https://acme.dev/harbor/pioneer/1606,Launch deck pioneer,True,2025-09-20 19:46:39,2025-11-15 09:50:56
1607,326,BCoYNa,https://acme.dev/vivid/orbit/1607,Ops review network,True,2026-01-24 10:45:10,2026-02-12 16:40:53
1608,327,mDKfLB,https://seeded.app/jade/river/1608,Status board garden,True,2026-01-19 11:26:09,2026-02-15 08:13:44
1609,259,Hd8I8G,https://example.com/cobalt/beacon/1609,Roadmap update window,False,2025-04-13 12:13:36,2025-12-05 23:53:49
1610,170,DUEIF1,https://hackstack.io/amber/network/1610,Roadmap update field,True,2026-01-28 13:01:49,2026-02-20 08:07:35
1611,194,p7AN0G,https://hackstack.io/amber/island/1611,Launch deck garden,False,2025-11-28 22:56:31,2026-01-12 15:24:10
1612,363,oGuWf9,https://opswise.net/vivid/island/1612,Roadmap update uplink,True,2025-03-13 06:32:55,2025-05-19 04:20:01
1613,84,25hSIW,https://hackstack.io/keen/meadow/1613,Service guide orbit,False,2025-03-07 21:53:17,2025-09-26 19:08:50
1614,18,FQFcaC,https://example.com/ember/window/1614,Quarterly brief quartz,True,2025-01-18 14:30:30,2025-03-17 21:04:11
1615,370,sXCaWR,https://example.com/ember/canyon/1615,Launch deck engine,True,2026-01-24 15:12:04,2026-01-28 00:59:57
1616,30,Lcl5Oj,https://seeded.app/cobalt/island/1616,Alert feed trail,False,2025-09-27 23:36:44,2026-02-02 19:55:13
1617,17,zDxikS,https://seeded.app/silver/anchor/1617,Launch deck quartz,False,2025-10-22 22:18:47,2026-01-15 08:19:14
1618,85,OFO52s,https://relay.cloud/mellow/journey/1618,Status board river,True,2025-06-21 06:03:14,2025-06-22 21:12:32
1619,375,MSVjyL,https://example.com/ember/garden/1619,Campaign page window,True,2025-11-17 12:41:11,2026-01-07 03:47:41
1620,332,h1kS8o,https://opswise.net/dawn/pioneer/1620,Launch deck meadow,True,2025-01-12 17:05:58,2025-02-23 07:07:16
1621,106,n5MnvD,https://seeded.app/mellow/garden/1621,Ops review harvest,True,2025-08-24 01:57:12,2026-02-11 14:22:00
1622,352,kBpDKk,https://acme.dev/urban/garden/1622,Quarterly brief window,True,2025-04-05 10:23:17,2025-08-08 06:53:09
1623,100,xKdkXV,https://acme.dev/clear/delta/1623,Campaign page orbit,True,2025-12-04 11:31:05,2025-12-17 09:31:36
1624,147,gDsUQp,https://opswise.net/brisk/quartz/1624,Status board uplink,False,2025-12-05 13:05:57,2026-01-12 11:00:16
1625,233,6rrKKY,https://example.com/gold/trail/1625,Incident notes trail,True,2025-08-26 13:34:23,2025-12-24 13:38:38
1626,391,q3YPPf,https://acme.dev/opal/window/1626,Roadmap update valley,True,2025-09-29 00:41:24,2026-01-11 23:49:54
1627,202,MzffhK,https://relay.cloud/silver/canyon/1627,Service guide orbit,True,2025-03-22 10:49:54,2025-04-27 06:21:13
1628,279,nLLVIt,https://opswise.net/calm/quartz/1628,Status board yard,True,2025-07-23 14:02:35,2025-12-10 06:54:49
1629,168,uJv3L9,https://opswise.net/jade/uplink/1629,Status board beacon,False,2025-06-21 16:04:22,2025-09-09 12:44:23
1630,241,UhtBzU,https://hackstack.io/cobalt/network/1630,Status board meadow,False,2026-01-13 13:32:27,2026-01-29 05:33:16
1631,56,7Yz5cM,https://acme.dev/amber/meadow/1631,Demo link window,True,2025-04-27 01:22:01,2025-08-19 05:55:57
1632,136,zcsQ7A,https://relay.cloud/ivory/window/1632,Quarterly brief island,True,2025-09-20 21:56:20,2026-01-28 05:56:12
1633,108,V5rt98,https://relay.cloud/mellow/orbit/1633,Launch deck quartz,True,2025-10-12 22:09:55,2025-12-13 05:03:41
1634,125,NzImLY,https://seeded.app/navy/canyon/1634,Roadmap update signal,True,2025-12-20 21:28:55,2025-12-30 17:35:11
1635,397,w1N8LP,https://opswise.net/ember/engine/1635,Launch deck engine,True,2025-03-08 23:43:41,2025-03-16 13:44:36
1636,96,aB38Me,https://seeded.app/warm/river/1636,Demo link zenith,True,2026-02-20 18:35:20,2026-02-20 23:02:23
1637,212,ptfqPw,https://seeded.app/urban/kernel/1637,Demo link anchor,True,2026-01-09 21:21:49,2026-02-20 22:13:28
1638,275,AloceU,https://acme.dev/ivory/engine/1638,Demo link orbit,False,2025-07-08 22:32:25,2026-01-17 18:09:24
1639,231,jGUo7n,https://seeded.app/cobalt/delta/1639,Roadmap update trail,True,2025-12-20 13:20:45,2026-01-29 22:45:42
1640,136,OhZs67,https://acme.dev/cobalt/signal/1640,Alert feed kernel,True,2025-12-13 18:24:41,2025-12-28 16:13:00
1641,383,0yUiGk,https://opswise.net/forest/network/1641,Launch deck field,False,2025-06-12 17:53:11,2025-11-11 07:50:34
1642,36,BlKi1C,https://hackstack.io/calm/anchor/1642,Campaign page quartz,True,2026-01-10 03:20:23,2026-01-30 12:08:29
1643,126,XFrBy3,https://acme.dev/calm/orbit/1643,Alert feed journey,False,2025-05-17 12:00:17,2025-12-05 05:45:36
1644,78,ikCNO5,https://hackstack.io/forest/signal/1644,Incident notes zenith,True,2025-09-11 08:21:10,2025-11-22 14:10:52
1645,322,Srk6UQ,https://opswise.net/ivory/island/1645,Campaign page garden,True,2025-12-16 03:08:08,2025-12-27 02:15:20
1646,62,Ayz3vd,https://opswise.net/ivory/garden/1646,Service guide network,True,2025-08-03 20:53:17,2026-01-08 11:08:25
1647,287,a7ql7o,https://seeded.app/clear/harvest/1647,Roadmap update signal,False,2025-09-03 17:32:00,2025-11-26 01:58:25
1648,332,LkTnLM,https://seeded.app/ivory/kernel/1648,Campaign page engine,True,2025-07-24 16:15:44,2025-10-24 10:06:21
1649,355,ip8V07,https://example.com/warm/delta/1649,Incident notes harvest,True,2025-03-02 14:50:05,2025-09-25 19:15:05
1650,97,OhaAKf,https://opswise.net/harbor/pioneer/1650,Quarterly brief delta,True,2025-10-16 01:06:15,2026-01-07 05:53:32
1651,231,3plgMD,https://example.com/clear/beacon/1651,Incident notes lagoon,True,2025-03-03 14:31:01,2025-11-13 13:01:26
1652,184,LSa4YS,https://seeded.app/tidy/meadow/1652,Status board island,True,2025-09-17 08:37:27,2026-01-11 14:29:39
1653,207,QZCBTE,https://hackstack.io/navy/canyon/1653,Launch deck delta,True,2025-03-09 09:10:19,2025-10-28 01:04:25
1654,169,rpIim6,https://opswise.net/lively/quartz/1654,Launch deck river,False,2025-10-31 10:21:19,2026-02-17 23:45:35
1655,151,WyrGdh,https://hackstack.io/cobalt/delta/1655,Service guide delta,False,2026-02-02 16:06:02,2026-02-12 18:01:06
1656,236,dg4JHN,https://opswise.net/urban/valley/1656,Launch deck uplink,True,2025-05-13 07:27:30,2025-10-21 23:03:05
1657,136,XowdCQ,https://hackstack.io/urban/harvest/1657,Quarterly brief anchor,True,2025-02-23 12:06:10,2025-06-10 20:13:37
1658,197,9NCGBz,https://seeded.app/harbor/orbit/1658,Campaign page island,True,2025-03-27 09:24:06,2025-10-01 03:08:59
1659,288,DIuQdJ,https://relay.cloud/forest/garden/1659,Campaign page uplink,True,2025-11-30 15:39:17,2025-11-30 15:53:23
1660,380,fOcLsv,https://hackstack.io/tidy/trail/1660,Status board uplink,True,2025-05-15 06:56:16,2025-09-07 20:52:34
1661,37,RrpBON,https://opswise.net/proud/window/1661,Launch deck journey,True,2025-05-10 20:31:38,2025-08-10 22:16:09
1662,7,80iG63,https://relay.cloud/brisk/lagoon/1662,Demo link pioneer,True,2025-07-01 19:12:30,2025-09-26 01:03:45
1663,278,xYexRr,https://hackstack.io/quiet/pioneer/1663,Service guide engine,True,2025-04-04 18:31:48,2025-08-31 03:05:33
1664,230,5z38vr,https://opswise.net/calm/signal/1664,Alert feed signal,True,2025-10-13 00:28:31,2026-02-05 13:47:20
1665,25,Lq0WwQ,https://relay.cloud/lively/anchor/1665,Roadmap update beacon,True,2025-01-28 16:04:52,2025-10-22 18:15:41
1666,175,dLHoCi,https://seeded.app/dawn/yard/1666,Quarterly brief trail,True,2025-07-25 06:20:49,2026-01-17 00:12:09
1667,61,04Lhtr,https://example.com/mellow/uplink/1667,Launch deck river,True,2025-10-18 02:24:07,2025-12-18 04:25:10
1668,301,bn3n6S,https://example.com/navy/window/1668,Quarterly brief harvest,False,2025-10-07 06:40:18,2025-12-20 01:42:19
1669,359,RI0Lrj,https://acme.dev/young/kernel/1669,Alert feed yard,True,2025-06-29 18:56:56,2025-11-18 11:02:41
1670,55,3F6Loh,https://acme.dev/calm/window/1670,Service guide zenith,False,2025-03-16 08:49:08,2025-06-23 16:49:34
1671,74,VHH9zP,https://opswise.net/young/uplink/1671,Incident notes meadow,True,2025-02-06 19:34:44,2025-09-28 11:18:55
1672,205,oubAGW,https://relay.cloud/opal/canyon/1672,Launch deck lagoon,True,2025-05-10 16:29:36,2025-06-29 11:01:35
1673,366,JS0Fuv,https://relay.cloud/navy/kernel/1673,Incident notes quartz,True,2025-06-20 21:01:07,2025-09-22 01:14:00
1674,128,UnSq1n,https://hackstack.io/brisk/lagoon/1674,Quarterly brief kernel,False,2025-07-19 17:57:57,2025-09-03 20:48:42
1675,71,SEeGCB,https://relay.cloud/keen/field/1675,Ops review beacon,False,2026-01-22 13:26:33,2026-02-02 11:50:39
1676,238,NnsECn,https://seeded.app/dawn/meadow/1676,Alert feed window,True,2025-05-22 10:11:30,2025-10-14 07:49:48
1677,315,e7K28y,https://seeded.app/ivory/canyon/1677,Incident notes meadow,True,2026-01-24 15:51:33,2026-01-27 19:08:59
1678,336,lODrXk,https://relay.cloud/silver/orbit/1678,Alert feed lagoon,True,2025-10-18 06:09:17,2026-01-01 17:04:50
1679,34,s7lD36,https://relay.cloud/keen/garden/1679,Status board window,False,2025-06-16 11:25:43,2025-10-22 06:49:51
1680,233,ltbiPm,https://seeded.app/clear/beacon/1680,Roadmap update island,True,2025-02-04 03:18:17,2025-07-08 07:17:23
1681,69,v54FHr,https://example.com/rapid/garden/1681,Demo link valley,True,2025-09-13 06:26:00,2025-12-29 04:32:25
1682,269,xtEHhz,https://seeded.app/keen/garden/1682,Demo link signal,True,2026-01-10 12:38:34,2026-02-19 11:10:26
1683,94,ziaPwy,https://hackstack.io/forest/meadow/1683,Alert feed zenith,True,2025-04-20 00:10:27,2026-02-16 13:13:15
1684,372,rgREcq,https://seeded.app/silver/zenith/1684,Launch deck engine,True,2026-01-15 15:27:05,2026-02-04 13:14:02
1685,388,3fzzt7,https://example.com/ivory/river/1685,Status board valley,True,2025-07-26 17:59:24,2026-01-13 15:38:10
1686,201,EnKRql,https://seeded.app/cobalt/trail/1686,Incident notes delta,True,2025-10-04 22:33:15,2025-12-11 21:25:06
1687,237,H7VpHi,https://example.com/brisk/kernel/1687,Roadmap update lagoon,True,2025-12-02 21:51:34,2026-01-26 08:34:56
1688,210,V6qaWH,https://seeded.app/harbor/zenith/1688,Roadmap update field,True,2025-09-19 11:11:43,2025-09-27 12:56:11
1689,46,stBSnI,https://seeded.app/clear/field/1689,Roadmap update lagoon,True,2025-08-02 14:39:31,2026-02-05 03:31:03
1690,270,L33OMA,https://acme.dev/navy/journey/1690,Alert feed harvest,True,2025-11-03 05:11:19,2025-12-22 06:41:49
1691,253,s9AtxG,https://hackstack.io/dawn/anchor/1691,Incident notes beacon,True,2026-02-06 17:42:11,2026-02-09 07:35:43
1692,293,SkQ39X,https://opswise.net/proud/beacon/1692,Demo link island,True,2026-01-16 05:05:49,2026-02-04 08:11:45
1693,226,fhh1XT,https://example.com/quiet/canyon/1693,Service guide delta,True,2025-06-09 12:26:29,2025-06-30 04:18:57
1694,350,wLwlI7,https://example.com/clear/canyon/1694,Roadmap update trail,True,2025-11-24 04:29:34,2025-12-20 18:40:28
1695,370,suzg3e,https://acme.dev/urban/lagoon/1695,Campaign page zenith,False,2026-02-03 13:53:23,2026-02-13 06:13:25
1696,388,ylui6E,https://relay.cloud/vivid/delta/1696,Campaign page meadow,True,2025-08-09 18:03:46,2025-08-30 04:41:33
1697,83,01aq7S,https://acme.dev/vivid/engine/1697,Incident notes pioneer,True,2025-12-04 15:04:28,2025-12-22 13:30:39
1698,325,NKTtL8,https://acme.dev/brisk/network/1698,Launch deck island,True,2025-11-22 01:32:43,2025-12-30 21:09:55
1699,134,Bj4OMv,https://relay.cloud/keen/meadow/1699,Roadmap update island,True,2025-10-23 12:50:50,2025-12-29 20:59:09
1700,213,PWnGpZ,https://hackstack.io/urban/network/1700,Ops review harvest,True,2026-01-31 01:27:49,2026-02-05 05:20:01
1701,163,fHBT9T,https://relay.cloud/navy/orbit/1701,Status board yard,True,2025-04-24 19:45:16,2025-05-17 17:27:44
1702,148,NBLGak,https://example.com/opal/field/1702,Roadmap update island,True,2025-03-16 05:18:35,2026-02-10 08:36:53
1703,40,j5Ecjm,https://example.com/dawn/kernel/1703,Roadmap update meadow,True,2025-05-24 15:20:02,2025-06-22 02:59:05
1704,348,MWMptc,https://acme.dev/warm/quartz/1704,Incident notes signal,True,2025-04-12 07:55:23,2025-10-04 21:13:33
1705,59,dNALhs,https://seeded.app/gold/engine/1705,Alert feed delta,True,2025-10-07 04:26:25,2026-01-16 19:02:40
1706,182,EdvXEV,https://seeded.app/navy/harvest/1706,Demo link signal,True,2025-02-26 21:27:22,2025-05-04 15:49:46
1707,67,2ZTyQs,https://relay.cloud/mellow/meadow/1707,Demo link river,True,2025-04-27 04:20:53,2025-09-03 21:07:00
1708,174,R4MfB1,https://seeded.app/navy/valley/1708,Demo link field,True,2025-01-12 18:44:23,2025-05-25 04:27:34
1709,253,Wy4iws,https://hackstack.io/dawn/journey/1709,Service guide zenith,False,2025-07-22 09:40:37,2025-09-08 16:24:51
1710,34,cJjAXc,https://opswise.net/ember/yard/1710,Incident notes harvest,True,2025-06-04 07:04:23,2025-11-16 11:52:37
1711,36,erMSTh,https://example.com/silver/engine/1711,Demo link zenith,True,2025-03-27 20:29:39,2025-10-12 13:05:50
1712,216,tOs2Vr,https://relay.cloud/warm/meadow/1712,Ops review zenith,False,2025-05-24 11:21:47,2025-12-15 02:02:51
1713,363,jynknu,https://hackstack.io/silver/signal/1713,Launch deck zenith,True,2026-01-30 05:14:26,2026-02-04 09:29:09
1714,250,Km53hd,https://acme.dev/cobalt/canyon/1714,Ops review garden,True,2025-05-31 06:54:03,2025-07-25 15:38:14
1715,118,iPowSg,https://acme.dev/tidy/zenith/1715,Campaign page quartz,True,2025-02-14 07:12:53,2025-10-24 19:03:51
1716,131,mXWDL6,https://opswise.net/forest/signal/1716,Incident notes kernel,True,2025-10-30 19:20:54,2025-11-13 13:49:01
1717,41,lpQvDG,https://example.com/amber/yard/1717,Ops review engine,True,2025-04-19 12:47:43,2025-08-04 15:51:57
1718,102,wFwLIg,https://relay.cloud/harbor/field/1718,Alert feed engine,True,2025-04-19 13:35:52,2025-08-22 18:06:26
1719,91,XCoQLd,https://example.com/amber/yard/1719,Roadmap update network,True,2025-07-23 00:47:57,2025-08-14 10:15:37
1720,100,88Wvlk,https://relay.cloud/young/zenith/1720,Alert feed zenith,True,2025-03-07 12:24:16,2025-10-22 19:07:28
1721,10,OwtnWV,https://seeded.app/lively/field/1721,Demo link valley,True,2025-04-26 05:08:24,2025-09-12 13:13:07
1722,255,kpoQ75,https://example.com/proud/valley/1722,Incident notes uplink,False,2026-02-18 19:13:48,2026-02-19 22:48:24
1723,390,fiXvEx,https://acme.dev/navy/field/1723,Service guide field,False,2025-01-16 01:12:39,2025-03-13 23:08:21
1724,112,afGofz,https://acme.dev/amber/field/1724,Incident notes trail,True,2025-10-14 15:39:08,2025-11-11 14:41:29
1725,112,RM4tyz,https://relay.cloud/calm/engine/1725,Demo link yard,True,2026-01-25 10:19:28,2026-02-16 03:22:47
1726,68,NvVvpF,https://seeded.app/vivid/yard/1726,Incident notes canyon,True,2025-04-25 08:39:36,2025-08-17 03:43:50
1727,39,ldVZ8o,https://relay.cloud/brisk/meadow/1727,Status board beacon,True,2025-02-20 23:46:08,2025-04-09 16:12:19
1728,358,90xbwV,https://hackstack.io/forest/yard/1728,Demo link delta,True,2025-11-05 11:17:58,2025-11-17 22:07:08
1729,342,ZgGhF0,https://seeded.app/silver/harvest/1729,Status board trail,False,2025-02-01 08:51:15,2025-05-03 18:42:21
1730,359,R1k603,https://seeded.app/amber/beacon/1730,Demo link window,True,2026-02-20 13:29:20,2026-02-20 22:41:32
1731,154,RQ1Gci,https://acme.dev/rapid/engine/1731,Roadmap update network,True,2025-04-18 10:20:42,2025-07-22 17:38:45
1732,99,Dfl49R,https://example.com/jade/signal/1732,Ops review window,False,2025-10-17 23:07:03,2026-02-11 23:16:55
1733,182,SPoZLH,https://seeded.app/brisk/river/1733,Alert feed journey,True,2025-01-24 05:34:49,2026-01-16 07:21:46
1734,293,ZLEwdQ,https://relay.cloud/keen/field/1734,Status board network,True,2025-05-27 06:03:27,2025-11-23 15:21:44
1735,170,ZJwetD,https://example.com/clear/trail/1735,Status board canyon,False,2025-10-19 19:15:12,2025-12-21 16:06:26
1736,136,NezKtg,https://opswise.net/forest/quartz/1736,Alert feed journey,False,2025-01-12 15:17:03,2025-10-15 13:23:38
1737,267,Tg21me,https://acme.dev/vivid/delta/1737,Roadmap update field,True,2026-01-07 15:22:20,2026-02-14 23:15:38
1738,375,KoYOjm,https://seeded.app/calm/journey/1738,Campaign page quartz,True,2025-05-18 15:43:28,2025-10-03 16:41:02
1739,174,WYbCDa,https://relay.cloud/vivid/window/1739,Launch deck journey,True,2025-09-03 21:55:38,2025-11-03 09:56:29
1740,23,8qCVtC,https://acme.dev/dawn/window/1740,Launch deck garden,True,2025-04-07 19:25:26,2025-10-04 14:08:31
1741,229,7vBJTq,https://hackstack.io/keen/garden/1741,Launch deck garden,True,2025-01-07 03:31:05,2025-03-15 10:33:10
1742,53,Ekkbju,https://example.com/young/pioneer/1742,Service guide harvest,True,2025-10-25 06:09:53,2026-01-18 13:43:48
1743,271,LXRLPE,https://acme.dev/lively/kernel/1743,Status board network,True,2025-11-27 13:56:24,2026-01-31 05:12:12
1744,393,a3eova,https://relay.cloud/jade/journey/1744,Incident notes river,True,2025-12-22 14:51:47,2026-01-10 19:16:31
1745,202,GSxq21,https://relay.cloud/lively/lagoon/1745,Quarterly brief valley,False,2025-01-04 02:20:55,2025-09-13 13:26:52
1746,223,ntDp6k,https://opswise.net/forest/trail/1746,Campaign page harvest,True,2026-01-14 18:19:23,2026-02-04 12:34:04
1747,233,s9PGUT,https://acme.dev/proud/anchor/1747,Incident notes harvest,False,2025-04-13 02:45:50,2025-11-02 02:18:19
1748,97,FAqk4t,https://relay.cloud/calm/quartz/1748,Roadmap update island,True,2025-03-04 12:58:07,2025-11-29 22:26:23
1749,257,zHAEPw,https://hackstack.io/rapid/pioneer/1749,Demo link kernel,True,2026-02-13 11:24:39,2026-02-13 23:39:52
1750,176,HeZhmS,https://example.com/navy/anchor/1750,Quarterly brief yard,True,2025-03-10 09:41:05,2025-07-10 19:44:17
1751,134,iGEKQv,https://opswise.net/clear/meadow/1751,Ops review anchor,True,2026-01-13 11:57:11,2026-02-05 20:39:12
1752,245,dIWOrc,https://acme.dev/dawn/yard/1752,Roadmap update meadow,True,2025-01-12 21:04:39,2025-07-28 21:11:36
1753,246,0DnTQ1,https://seeded.app/rapid/lagoon/1753,Service guide quartz,False,2025-05-21 05:38:57,2025-12-24 22:55:46
1754,127,JSXgA3,https://seeded.app/keen/beacon/1754,Launch deck yard,True,2025-06-04 22:40:29,2025-07-05 01:35:31
1755,387,WIFyPj,https://hackstack.io/proud/orbit/1755,Launch deck anchor,False,2025-02-17 23:32:18,2025-12-19 14:54:49
1756,396,svBfug,https://acme.dev/young/meadow/1756,Campaign page anchor,False,2025-07-01 07:01:08,2025-10-31 11:48:36
1757,20,GJWu7E,https://hackstack.io/young/garden/1757,Service guide kernel,True,2025-02-09 19:56:18,2025-05-10 12:54:11
1758,80,A3dKwY,https://hackstack.io/mellow/beacon/1758,Alert feed trail,True,2025-11-06 19:58:56,2025-12-18 13:02:33
1759,110,GUUJ8T,https://opswise.net/silver/harvest/1759,Launch deck network,False,2025-09-08 19:13:50,2026-01-06 16:16:04
1760,35,0CyNwf,https://relay.cloud/keen/meadow/1760,Incident notes anchor,False,2025-07-03 13:24:41,2026-02-18 21:02:15
1761,55,G4plLB,https://opswise.net/clear/garden/1761,Demo link network,False,2025-02-06 06:23:37,2025-05-21 16:23:41
1762,149,jl7a5L,https://hackstack.io/navy/kernel/1762,Alert feed lagoon,True,2025-08-28 21:59:40,2025-12-07 21:46:38
1763,333,Cj7jYp,https://relay.cloud/calm/anchor/1763,Demo link journey,True,2025-12-09 11:13:07,2026-01-13 09:38:04
1764,110,VxHakx,https://hackstack.io/rapid/signal/1764,Campaign page uplink,True,2025-08-15 20:18:25,2025-11-09 20:50:51
1765,210,aZMAPW,https://opswise.net/silver/river/1765,Demo link trail,True,2025-12-15 22:50:31,2026-01-09 23:23:54
1766,76,PFli5E,https://seeded.app/ember/garden/1766,Incident notes canyon,True,2025-06-01 10:59:48,2025-08-17 23:45:40
1767,126,fEjrQj,https://seeded.app/lively/pioneer/1767,Status board window,True,2026-01-18 08:07:59,2026-01-31 12:41:17
1768,293,decRlQ,https://relay.cloud/brisk/delta/1768,Incident notes canyon,True,2025-09-28 05:18:38,2026-02-12 07:50:59
1769,34,HRrlRJ,https://hackstack.io/brisk/canyon/1769,Ops review canyon,True,2025-06-24 01:14:30,2025-09-04 05:10:46
1770,304,VZXOi5,https://acme.dev/gold/river/1770,Quarterly brief harvest,True,2025-02-24 16:37:22,2025-11-24 20:31:46
1771,316,1K9z2C,https://acme.dev/cobalt/harvest/1771,Quarterly brief pioneer,True,2025-11-16 21:31:54,2025-12-06 08:25:22
1772,210,UPAYab,https://acme.dev/dawn/engine/1772,Roadmap update pioneer,True,2025-03-03 09:32:13,2025-09-12 22:19:29
1773,39,CzJqBg,https://example.com/lively/field/1773,Incident notes kernel,True,2025-02-15 16:49:47,2026-02-14 12:11:24
1774,281,DOPDxp,https://example.com/proud/uplink/1774,Demo link delta,True,2025-03-19 16:18:44,2025-08-06 23:58:05
1775,15,GOVgO4,https://hackstack.io/opal/delta/1775,Launch deck garden,True,2025-01-18 04:51:41,2025-09-16 09:37:25
1776,386,uRcdxb,https://example.com/forest/quartz/1776,Ops review zenith,True,2025-01-16 18:55:00,2025-04-24 17:40:18
1777,153,BKPgSK,https://acme.dev/jade/window/1777,Campaign page beacon,False,2025-04-18 23:32:57,2025-10-11 11:19:11
1778,370,9qZe4R,https://opswise.net/vivid/window/1778,Alert feed delta,True,2025-11-08 08:08:28,2025-11-28 20:56:25
1779,72,ZfPAlC,https://relay.cloud/proud/harvest/1779,Alert feed journey,True,2026-02-13 22:37:43,2026-02-17 07:47:37
1780,32,kobDlE,https://opswise.net/urban/harvest/1780,Campaign page quartz,False,2026-01-16 10:00:49,2026-02-09 06:56:41
1781,365,J0gptQ,https://example.com/quiet/beacon/1781,Demo link uplink,True,2025-07-07 21:00:58,2025-09-19 07:49:57
1782,226,SqCnkR,https://seeded.app/tidy/journey/1782,Alert feed network,True,2025-07-27 15:42:07,2025-09-13 20:43:22
1783,355,NdRnpY,https://relay.cloud/clear/trail/1783,Ops review delta,False,2025-10-20 13:12:30,2026-02-03 18:44:12
1784,360,WDyOMv,https://hackstack.io/lively/window/1784,Demo link river,True,2025-08-12 21:35:09,2026-01-27 05:13:50
1785,40,Eg9Ym7,https://opswise.net/opal/yard/1785,Roadmap update anchor,True,2025-11-24 21:38:58,2026-01-16 23:36:02
1786,232,OLzQRS,https://opswise.net/jade/signal/1786,Ops review valley,False,2026-02-04 22:00:21,2026-02-13 08:08:14
1787,298,nlGFSq,https://opswise.net/ember/valley/1787,Status board network,True,2025-08-03 12:24:59,2026-01-11 13:14:05
1788,62,A5RhVH,https://opswise.net/proud/uplink/1788,Roadmap update canyon,True,2025-04-22 06:02:18,2025-10-01 08:35:30
1789,70,rPauiY,https://acme.dev/calm/river/1789,Launch deck lagoon,True,2025-04-17 05:04:00,2026-01-10 11:21:01
1790,65,qVevvM,https://example.com/mellow/quartz/1790,Launch deck island,False,2025-09-27 08:45:28,2025-10-22 21:00:19
1791,270,t7fvdb,https://seeded.app/mellow/anchor/1791,Service guide uplink,True,2025-04-18 16:20:48,2025-05-18 16:08:30
1792,388,1ys4GV,https://opswise.net/navy/field/1792,Quarterly brief kernel,False,2025-02-03 15:49:31,2025-02-05 11:26:40
1793,91,ZTfwa4,https://acme.dev/gold/zenith/1793,Quarterly brief engine,True,2025-12-18 13:09:34,2025-12-20 00:09:19
1794,309,nNBfD9,https://acme.dev/ivory/window/1794,Demo link delta,True,2025-08-24 03:12:50,2025-11-14 17:03:49
1795,356,zKLAFK,https://seeded.app/forest/garden/1795,Quarterly brief island,True,2025-11-09 17:42:12,2025-12-26 01:44:35
1796,304,GN3lRF,https://acme.dev/rapid/field/1796,Quarterly brief yard,True,2025-05-30 01:45:15,2025-10-07 22:40:00
1797,208,0dp2Za,https://acme.dev/proud/pioneer/1797,Service guide window,True,2025-08-04 16:05:12,2026-01-23 21:55:10
1798,256,xLk2hM,https://relay.cloud/gold/valley/1798,Demo link pioneer,True,2025-11-12 02:05:31,2025-11-12 16:58:05
1799,115,LCeiXn,https://hackstack.io/lively/field/1799,Alert feed window,True,2025-12-09 17:00:37,2026-02-03 01:41:01
1800,316,Ad84Uj,https://acme.dev/navy/yard/1800,Roadmap update trail,True,2025-09-18 04:24:17,2025-10-02 08:20:54
1801,92,LuztFl,https://hackstack.io/mellow/journey/1801,Alert feed lagoon,True,2026-01-29 02:29:23,2026-02-09 18:52:30
1802,335,90Khbj,https://hackstack.io/forest/trail/1802,Status board beacon,True,2025-11-07 05:40:51,2025-11-11 23:12:08
1803,36,SEjcGZ,https://opswise.net/lively/pioneer/1803,Quarterly brief engine,True,2025-04-20 08:12:55,2025-10-03 22:15:42
1804,128,yt5fTo,https://opswise.net/harbor/anchor/1804,Roadmap update signal,True,2025-12-24 21:18:58,2026-02-19 19:05:38
1805,61,oSUPMZ,https://acme.dev/dawn/signal/1805,Quarterly brief uplink,True,2025-11-09 23:53:40,2025-12-02 17:14:56
1806,308,tBt7iw,https://example.com/tidy/pioneer/1806,Launch deck journey,True,2025-04-29 05:53:58,2025-10-10 22:58:13
1807,61,T7hCaW,https://hackstack.io/calm/valley/1807,Launch deck network,True,2025-05-23 06:37:55,2025-09-20 17:06:33
1808,350,xazlJx,https://opswise.net/harbor/journey/1808,Demo link pioneer,True,2025-07-24 21:18:43,2025-10-18 17:55:53
1809,135,YttUHE,https://seeded.app/ember/journey/1809,Demo link garden,False,2026-01-10 15:48:29,2026-01-18 19:18:23
1810,170,UUpMmg,https://relay.cloud/forest/journey/1810,Campaign page zenith,False,2025-12-15 19:26:42,2025-12-21 08:45:55
1811,329,2rgmdi,https://acme.dev/quiet/beacon/1811,Launch deck quartz,True,2025-12-29 20:30:09,2026-01-26 04:38:07
1812,69,cQjvVW,https://opswise.net/proud/beacon/1812,Incident notes orbit,True,2025-07-08 14:50:39,2025-11-07 14:07:27
1813,28,Q0G7S0,https://example.com/jade/yard/1813,Roadmap update garden,True,2025-02-19 05:32:45,2025-08-28 16:05:57
1814,351,efF43T,https://hackstack.io/calm/pioneer/1814,Incident notes window,False,2025-04-09 08:52:43,2025-10-26 06:35:29
1815,59,d1uNoK,https://example.com/quiet/journey/1815,Ops review engine,True,2025-06-27 03:27:42,2025-08-30 14:03:58
1816,233,F2YvU0,https://hackstack.io/harbor/yard/1816,Roadmap update anchor,True,2026-01-05 10:06:36,2026-01-16 23:15:19
1817,182,0oyQSb,https://opswise.net/vivid/garden/1817,Incident notes pioneer,False,2025-06-26 05:52:35,2025-07-18 22:37:23
1818,101,632yzk,https://example.com/jade/window/1818,Launch deck beacon,True,2025-10-08 04:07:52,2025-12-04 19:50:00
1819,304,Jh8QCW,https://hackstack.io/navy/signal/1819,Service guide zenith,False,2025-01-11 03:10:34,2025-11-16 00:53:08
1820,385,85Q9Y9,https://acme.dev/navy/lagoon/1820,Status board quartz,True,2026-01-03 07:13:23,2026-02-15 18:46:18
1821,359,T8lKL7,https://relay.cloud/cobalt/garden/1821,Quarterly brief signal,True,2025-09-29 03:10:57,2025-10-21 13:27:29
1822,56,bnQq95,https://seeded.app/harbor/quartz/1822,Roadmap update journey,False,2025-03-08 07:50:33,2025-09-14 11:53:35
1823,317,brWzu7,https://seeded.app/gold/pioneer/1823,Status board uplink,True,2026-02-12 09:25:14,2026-02-16 15:10:12
1824,74,xrqh26,https://opswise.net/rapid/engine/1824,Launch deck engine,True,2026-02-01 16:49:44,2026-02-01 18:55:34
1825,173,7pvCPB,https://acme.dev/proud/window/1825,Ops review meadow,True,2025-04-30 02:40:51,2025-05-31 15:10:54
1826,155,pQ4U7X,https://seeded.app/quiet/engine/1826,Launch deck journey,False,2025-08-30 02:37:34,2025-09-10 07:10:49
1827,320,BYxOhq,https://acme.dev/tidy/delta/1827,Status board uplink,True,2025-09-18 13:52:25,2025-11-26 19:32:48
1828,56,zSs3SJ,https://hackstack.io/ivory/beacon/1828,Campaign page uplink,True,2025-03-21 04:11:36,2025-12-14 08:30:57
1829,145,WkIyIm,https://relay.cloud/warm/pioneer/1829,Launch deck network,False,2025-01-15 17:54:53,2025-06-24 11:08:33
1830,287,TEb6C2,https://hackstack.io/brisk/lagoon/1830,Launch deck island,True,2025-03-14 09:36:30,2025-12-12 19:35:18
1831,195,daQ9jq,https://opswise.net/warm/uplink/1831,Incident notes field,True,2025-01-05 18:06:29,2025-05-03 23:43:10
1832,97,qmAjT9,https://acme.dev/vivid/network/1832,Quarterly brief canyon,True,2025-02-18 23:25:57,2025-03-09 16:22:39
1833,156,HkBMjj,https://seeded.app/proud/yard/1833,Ops review meadow,True,2025-06-22 04:59:37,2025-10-11 00:17:14
1834,61,RGyXgh,https://seeded.app/quiet/canyon/1834,Service guide yard,False,2025-03-20 10:14:52,2025-07-15 12:06:16
1835,304,0zjC2u,https://example.com/ember/quartz/1835,Launch deck garden,True,2025-10-17 10:34:15,2025-11-07 16:01:05
1836,163,pRgMYZ,https://seeded.app/tidy/trail/1836,Roadmap update meadow,True,2025-06-28 18:56:28,2025-08-26 12:11:05
1837,161,7PRhW1,https://seeded.app/warm/delta/1837,Service guide trail,True,2025-09-15 03:04:10,2026-01-13 06:32:43
1838,218,iVSsLg,https://example.com/jade/engine/1838,Ops review journey,False,2025-11-01 23:08:03,2025-11-23 11:53:58
1839,199,XSanrO,https://hackstack.io/opal/quartz/1839,Alert feed valley,True,2025-04-22 00:27:00,2025-06-12 10:00:44
1840,66,aD3B2f,https://relay.cloud/dawn/meadow/1840,Campaign page pioneer,True,2025-04-19 16:20:36,2025-10-10 21:03:42
1841,77,WPfJp5,https://seeded.app/opal/window/1841,Incident notes meadow,False,2025-06-22 22:24:41,2025-07-12 22:29:52
1842,13,P1xaLf,https://acme.dev/rapid/network/1842,Ops review zenith,True,2025-08-09 14:56:38,2026-02-04 03:54:15
1843,374,7ubayq,https://opswise.net/harbor/lagoon/1843,Demo link harvest,False,2025-07-02 14:10:22,2025-09-17 05:41:35
1844,33,RfOA5e,https://opswise.net/amber/network/1844,Demo link zenith,False,2025-10-03 22:12:01,2025-10-20 03:38:38
1845,210,HnY0Bh,https://relay.cloud/gold/network/1845,Status board anchor,True,2025-11-15 02:49:46,2026-02-17 03:59:05
1846,387,nJyFL2,https://hackstack.io/warm/pioneer/1846,Launch deck orbit,True,2026-01-22 16:02:31,2026-02-14 17:10:17
1847,272,uutVNJ,https://opswise.net/brisk/pioneer/1847,Quarterly brief field,True,2025-09-18 08:56:31,2025-12-07 21:37:01
1848,309,s2GMl8,https://example.com/warm/orbit/1848,Incident notes island,False,2026-02-02 12:04:20,2026-02-12 04:08:45
1849,234,dC0lCA,https://example.com/harbor/valley/1849,Alert feed canyon,False,2025-03-12 23:14:32,2025-04-16 13:53:14
1850,61,J68JGi,https://seeded.app/dawn/orbit/1850,Ops review lagoon,True,2025-10-29 14:55:32,2025-12-05 10:56:57
1851,324,evNegA,https://acme.dev/gold/beacon/1851,Status board orbit,False,2025-07-03 21:37:29,2025-08-30 01:44:58
1852,141,RzUUAh,https://acme.dev/urban/kernel/1852,Campaign page signal,False,2025-06-01 01:04:46,2025-10-11 04:46:07
1853,177,qpvOFr,https://acme.dev/keen/beacon/1853,Campaign page beacon,True,2025-03-04 15:52:59,2025-12-17 02:54:45
1854,210,EuPzQK,https://hackstack.io/keen/engine/1854,Alert feed network,False,2025-01-28 03:22:27,2026-02-07 08:11:39
1855,200,QW254A,https://seeded.app/dawn/anchor/1855,Launch deck engine,True,2025-04-01 12:24:24,2026-01-16 21:56:53
1856,342,grQcAk,https://opswise.net/urban/quartz/1856,Incident notes valley,False,2025-01-11 22:08:09,2025-12-18 01:08:02
1857,258,hgQkko,https://seeded.app/young/meadow/1857,Quarterly brief valley,True,2025-08-20 18:39:02,2025-10-15 08:04:26
1858,123,g9r052,https://acme.dev/rapid/harvest/1858,Status board anchor,True,2025-03-02 15:07:31,2025-03-03 12:50:34
1859,180,r81d4C,https://seeded.app/rapid/canyon/1859,Status board journey,False,2025-08-29 16:53:52,2025-12-20 10:00:07
1860,384,gKt2As,https://acme.dev/silver/pioneer/1860,Campaign page kernel,True,2026-02-01 17:17:36,2026-02-19 02:39:42
1861,207,lUa7P4,https://example.com/clear/engine/1861,Incident notes island,True,2025-06-30 23:33:43,2025-08-16 05:29:48
1862,171,Rlb8qu,https://relay.cloud/silver/lagoon/1862,Launch deck uplink,False,2025-01-24 17:04:14,2025-12-17 13:59:43
1863,107,eMMX6f,https://acme.dev/jade/uplink/1863,Demo link orbit,False,2026-01-05 04:02:25,2026-01-27 06:52:21
1864,325,jYqL56,https://hackstack.io/mellow/kernel/1864,Service guide river,True,2025-06-16 11:15:05,2025-08-23 09:33:23
1865,262,YMzEmz,https://relay.cloud/keen/garden/1865,Demo link island,True,2025-01-08 05:54:47,2025-04-28 21:58:54
1866,218,XWk33s,https://opswise.net/mellow/yard/1866,Launch deck beacon,True,2025-07-14 13:02:56,2026-02-16 22:59:35
1867,226,qQfvok,https://example.com/navy/field/1867,Demo link window,True,2025-08-23 03:39:30,2025-12-04 02:50:07
1868,64,EeD7yg,https://example.com/jade/trail/1868,Ops review pioneer,True,2026-01-20 05:08:37,2026-01-28 02:56:19
1869,221,evKuf4,https://opswise.net/jade/harvest/1869,Service guide anchor,True,2025-07-07 18:02:37,2025-09-24 10:06:16
1870,126,SwjNId,https://seeded.app/quiet/kernel/1870,Alert feed trail,True,2025-09-15 02:25:11,2025-12-08 12:13:18
1871,400,eT328f,https://opswise.net/keen/yard/1871,Demo link pioneer,True,2025-01-17 04:37:37,2025-10-03 00:01:09
1872,323,a0WTYz,https://relay.cloud/opal/trail/1872,Ops review window,True,2025-08-06 08:40:45,2025-09-18 09:59:16
1873,194,1hHmrk,https://relay.cloud/urban/trail/1873,Status board network,True,2025-03-13 02:45:22,2026-02-20 09:07:41
1874,352,5PPdLc,https://acme.dev/jade/island/1874,Alert feed journey,True,2026-01-13 14:33:18,2026-02-07 15:43:07
1875,223,UbUZr9,https://opswise.net/harbor/network/1875,Incident notes uplink,True,2025-05-05 13:47:33,2025-09-09 22:13:59
1876,198,rxHcGW,https://hackstack.io/lively/zenith/1876,Alert feed valley,True,2025-09-13 15:06:29,2025-12-31 02:48:02
1877,348,Lyp7X6,https://relay.cloud/dawn/journey/1877,Ops review orbit,True,2026-01-01 04:49:19,2026-01-23 22:35:26
1878,100,fVy11R,https://opswise.net/proud/lagoon/1878,Roadmap update pioneer,True,2025-10-30 16:16:47,2026-01-26 02:23:01
1879,134,TYczer,https://acme.dev/clear/window/1879,Roadmap update lagoon,True,2025-05-13 03:09:56,2025-09-04 06:53:14
1880,140,w0oY2X,https://opswise.net/gold/kernel/1880,Incident notes beacon,False,2025-08-06 01:45:35,2025-12-28 22:21:27
1881,213,wq3azO,https://hackstack.io/warm/network/1881,Ops review uplink,True,2025-02-04 01:21:53,2025-03-13 17:04:43
1882,302,VrNKgT,https://example.com/vivid/kernel/1882,Launch deck field,True,2025-09-29 22:02:59,2025-11-10 03:41:26
1883,210,9WKxLm,https://example.com/lively/delta/1883,Campaign page zenith,False,2025-07-11 18:51:19,2025-11-06 03:38:49
1884,392,s4IAA0,https://relay.cloud/ivory/quartz/1884,Incident notes window,True,2025-08-16 19:26:13,2025-12-11 10:22:27
1885,102,N2hJMN,https://opswise.net/cobalt/engine/1885,Service guide uplink,True,2025-07-01 22:36:39,2026-02-01 04:08:14
1886,291,PRmqnT,https://acme.dev/jade/network/1886,Launch deck delta,True,2025-05-08 21:13:06,2025-11-23 06:00:06
1887,159,bV5HcL,https://acme.dev/opal/meadow/1887,Ops review river,True,2025-05-01 19:22:28,2025-07-24 17:20:36
1888,88,DpgtTA,https://hackstack.io/dawn/harvest/1888,Campaign page window,False,2025-11-03 14:25:43,2025-12-07 03:59:41
1889,71,Jj1Ifc,https://relay.cloud/quiet/pioneer/1889,Quarterly brief uplink,True,2025-03-20 05:07:56,2025-07-18 23:18:00
1890,280,fJc5Ec,https://acme.dev/ivory/lagoon/1890,Campaign page anchor,True,2026-02-20 20:31:12,2026-02-20 21:59:39
1891,336,CHWI6B,https://opswise.net/gold/window/1891,Demo link quartz,True,2025-12-05 01:40:12,2026-01-31 05:40:58
1892,354,jRKusD,https://hackstack.io/quiet/delta/1892,Status board island,False,2025-06-04 04:37:22,2025-12-15 23:12:30
1893,2,TroGqD,https://example.com/mellow/beacon/1893,Roadmap update uplink,True,2025-02-08 01:54:04,2025-03-28 20:12:06
1894,138,J7GMOM,https://hackstack.io/calm/yard/1894,Ops review beacon,False,2026-01-27 00:31:09,2026-01-29 22:15:10
1895,131,qGufOW,https://opswise.net/ivory/orbit/1895,Launch deck engine,True,2025-09-24 05:50:52,2026-01-22 10:50:03
1896,243,hvxt0C,https://seeded.app/navy/journey/1896,Launch deck field,False,2025-10-07 22:13:52,2025-10-11 08:35:25
1897,59,RNx6vT,https://opswise.net/young/quartz/1897,Alert feed kernel,True,2025-06-27 00:44:59,2025-11-11 23:23:35
1898,318,1VRj0A,https://opswise.net/harbor/orbit/1898,Launch deck harvest,True,2025-08-24 11:52:07,2025-10-22 20:01:56
1899,12,fjkXA9,https://seeded.app/dawn/kernel/1899,Alert feed trail,False,2025-02-26 18:20:11,2025-03-02 06:55:40
1900,118,XZj8Uw,https://example.com/ivory/island/1900,Service guide engine,True,2025-01-21 10:59:16,2025-03-05 18:51:35
1901,80,H3KiOi,https://seeded.app/keen/island/1901,Quarterly brief quartz,False,2025-10-09 00:51:14,2025-11-01 14:02:03
1902,7,AsyW1P,https://example.com/keen/window/1902,Demo link harvest,True,2025-08-27 00:09:13,2025-09-24 15:24:05
1903,244,9WTq62,https://relay.cloud/tidy/island/1903,Status board delta,True,2025-04-16 02:18:13,2025-05-24 11:49:12
1904,297,Dayoxm,https://example.com/ivory/anchor/1904,Demo link valley,True,2026-01-04 11:37:56,2026-02-09 11:16:52
1905,343,M9Wstn,https://example.com/urban/zenith/1905,Quarterly brief meadow,True,2025-03-12 08:56:08,2025-04-20 05:01:41
1906,69,FGfHSR,https://seeded.app/young/kernel/1906,Launch deck pioneer,True,2025-06-11 11:25:49,2025-07-18 13:17:39
1907,363,91vHyD,https://hackstack.io/silver/harvest/1907,Status board signal,True,2025-02-03 11:52:05,2025-05-17 06:47:59
1908,61,5ebhnl,https://hackstack.io/gold/garden/1908,Status board quartz,False,2025-04-19 18:39:04,2026-01-03 03:04:45
1909,259,Y9vMLV,https://example.com/jade/pioneer/1909,Service guide beacon,True,2025-06-22 03:55:59,2026-01-02 03:21:31
1910,70,hUW4Qt,https://example.com/quiet/uplink/1910,Service guide orbit,True,2025-04-15 08:36:22,2025-04-16 02:53:46
1911,238,e7Yrol,https://acme.dev/urban/beacon/1911,Demo link pioneer,True,2025-11-21 03:11:35,2026-01-23 23:55:37
1912,343,HGNXJZ,https://acme.dev/gold/uplink/1912,Campaign page signal,True,2025-01-20 02:55:46,2025-08-15 15:42:10
1913,25,aMPbBB,https://acme.dev/amber/signal/1913,Demo link engine,True,2025-04-13 03:23:49,2025-09-27 09:59:43
1914,108,QbjB18,https://acme.dev/ember/garden/1914,Launch deck meadow,True,2025-10-29 00:00:32,2025-11-03 05:29:14
1915,91,m4oyuS,https://example.com/gold/harvest/1915,Incident notes quartz,True,2025-10-22 03:23:55,2026-01-05 05:07:52
1916,210,0fzHPD,https://acme.dev/calm/harvest/1916,Alert feed zenith,False,2025-07-27 08:04:29,2026-01-27 22:48:45
1917,352,5km9N9,https://acme.dev/quiet/window/1917,Alert feed delta,True,2026-02-11 22:55:32,2026-02-18 08:58:55
1918,140,8XxJUG,https://opswise.net/lively/window/1918,Ops review kernel,True,2026-01-14 22:51:24,2026-02-18 13:00:47
1919,393,mKd8W9,https://opswise.net/clear/signal/1919,Service guide signal,True,2025-05-18 23:21:15,2025-10-24 13:13:26
1920,388,fvpLjI,https://hackstack.io/rapid/network/1920,Ops review field,True,2025-10-10 00:36:57,2026-01-03 02:02:10
1921,32,LpMupP,https://relay.cloud/urban/lagoon/1921,Alert feed journey,True,2025-09-04 00:28:44,2025-11-13 13:08:08
1922,276,nFiXwU,https://acme.dev/ivory/orbit/1922,Ops review engine,True,2025-12-05 11:53:15,2026-01-16 05:36:21
1923,257,Rd8XX0,https://opswise.net/quiet/signal/1923,Demo link journey,False,2025-02-19 04:05:36,2025-09-12 09:32:33
1924,7,wsE2If,https://hackstack.io/lively/zenith/1924,Status board delta,True,2026-01-07 21:19:27,2026-01-23 10:48:38
1925,59,ULyHai,https://seeded.app/dawn/harvest/1925,Service guide beacon,True,2025-09-05 20:38:24,2025-12-25 04:35:33
1926,1,9yGBVc,https://hackstack.io/calm/canyon/1926,Quarterly brief zenith,True,2025-10-20 22:54:54,2026-02-11 20:46:00
1927,77,1KxGIh,https://example.com/ivory/yard/1927,Launch deck meadow,True,2025-06-06 11:06:11,2025-10-03 20:32:54
1928,223,plbUmL,https://acme.dev/navy/delta/1928,Incident notes beacon,False,2025-11-02 05:17:55,2026-01-28 19:26:35
1929,342,cNIsAe,https://example.com/calm/quartz/1929,Incident notes field,True,2025-08-30 20:37:36,2025-11-01 06:14:02
1930,132,ahJrAB,https://relay.cloud/quiet/signal/1930,Service guide pioneer,True,2026-02-04 19:00:11,2026-02-12 16:49:59
1931,52,1Y1ocS,https://seeded.app/harbor/harvest/1931,Alert feed uplink,False,2026-02-04 07:49:44,2026-02-12 02:29:32
1932,333,AR6XiZ,https://hackstack.io/warm/garden/1932,Service guide orbit,True,2025-07-23 05:56:57,2025-12-01 00:06:58
1933,217,VQT0ye,https://opswise.net/quiet/pioneer/1933,Incident notes trail,True,2025-06-21 01:23:57,2025-08-11 00:00:23
1934,215,DPq1LV,https://opswise.net/warm/window/1934,Status board journey,True,2026-02-16 00:15:12,2026-02-18 01:07:55
1935,388,olZg5S,https://seeded.app/harbor/island/1935,Demo link delta,True,2025-12-22 01:03:46,2026-01-01 05:01:30
1936,244,kOr22I,https://hackstack.io/forest/pioneer/1936,Status board lagoon,True,2025-02-13 08:28:19,2025-10-30 04:06:11
1937,308,YX4dG6,https://seeded.app/quiet/beacon/1937,Status board delta,False,2025-07-11 11:33:04,2025-10-14 09:36:33
1938,181,GrYCDH,https://acme.dev/forest/meadow/1938,Roadmap update kernel,True,2025-03-18 01:11:48,2025-07-31 21:51:47
1939,296,txLIaP,https://seeded.app/navy/network/1939,Roadmap update garden,True,2025-07-31 12:06:49,2025-09-17 08:52:48
1940,23,TQCP72,https://acme.dev/amber/quartz/1940,Campaign page beacon,True,2025-09-13 18:41:50,2025-11-03 17:47:50
1941,330,MvjiSM,https://hackstack.io/ivory/orbit/1941,Roadmap update orbit,True,2025-09-14 10:12:55,2025-12-08 19:31:24
1942,291,poIOdF,https://hackstack.io/calm/signal/1942,Quarterly brief quartz,True,2025-10-20 21:24:59,2026-01-23 23:47:35
1943,331,HQoj6W,https://relay.cloud/vivid/yard/1943,Service guide kernel,True,2025-02-11 18:12:45,2025-12-23 04:17:37
1944,127,ov4X3U,https://hackstack.io/ember/field/1944,Launch deck signal,True,2025-08-12 17:42:50,2026-02-10 22:54:07
1945,332,cWBcBu,https://example.com/vivid/engine/1945,Service guide delta,True,2025-03-08 14:08:47,2026-01-02 17:48:27
1946,86,MM8JaK,https://relay.cloud/rapid/kernel/1946,Launch deck kernel,True,2025-07-23 04:24:03,2026-01-31 10:13:20
1947,176,jLI5ub,https://hackstack.io/clear/harvest/1947,Roadmap update valley,True,2025-11-21 03:06:55,2026-01-24 14:38:30
1948,400,hCN8wF,https://relay.cloud/tidy/network/1948,Roadmap update zenith,True,2025-01-22 00:44:37,2025-04-25 09:58:48
1949,73,fx7OCn,https://example.com/quiet/harvest/1949,Incident notes harvest,True,2026-02-05 23:35:58,2026-02-19 08:54:36
1950,371,wiA1CY,https://acme.dev/proud/yard/1950,Ops review harvest,False,2026-02-20 07:41:35,2026-02-20 11:28:11
1951,313,X5s04N,https://example.com/ivory/uplink/1951,Ops review kernel,True,2025-08-18 22:59:07,2026-01-03 04:32:42
1952,74,EAqrqd,https://example.com/cobalt/island/1952,Service guide beacon,False,2025-04-26 03:49:02,2025-11-02 08:44:27
1953,315,tFftZN,https://example.com/warm/yard/1953,Alert feed window,True,2025-07-16 17:48:58,2025-12-24 06:06:38
1954,294,6DBXem,https://acme.dev/rapid/orbit/1954,Launch deck river,True,2025-12-05 18:43:19,2025-12-31 23:28:00
1955,92,ELJYGg,https://relay.cloud/warm/orbit/1955,Launch deck kernel,True,2025-02-26 08:17:13,2025-07-31 05:37:25
1956,211,0bsQmW,https://acme.dev/dawn/journey/1956,Ops review uplink,True,2025-07-30 07:09:55,2026-01-02 17:35:32
1957,115,cMZKLt,https://acme.dev/navy/network/1957,Quarterly brief river,True,2025-09-25 06:06:47,2025-10-22 09:45:16
1958,304,dcMYHD,https://opswise.net/ivory/trail/1958,Roadmap update canyon,True,2025-02-06 22:59:16,2025-10-28 11:36:38
1959,352,EojanR,https://acme.dev/opal/valley/1959,Launch deck valley,True,2026-01-25 15:29:13,2026-02-01 00:16:16
1960,120,wSpxM1,https://hackstack.io/brisk/uplink/1960,Demo link orbit,True,2026-01-22 11:52:45,2026-02-07 19:48:55
1961,111,pL4a8M,https://seeded.app/harbor/yard/1961,Campaign page anchor,True,2025-01-28 08:57:48,2026-01-10 08:29:50
1962,273,ZRVNVA,https://example.com/opal/uplink/1962,Service guide island,True,2025-06-25 19:02:19,2025-11-24 23:49:12
1963,100,dgiRR7,https://hackstack.io/cobalt/engine/1963,Campaign page pioneer,True,2025-08-26 06:20:11,2025-10-06 09:50:25
1964,327,JvVgZ4,https://example.com/urban/quartz/1964,Demo link valley,True,2025-06-25 07:40:42,2025-09-19 11:53:13
1965,205,s04fCA,https://seeded.app/mellow/field/1965,Roadmap update valley,False,2025-10-28 22:47:16,2026-01-15 11:40:37
1966,132,2iPL6z,https://opswise.net/rapid/uplink/1966,Quarterly brief yard,True,2025-07-03 01:35:46,2025-08-17 12:46:38
1967,151,1Pj6E0,https://opswise.net/opal/signal/1967,Quarterly brief pioneer,True,2025-11-04 13:05:21,2026-01-15 23:54:41
1968,182,O91Q4J,https://relay.cloud/gold/journey/1968,Launch deck harvest,True,2025-09-07 05:12:58,2026-01-02 19:34:52
1969,257,QcAEpW,https://acme.dev/young/meadow/1969,Service guide meadow,True,2025-03-25 15:27:13,2025-12-20 05:59:59
1970,208,hnmgcM,https://hackstack.io/silver/field/1970,Quarterly brief anchor,False,2025-08-14 16:26:47,2025-08-22 03:10:24
1971,32,Zo9dlz,https://relay.cloud/quiet/window/1971,Roadmap update harvest,True,2025-03-18 03:46:18,2026-01-05 18:57:50
1972,37,jp1LTI,https://example.com/amber/lagoon/1972,Roadmap update engine,True,2025-02-19 18:15:29,2025-04-07 19:50:20
1973,21,LiFARi,https://opswise.net/lively/island/1973,Ops review window,False,2025-09-11 19:38:38,2025-12-17 10:32:33
1974,39,LQqCqM,https://example.com/quiet/network/1974,Launch deck valley,True,2025-09-03 16:02:45,2025-12-15 01:52:49
1975,47,cvjINT,https://seeded.app/ember/engine/1975,Demo link engine,True,2025-06-17 02:01:02,2025-10-04 22:00:41
1976,14,LUwcPx,https://hackstack.io/ember/pioneer/1976,Incident notes anchor,True,2026-01-03 06:27:17,2026-01-31 12:20:35
1977,342,HvvSI1,https://relay.cloud/vivid/network/1977,Launch deck yard,True,2025-01-15 16:42:12,2026-01-15 18:43:22
1978,134,TMtFVY,https://seeded.app/young/uplink/1978,Roadmap update signal,True,2025-07-04 03:22:15,2025-10-26 02:58:09
1979,279,yAZNbK,https://example.com/cobalt/island/1979,Roadmap update delta,True,2025-06-06 05:01:49,2025-07-22 00:43:23
1980,137,aQY4g7,https://seeded.app/calm/uplink/1980,Quarterly brief orbit,True,2025-09-06 05:47:36,2025-09-24 17:21:19
1981,256,ncaBfq,https://example.com/opal/yard/1981,Alert feed signal,False,2025-09-23 02:53:31,2025-11-13 04:15:02
1982,121,pOteo8,https://seeded.app/harbor/pioneer/1982,Status board zenith,False,2025-01-25 04:38:17,2025-08-06 12:08:32
1983,9,pUtiuQ,https://opswise.net/cobalt/beacon/1983,Demo link quartz,True,2026-01-22 12:47:14,2026-02-02 01:27:46
1984,338,Mcsj2Q,https://opswise.net/ivory/canyon/1984,Status board window,True,2025-11-30 08:21:12,2025-12-30 08:06:15
1985,70,MyxKPE,https://opswise.net/rapid/yard/1985,Service guide trail,True,2025-06-21 22:30:11,2026-01-28 14:57:30
1986,161,1VX6v1,https://seeded.app/cobalt/anchor/1986,Launch deck anchor,True,2025-06-30 00:28:54,2026-01-24 09:50:28
1987,358,UUDnT9,https://acme.dev/amber/beacon/1987,Demo link yard,True,2025-09-03 14:30:55,2026-01-28 11:47:49
1988,343,TDnoNg,https://opswise.net/brisk/meadow/1988,Status board network,True,2025-09-23 23:09:08,2025-10-05 12:05:36
1989,110,wcepgj,https://example.com/proud/garden/1989,Alert feed window,True,2025-07-12 11:44:55,2025-08-26 04:39:20
1990,245,5mcR4E,https://opswise.net/keen/signal/1990,Campaign page journey,True,2025-11-18 09:01:57,2026-02-06 09:08:19
1991,168,tPuRm5,https://relay.cloud/tidy/delta/1991,Roadmap update window,True,2025-03-03 04:20:44,2025-09-01 08:29:25
1992,136,Mw6MFP,https://hackstack.io/warm/pioneer/1992,Launch deck delta,True,2025-05-24 08:13:06,2025-07-23 06:14:03
1993,394,4IwLuz,https://relay.cloud/tidy/field/1993,Campaign page uplink,True,2025-06-02 10:41:31,2025-06-29 13:18:01
1994,361,iZXAi0,https://acme.dev/cobalt/yard/1994,Roadmap update journey,True,2025-10-07 21:21:11,2026-02-15 21:57:22
1995,254,gf1R4S,https://example.com/urban/beacon/1995,Ops review lagoon,True,2025-01-25 17:39:38,2025-09-02 00:21:46
1996,169,t79dQs,https://opswise.net/dawn/pioneer/1996,Ops review canyon,True,2025-03-25 11:49:11,2025-05-12 10:06:37
1997,247,fyXmvC,https://hackstack.io/rapid/lagoon/1997,Service guide uplink,True,2025-10-28 21:58:00,2026-02-10 16:56:59
1998,278,rX3yFf,https://acme.dev/keen/signal/1998,Alert feed journey,True,2025-11-13 18:50:27,2025-11-15 07:06:12
1999,143,YOlzIO,https://acme.dev/calm/canyon/1999,Demo link yard,True,2025-12-19 00:43:31,2026-01-12 08:37:34
2000,212,L2Ncu1,https://example.com/cobalt/anchor/2000,Campaign page yard,False,2026-01-05 12:21:30,2026-01-20 18:27:55
